source_row_key,population_group,geography_level,region_name,province_huc_code,province_huc_name,place_type,food_group_code,source_variable,food_name,rank,percent_consuming,mean_intake_g,sample_size,weighted_population,relative_to_national,survey_years
NATIONAL:PH::RICE_PRODUCTS,All surveyed individuals,NATIONAL,,,,NATIONAL,RICE_PRODUCTS,epwt_fg2,Rice and Products,1,95.687508,219.380409,234293,1693792539.242,1,2018|2019|2021
NATIONAL:PH::FISH_PRODUCTS,All surveyed individuals,NATIONAL,,,,NATIONAL,FISH_PRODUCTS,epwt_fg15,Fish and Fish Products,2,62.047414,43.53871,234293,1693792539.242,1,2018|2019|2021
NATIONAL:PH::OTHER_CEREAL_PRODUCTS,All surveyed individuals,NATIONAL,,,,NATIONAL,OTHER_CEREAL_PRODUCTS,epwt_fg4,Other Cereal Products,3,60.87147,44.426409,234293,1693792539.242,1,2018|2019|2021
NATIONAL:PH::BEVERAGES,All surveyed individuals,NATIONAL,,,,NATIONAL,BEVERAGES,epwt_fg25,Beverages,4,51.315297,25.763638,234293,1693792539.242,1,2018|2019|2021
NATIONAL:PH::OTHER_VEGETABLES,All surveyed individuals,NATIONAL,,,,NATIONAL,OTHER_VEGETABLES,epwt_fg10,Other Vegetables,5,44.226839,28.306461,234293,1693792539.242,1,2018|2019|2021
NATIONAL:PH::MEAT_PRODUCTS,All surveyed individuals,NATIONAL,,,,NATIONAL,MEAT_PRODUCTS,epwt_fg16,Meat and Meat Products,6,39.898098,40.060023,234293,1693792539.242,1,2018|2019|2021
NATIONAL:PH::SUGAR_SYRUPS,All surveyed individuals,NATIONAL,,,,NATIONAL,SUGAR_SYRUPS,epwt_fg6,Sugar and Syrups,7,39.313254,35.341852,234293,1693792539.242,1,2018|2019|2021
NATIONAL:PH::FATS_OILS,All surveyed individuals,NATIONAL,,,,NATIONAL,FATS_OILS,epwt_fg23,Fats and Oils,8,64.992943,5.384616,234293,1693792539.242,1,2018|2019|2021
NATIONAL:PH::GREEN_LEAFY_YELLOW_VEGETABLES,All surveyed individuals,NATIONAL,,,,NATIONAL,GREEN_LEAFY_YELLOW_VEGETABLES,epwt_fg9,Green Leafy and Yellow Vegetables,9,41.862607,14.521205,234293,1693792539.242,1,2018|2019|2021
NATIONAL:PH::EGGS,All surveyed individuals,NATIONAL,,,,NATIONAL,EGGS,epwt_fg18,Eggs,10,30.774407,13.535578,234293,1693792539.242,1,2018|2019|2021
NATIONAL:PH::POULTRY,All surveyed individuals,NATIONAL,,,,NATIONAL,POULTRY,epwt_fg17,Poultry,11,23.841463,20.163703,234293,1693792539.242,1,2018|2019|2021
NATIONAL:PH::WHOLE_MILK,All surveyed individuals,NATIONAL,,,,NATIONAL,WHOLE_MILK,epwt_fg20,Whole Milk,12,19.076232,9.601421,234293,1693792539.242,1,2018|2019|2021
NATIONAL:PH::DRIED_BEANS,All surveyed individuals,NATIONAL,,,,NATIONAL,DRIED_BEANS,epwt_fg7,Dried Beans,13,23.840111,5.310212,234293,1693792539.242,1,2018|2019|2021
NATIONAL:PH::OTHER_FRUITS,All surveyed individuals,NATIONAL,,,,NATIONAL,OTHER_FRUITS,epwt_fg13,Other Fruits,14,12.459912,14.398074,234293,1693792539.242,1,2018|2019|2021
NATIONAL:PH::CONDIMENTS_SPICES,All surveyed individuals,NATIONAL,,,,NATIONAL,CONDIMENTS_SPICES,epwt_fg26,Condiments and Spices,15,19.578798,1.748302,234293,1693792539.242,1,2018|2019|2021
NATIONAL:PH::STARCHY_ROOTS_TUBERS,All surveyed individuals,NATIONAL,,,,NATIONAL,STARCHY_ROOTS_TUBERS,epwt_fg5,Starchy Roots and Tubers,16,10.231312,5.917241,234293,1693792539.242,1,2018|2019|2021
NATIONAL:PH::CORN_PRODUCTS,All surveyed individuals,NATIONAL,,,,NATIONAL,CORN_PRODUCTS,epwt_fg3,Corn and Products,17,7.187248,7.843623,234293,1693792539.242,1,2018|2019|2021
NATIONAL:PH::OTHER_MISCELLANEOUS,All surveyed individuals,NATIONAL,,,,NATIONAL,OTHER_MISCELLANEOUS,epwt_fg27,Other Miscellaneous,18,6.708356,2.040745,234293,1693792539.242,1,2018|2019|2021
NATIONAL:PH::MILK_PRODUCTS,All surveyed individuals,NATIONAL,,,,NATIONAL,MILK_PRODUCTS,epwt_fg21,Milk Products,19,4.03756,2.359569,234293,1693792539.242,1,2018|2019|2021
NATIONAL:PH::VITAMIN_C_RICH_FRUITS,All surveyed individuals,NATIONAL,,,,NATIONAL,VITAMIN_C_RICH_FRUITS,epwt_fg12,Vitamin C-Rich Fruits,20,3.367364,2.555654,234293,1693792539.242,1,2018|2019|2021
PROVINCE_HUC:Bangsamoro Autonomous Region in Muslim Mindanao:Basilan:RICE_PRODUCTS,All surveyed individuals,PROVINCE_HUC,Bangsamoro Autonomous Region in Muslim Mindanao,107,Basilan,PROVINCE_OR_HUC,RICE_PRODUCTS,epwt_fg2,Rice and Products,1,99.149419,236.698617,2817,284817.348,1.078941,2019
PROVINCE_HUC:Bangsamoro Autonomous Region in Muslim Mindanao:Basilan:FISH_PRODUCTS,All surveyed individuals,PROVINCE_HUC,Bangsamoro Autonomous Region in Muslim Mindanao,107,Basilan,PROVINCE_OR_HUC,FISH_PRODUCTS,epwt_fg15,Fish and Fish Products,2,75.753596,57.823218,2817,284817.348,1.328088,2019
PROVINCE_HUC:Bangsamoro Autonomous Region in Muslim Mindanao:Basilan:BEVERAGES,All surveyed individuals,PROVINCE_HUC,Bangsamoro Autonomous Region in Muslim Mindanao,107,Basilan,PROVINCE_OR_HUC,BEVERAGES,epwt_fg25,Beverages,3,60.763817,15.813617,2817,284817.348,0.613796,2019
PROVINCE_HUC:Bangsamoro Autonomous Region in Muslim Mindanao:Basilan:OTHER_CEREAL_PRODUCTS,All surveyed individuals,PROVINCE_HUC,Bangsamoro Autonomous Region in Muslim Mindanao,107,Basilan,PROVINCE_OR_HUC,OTHER_CEREAL_PRODUCTS,epwt_fg4,Other Cereal Products,4,46.975981,26.080651,2817,284817.348,0.587053,2019
PROVINCE_HUC:Bangsamoro Autonomous Region in Muslim Mindanao:Basilan:SUGAR_SYRUPS,All surveyed individuals,PROVINCE_HUC,Bangsamoro Autonomous Region in Muslim Mindanao,107,Basilan,PROVINCE_OR_HUC,SUGAR_SYRUPS,epwt_fg6,Sugar and Syrups,5,51.868734,17.776613,2817,284817.348,0.50299,2019
PROVINCE_HUC:Bangsamoro Autonomous Region in Muslim Mindanao:Basilan:FATS_OILS,All surveyed individuals,PROVINCE_HUC,Bangsamoro Autonomous Region in Muslim Mindanao,107,Basilan,PROVINCE_OR_HUC,FATS_OILS,epwt_fg23,Fats and Oils,6,59.445524,4.483862,2817,284817.348,0.832717,2019
PROVINCE_HUC:Bangsamoro Autonomous Region in Muslim Mindanao:Basilan:OTHER_VEGETABLES,All surveyed individuals,PROVINCE_HUC,Bangsamoro Autonomous Region in Muslim Mindanao,107,Basilan,PROVINCE_OR_HUC,OTHER_VEGETABLES,epwt_fg10,Other Vegetables,7,29.82355,20.404025,2817,284817.348,0.720826,2019
PROVINCE_HUC:Bangsamoro Autonomous Region in Muslim Mindanao:Basilan:GREEN_LEAFY_YELLOW_VEGETABLES,All surveyed individuals,PROVINCE_HUC,Bangsamoro Autonomous Region in Muslim Mindanao,107,Basilan,PROVINCE_OR_HUC,GREEN_LEAFY_YELLOW_VEGETABLES,epwt_fg9,Green Leafy and Yellow Vegetables,8,28.485419,11.455148,2817,284817.348,0.788857,2019
PROVINCE_HUC:Bangsamoro Autonomous Region in Muslim Mindanao:Basilan:DRIED_BEANS,All surveyed individuals,PROVINCE_HUC,Bangsamoro Autonomous Region in Muslim Mindanao,107,Basilan,PROVINCE_OR_HUC,DRIED_BEANS,epwt_fg7,Dried Beans,9,21.363926,2.584862,2817,284817.348,0.486772,2019
PROVINCE_HUC:Bangsamoro Autonomous Region in Muslim Mindanao:Basilan:OTHER_FRUITS,All surveyed individuals,PROVINCE_HUC,Bangsamoro Autonomous Region in Muslim Mindanao,107,Basilan,PROVINCE_OR_HUC,OTHER_FRUITS,epwt_fg13,Other Fruits,10,9.853671,13.666643,2817,284817.348,0.949199,2019
PROVINCE_HUC:Bangsamoro Autonomous Region in Muslim Mindanao:Basilan:CONDIMENTS_SPICES,All surveyed individuals,PROVINCE_HUC,Bangsamoro Autonomous Region in Muslim Mindanao,107,Basilan,PROVINCE_OR_HUC,CONDIMENTS_SPICES,epwt_fg26,Condiments and Spices,11,23.882064,1.566117,2817,284817.348,0.895793,2019
PROVINCE_HUC:Bangsamoro Autonomous Region in Muslim Mindanao:Basilan:EGGS,All surveyed individuals,PROVINCE_HUC,Bangsamoro Autonomous Region in Muslim Mindanao,107,Basilan,PROVINCE_OR_HUC,EGGS,epwt_fg18,Eggs,12,12.331432,5.110829,2817,284817.348,0.377585,2019
PROVINCE_HUC:Bangsamoro Autonomous Region in Muslim Mindanao:Basilan:STARCHY_ROOTS_TUBERS,All surveyed individuals,PROVINCE_HUC,Bangsamoro Autonomous Region in Muslim Mindanao,107,Basilan,PROVINCE_OR_HUC,STARCHY_ROOTS_TUBERS,epwt_fg5,Starchy Roots and Tubers,13,8.097493,11.743883,2817,284817.348,1.984689,2019
PROVINCE_HUC:Bangsamoro Autonomous Region in Muslim Mindanao:Basilan:WHOLE_MILK,All surveyed individuals,PROVINCE_HUC,Bangsamoro Autonomous Region in Muslim Mindanao,107,Basilan,PROVINCE_OR_HUC,WHOLE_MILK,epwt_fg20,Whole Milk,14,8.974475,4.046309,2817,284817.348,0.421428,2019
PROVINCE_HUC:Bangsamoro Autonomous Region in Muslim Mindanao:Basilan:POULTRY,All surveyed individuals,PROVINCE_HUC,Bangsamoro Autonomous Region in Muslim Mindanao,107,Basilan,PROVINCE_OR_HUC,POULTRY,epwt_fg17,Poultry,15,5.777748,5.097764,2817,284817.348,0.252819,2019
PROVINCE_HUC:Bangsamoro Autonomous Region in Muslim Mindanao:Basilan:MEAT_PRODUCTS,All surveyed individuals,PROVINCE_HUC,Bangsamoro Autonomous Region in Muslim Mindanao,107,Basilan,PROVINCE_OR_HUC,MEAT_PRODUCTS,epwt_fg16,Meat and Meat Products,16,4.626709,4.64269,2817,284817.348,0.115893,2019
PROVINCE_HUC:Bangsamoro Autonomous Region in Muslim Mindanao:Basilan:CORN_PRODUCTS,All surveyed individuals,PROVINCE_HUC,Bangsamoro Autonomous Region in Muslim Mindanao,107,Basilan,PROVINCE_OR_HUC,CORN_PRODUCTS,epwt_fg3,Corn and Products,17,2.559483,1.338738,2817,284817.348,0.170679,2019
PROVINCE_HUC:Bangsamoro Autonomous Region in Muslim Mindanao:Basilan:VITAMIN_C_RICH_FRUITS,All surveyed individuals,PROVINCE_HUC,Bangsamoro Autonomous Region in Muslim Mindanao,107,Basilan,PROVINCE_OR_HUC,VITAMIN_C_RICH_FRUITS,epwt_fg12,Vitamin C-Rich Fruits,18,0.780237,0.698631,2817,284817.348,0.273367,2019
PROVINCE_HUC:Bangsamoro Autonomous Region in Muslim Mindanao:Basilan:OTHER_MISCELLANEOUS,All surveyed individuals,PROVINCE_HUC,Bangsamoro Autonomous Region in Muslim Mindanao,107,Basilan,PROVINCE_OR_HUC,OTHER_MISCELLANEOUS,epwt_fg27,Other Miscellaneous,19,1.680514,0.170562,2817,284817.348,0.083578,2019
PROVINCE_HUC:Bangsamoro Autonomous Region in Muslim Mindanao:Basilan:MILK_PRODUCTS,All surveyed individuals,PROVINCE_HUC,Bangsamoro Autonomous Region in Muslim Mindanao,107,Basilan,PROVINCE_OR_HUC,MILK_PRODUCTS,epwt_fg21,Milk Products,20,0.250218,0.174818,2817,284817.348,0.074089,2019
PROVINCE_HUC:Bangsamoro Autonomous Region in Muslim Mindanao:Lanao del Sur:RICE_PRODUCTS,All surveyed individuals,PROVINCE_HUC,Bangsamoro Autonomous Region in Muslim Mindanao,108,Lanao del Sur,PROVINCE_OR_HUC,RICE_PRODUCTS,epwt_fg2,Rice and Products,1,98.886488,242.350067,3577,844542.005,1.104702,2019
PROVINCE_HUC:Bangsamoro Autonomous Region in Muslim Mindanao:Lanao del Sur:SUGAR_SYRUPS,All surveyed individuals,PROVINCE_HUC,Bangsamoro Autonomous Region in Muslim Mindanao,108,Lanao del Sur,PROVINCE_OR_HUC,SUGAR_SYRUPS,epwt_fg6,Sugar and Syrups,2,59.379235,31.189533,3577,844542.005,0.88251,2019
PROVINCE_HUC:Bangsamoro Autonomous Region in Muslim Mindanao:Lanao del Sur:FISH_PRODUCTS,All surveyed individuals,PROVINCE_HUC,Bangsamoro Autonomous Region in Muslim Mindanao,108,Lanao del Sur,PROVINCE_OR_HUC,FISH_PRODUCTS,epwt_fg15,Fish and Fish Products,3,58.093846,33.362086,3577,844542.005,0.766263,2019
PROVINCE_HUC:Bangsamoro Autonomous Region in Muslim Mindanao:Lanao del Sur:OTHER_CEREAL_PRODUCTS,All surveyed individuals,PROVINCE_HUC,Bangsamoro Autonomous Region in Muslim Mindanao,108,Lanao del Sur,PROVINCE_OR_HUC,OTHER_CEREAL_PRODUCTS,epwt_fg4,Other Cereal Products,4,55.083641,38.302108,3577,844542.005,0.862147,2019
PROVINCE_HUC:Bangsamoro Autonomous Region in Muslim Mindanao:Lanao del Sur:FATS_OILS,All surveyed individuals,PROVINCE_HUC,Bangsamoro Autonomous Region in Muslim Mindanao,108,Lanao del Sur,PROVINCE_OR_HUC,FATS_OILS,epwt_fg23,Fats and Oils,5,76.388321,10.633092,3577,844542.005,1.974717,2019
PROVINCE_HUC:Bangsamoro Autonomous Region in Muslim Mindanao:Lanao del Sur:BEVERAGES,All surveyed individuals,PROVINCE_HUC,Bangsamoro Autonomous Region in Muslim Mindanao,108,Lanao del Sur,PROVINCE_OR_HUC,BEVERAGES,epwt_fg25,Beverages,6,58.042938,18.156014,3577,844542.005,0.704715,2019
PROVINCE_HUC:Bangsamoro Autonomous Region in Muslim Mindanao:Lanao del Sur:OTHER_VEGETABLES,All surveyed individuals,PROVINCE_HUC,Bangsamoro Autonomous Region in Muslim Mindanao,108,Lanao del Sur,PROVINCE_OR_HUC,OTHER_VEGETABLES,epwt_fg10,Other Vegetables,7,33.068876,28.295824,3577,844542.005,0.999624,2019
PROVINCE_HUC:Bangsamoro Autonomous Region in Muslim Mindanao:Lanao del Sur:GREEN_LEAFY_YELLOW_VEGETABLES,All surveyed individuals,PROVINCE_HUC,Bangsamoro Autonomous Region in Muslim Mindanao,108,Lanao del Sur,PROVINCE_OR_HUC,GREEN_LEAFY_YELLOW_VEGETABLES,epwt_fg9,Green Leafy and Yellow Vegetables,8,33.176981,15.230437,3577,844542.005,1.048841,2019
PROVINCE_HUC:Bangsamoro Autonomous Region in Muslim Mindanao:Lanao del Sur:EGGS,All surveyed individuals,PROVINCE_HUC,Bangsamoro Autonomous Region in Muslim Mindanao,108,Lanao del Sur,PROVINCE_OR_HUC,EGGS,epwt_fg18,Eggs,9,26.013362,13.03157,3577,844542.005,0.962764,2019
PROVINCE_HUC:Bangsamoro Autonomous Region in Muslim Mindanao:Lanao del Sur:WHOLE_MILK,All surveyed individuals,PROVINCE_HUC,Bangsamoro Autonomous Region in Muslim Mindanao,108,Lanao del Sur,PROVINCE_OR_HUC,WHOLE_MILK,epwt_fg20,Whole Milk,10,11.764486,6.669306,3577,844542.005,0.694617,2019
PROVINCE_HUC:Bangsamoro Autonomous Region in Muslim Mindanao:Lanao del Sur:OTHER_FRUITS,All surveyed individuals,PROVINCE_HUC,Bangsamoro Autonomous Region in Muslim Mindanao,108,Lanao del Sur,PROVINCE_OR_HUC,OTHER_FRUITS,epwt_fg13,Other Fruits,11,9.603989,10.327049,3577,844542.005,0.717252,2019
PROVINCE_HUC:Bangsamoro Autonomous Region in Muslim Mindanao:Lanao del Sur:POULTRY,All surveyed individuals,PROVINCE_HUC,Bangsamoro Autonomous Region in Muslim Mindanao,108,Lanao del Sur,PROVINCE_OR_HUC,POULTRY,epwt_fg17,Poultry,12,9.600625,7.251881,3577,844542.005,0.35965,2019
PROVINCE_HUC:Bangsamoro Autonomous Region in Muslim Mindanao:Lanao del Sur:DRIED_BEANS,All surveyed individuals,PROVINCE_HUC,Bangsamoro Autonomous Region in Muslim Mindanao,108,Lanao del Sur,PROVINCE_OR_HUC,DRIED_BEANS,epwt_fg7,Dried Beans,13,14.254307,2.02767,3577,844542.005,0.381844,2019
PROVINCE_HUC:Bangsamoro Autonomous Region in Muslim Mindanao:Lanao del Sur:MEAT_PRODUCTS,All surveyed individuals,PROVINCE_HUC,Bangsamoro Autonomous Region in Muslim Mindanao,108,Lanao del Sur,PROVINCE_OR_HUC,MEAT_PRODUCTS,epwt_fg16,Meat and Meat Products,14,7.034777,7.507585,3577,844542.005,0.187408,2019
PROVINCE_HUC:Bangsamoro Autonomous Region in Muslim Mindanao:Lanao del Sur:STARCHY_ROOTS_TUBERS,All surveyed individuals,PROVINCE_HUC,Bangsamoro Autonomous Region in Muslim Mindanao,108,Lanao del Sur,PROVINCE_OR_HUC,STARCHY_ROOTS_TUBERS,epwt_fg5,Starchy Roots and Tubers,15,6.088566,5.551672,3577,844542.005,0.93822,2019
PROVINCE_HUC:Bangsamoro Autonomous Region in Muslim Mindanao:Lanao del Sur:CORN_PRODUCTS,All surveyed individuals,PROVINCE_HUC,Bangsamoro Autonomous Region in Muslim Mindanao,108,Lanao del Sur,PROVINCE_OR_HUC,CORN_PRODUCTS,epwt_fg3,Corn and Products,16,4.399728,2.343875,3577,844542.005,0.298826,2019
PROVINCE_HUC:Bangsamoro Autonomous Region in Muslim Mindanao:Lanao del Sur:CONDIMENTS_SPICES,All surveyed individuals,PROVINCE_HUC,Bangsamoro Autonomous Region in Muslim Mindanao,108,Lanao del Sur,PROVINCE_OR_HUC,CONDIMENTS_SPICES,epwt_fg26,Condiments and Spices,17,9.440311,0.555183,3577,844542.005,0.317556,2019
PROVINCE_HUC:Bangsamoro Autonomous Region in Muslim Mindanao:Lanao del Sur:VITAMIN_C_RICH_FRUITS,All surveyed individuals,PROVINCE_HUC,Bangsamoro Autonomous Region in Muslim Mindanao,108,Lanao del Sur,PROVINCE_OR_HUC,VITAMIN_C_RICH_FRUITS,epwt_fg12,Vitamin C-Rich Fruits,18,1.015818,1.158013,3577,844542.005,0.453118,2019
PROVINCE_HUC:Bangsamoro Autonomous Region in Muslim Mindanao:Lanao del Sur:OTHER_MISCELLANEOUS,All surveyed individuals,PROVINCE_HUC,Bangsamoro Autonomous Region in Muslim Mindanao,108,Lanao del Sur,PROVINCE_OR_HUC,OTHER_MISCELLANEOUS,epwt_fg27,Other Miscellaneous,19,1.318479,0.366292,3577,844542.005,0.17949,2019
PROVINCE_HUC:Bangsamoro Autonomous Region in Muslim Mindanao:Lanao del Sur:MILK_PRODUCTS,All surveyed individuals,PROVINCE_HUC,Bangsamoro Autonomous Region in Muslim Mindanao,108,Lanao del Sur,PROVINCE_OR_HUC,MILK_PRODUCTS,epwt_fg21,Milk Products,20,0.421795,0.428083,3577,844542.005,0.181424,2019
PROVINCE_HUC:Bangsamoro Autonomous Region in Muslim Mindanao:Tawi-Tawi:RICE_PRODUCTS,All surveyed individuals,PROVINCE_HUC,Bangsamoro Autonomous Region in Muslim Mindanao,110,Tawi-Tawi,PROVINCE_OR_HUC,RICE_PRODUCTS,epwt_fg2,Rice and Products,1,97.550109,210.206005,3302,308677.549,0.95818,2021
PROVINCE_HUC:Bangsamoro Autonomous Region in Muslim Mindanao:Tawi-Tawi:FISH_PRODUCTS,All surveyed individuals,PROVINCE_HUC,Bangsamoro Autonomous Region in Muslim Mindanao,110,Tawi-Tawi,PROVINCE_OR_HUC,FISH_PRODUCTS,epwt_fg15,Fish and Fish Products,2,85.708119,66.139824,3302,308677.549,1.519104,2021
PROVINCE_HUC:Bangsamoro Autonomous Region in Muslim Mindanao:Tawi-Tawi:OTHER_CEREAL_PRODUCTS,All surveyed individuals,PROVINCE_HUC,Bangsamoro Autonomous Region in Muslim Mindanao,110,Tawi-Tawi,PROVINCE_OR_HUC,OTHER_CEREAL_PRODUCTS,epwt_fg4,Other Cereal Products,3,71.224815,46.864956,3302,308677.549,1.05489,2021
PROVINCE_HUC:Bangsamoro Autonomous Region in Muslim Mindanao:Tawi-Tawi:SUGAR_SYRUPS,All surveyed individuals,PROVINCE_HUC,Bangsamoro Autonomous Region in Muslim Mindanao,110,Tawi-Tawi,PROVINCE_OR_HUC,SUGAR_SYRUPS,epwt_fg6,Sugar and Syrups,4,55.336375,19.730805,3302,308677.549,0.558284,2021
PROVINCE_HUC:Bangsamoro Autonomous Region in Muslim Mindanao:Tawi-Tawi:BEVERAGES,All surveyed individuals,PROVINCE_HUC,Bangsamoro Autonomous Region in Muslim Mindanao,110,Tawi-Tawi,PROVINCE_OR_HUC,BEVERAGES,epwt_fg25,Beverages,5,65.36851,11.630842,3302,308677.549,0.451444,2021
PROVINCE_HUC:Bangsamoro Autonomous Region in Muslim Mindanao:Tawi-Tawi:FATS_OILS,All surveyed individuals,PROVINCE_HUC,Bangsamoro Autonomous Region in Muslim Mindanao,110,Tawi-Tawi,PROVINCE_OR_HUC,FATS_OILS,epwt_fg23,Fats and Oils,6,52.084471,3.844173,3302,308677.549,0.713918,2021
PROVINCE_HUC:Bangsamoro Autonomous Region in Muslim Mindanao:Tawi-Tawi:DRIED_BEANS,All surveyed individuals,PROVINCE_HUC,Bangsamoro Autonomous Region in Muslim Mindanao,110,Tawi-Tawi,PROVINCE_OR_HUC,DRIED_BEANS,epwt_fg7,Dried Beans,7,26.079299,2.418832,3302,308677.549,0.455506,2021
PROVINCE_HUC:Bangsamoro Autonomous Region in Muslim Mindanao:Tawi-Tawi:OTHER_VEGETABLES,All surveyed individuals,PROVINCE_HUC,Bangsamoro Autonomous Region in Muslim Mindanao,110,Tawi-Tawi,PROVINCE_OR_HUC,OTHER_VEGETABLES,epwt_fg10,Other Vegetables,8,13.629364,7.684144,3302,308677.549,0.271463,2021
PROVINCE_HUC:Bangsamoro Autonomous Region in Muslim Mindanao:Tawi-Tawi:EGGS,All surveyed individuals,PROVINCE_HUC,Bangsamoro Autonomous Region in Muslim Mindanao,110,Tawi-Tawi,PROVINCE_OR_HUC,EGGS,epwt_fg18,Eggs,9,13.762027,5.726064,3302,308677.549,0.423038,2021
PROVINCE_HUC:Bangsamoro Autonomous Region in Muslim Mindanao:Tawi-Tawi:STARCHY_ROOTS_TUBERS,All surveyed individuals,PROVINCE_HUC,Bangsamoro Autonomous Region in Muslim Mindanao,110,Tawi-Tawi,PROVINCE_OR_HUC,STARCHY_ROOTS_TUBERS,epwt_fg5,Starchy Roots and Tubers,10,7.193733,19.476559,3302,308677.549,3.291493,2021
PROVINCE_HUC:Bangsamoro Autonomous Region in Muslim Mindanao:Tawi-Tawi:WHOLE_MILK,All surveyed individuals,PROVINCE_HUC,Bangsamoro Autonomous Region in Muslim Mindanao,110,Tawi-Tawi,PROVINCE_OR_HUC,WHOLE_MILK,epwt_fg20,Whole Milk,11,9.180837,5.250113,3302,308677.549,0.546806,2021
PROVINCE_HUC:Bangsamoro Autonomous Region in Muslim Mindanao:Tawi-Tawi:GREEN_LEAFY_YELLOW_VEGETABLES,All surveyed individuals,PROVINCE_HUC,Bangsamoro Autonomous Region in Muslim Mindanao,110,Tawi-Tawi,PROVINCE_OR_HUC,GREEN_LEAFY_YELLOW_VEGETABLES,epwt_fg9,Green Leafy and Yellow Vegetables,12,11.071006,3.195985,3302,308677.549,0.220091,2021
PROVINCE_HUC:Bangsamoro Autonomous Region in Muslim Mindanao:Tawi-Tawi:OTHER_FRUITS,All surveyed individuals,PROVINCE_HUC,Bangsamoro Autonomous Region in Muslim Mindanao,110,Tawi-Tawi,PROVINCE_OR_HUC,OTHER_FRUITS,epwt_fg13,Other Fruits,13,5.519041,7.569268,3302,308677.549,0.525714,2021
PROVINCE_HUC:Bangsamoro Autonomous Region in Muslim Mindanao:Tawi-Tawi:CONDIMENTS_SPICES,All surveyed individuals,PROVINCE_HUC,Bangsamoro Autonomous Region in Muslim Mindanao,110,Tawi-Tawi,PROVINCE_OR_HUC,CONDIMENTS_SPICES,epwt_fg26,Condiments and Spices,14,13.608126,1.003343,3302,308677.549,0.573896,2021
PROVINCE_HUC:Bangsamoro Autonomous Region in Muslim Mindanao:Tawi-Tawi:POULTRY,All surveyed individuals,PROVINCE_HUC,Bangsamoro Autonomous Region in Muslim Mindanao,110,Tawi-Tawi,PROVINCE_OR_HUC,POULTRY,epwt_fg17,Poultry,15,3.301735,2.294939,3302,308677.549,0.113815,2021
PROVINCE_HUC:Bangsamoro Autonomous Region in Muslim Mindanao:Tawi-Tawi:MEAT_PRODUCTS,All surveyed individuals,PROVINCE_HUC,Bangsamoro Autonomous Region in Muslim Mindanao,110,Tawi-Tawi,PROVINCE_OR_HUC,MEAT_PRODUCTS,epwt_fg16,Meat and Meat Products,16,2.423857,2.409469,3302,308677.549,0.060146,2021
PROVINCE_HUC:Bangsamoro Autonomous Region in Muslim Mindanao:Tawi-Tawi:CORN_PRODUCTS,All surveyed individuals,PROVINCE_HUC,Bangsamoro Autonomous Region in Muslim Mindanao,110,Tawi-Tawi,PROVINCE_OR_HUC,CORN_PRODUCTS,epwt_fg3,Corn and Products,17,1.81166,0.700153,3302,308677.549,0.089264,2021
PROVINCE_HUC:Bangsamoro Autonomous Region in Muslim Mindanao:Tawi-Tawi:OTHER_MISCELLANEOUS,All surveyed individuals,PROVINCE_HUC,Bangsamoro Autonomous Region in Muslim Mindanao,110,Tawi-Tawi,PROVINCE_OR_HUC,OTHER_MISCELLANEOUS,epwt_fg27,Other Miscellaneous,18,0.863383,0.415023,3302,308677.549,0.203368,2021
PROVINCE_HUC:Bangsamoro Autonomous Region in Muslim Mindanao:Tawi-Tawi:VITAMIN_C_RICH_FRUITS,All surveyed individuals,PROVINCE_HUC,Bangsamoro Autonomous Region in Muslim Mindanao,110,Tawi-Tawi,PROVINCE_OR_HUC,VITAMIN_C_RICH_FRUITS,epwt_fg12,Vitamin C-Rich Fruits,19,0.975046,0.18797,3302,308677.549,0.07355,2021
PROVINCE_HUC:Bangsamoro Autonomous Region in Muslim Mindanao:Tawi-Tawi:MILK_PRODUCTS,All surveyed individuals,PROVINCE_HUC,Bangsamoro Autonomous Region in Muslim Mindanao,110,Tawi-Tawi,PROVINCE_OR_HUC,MILK_PRODUCTS,epwt_fg21,Milk Products,20,0.022566,0.001918,3302,308677.549,0.000813,2021
PROVINCE_HUC:Bicol Region:Albay:RICE_PRODUCTS,All surveyed individuals,PROVINCE_HUC,Bicol Region,31,Albay,PROVINCE_OR_HUC,RICE_PRODUCTS,epwt_fg2,Rice and Products,1,99.441409,212.976583,1853,701515.229,0.970809,2021
PROVINCE_HUC:Bicol Region:Albay:OTHER_CEREAL_PRODUCTS,All surveyed individuals,PROVINCE_HUC,Bicol Region,31,Albay,PROVINCE_OR_HUC,OTHER_CEREAL_PRODUCTS,epwt_fg4,Other Cereal Products,2,70.281566,59.812346,1853,701515.229,1.346324,2021
PROVINCE_HUC:Bicol Region:Albay:FISH_PRODUCTS,All surveyed individuals,PROVINCE_HUC,Bicol Region,31,Albay,PROVINCE_OR_HUC,FISH_PRODUCTS,epwt_fg15,Fish and Fish Products,3,60.898591,37.239242,1853,701515.229,0.855313,2021
PROVINCE_HUC:Bicol Region:Albay:OTHER_VEGETABLES,All surveyed individuals,PROVINCE_HUC,Bicol Region,31,Albay,PROVINCE_OR_HUC,OTHER_VEGETABLES,epwt_fg10,Other Vegetables,4,53.725637,33.921956,1853,701515.229,1.198382,2021
PROVINCE_HUC:Bicol Region:Albay:BEVERAGES,All surveyed individuals,PROVINCE_HUC,Bicol Region,31,Albay,PROVINCE_OR_HUC,BEVERAGES,epwt_fg25,Beverages,5,60.597718,18.286854,1853,701515.229,0.709793,2021
PROVINCE_HUC:Bicol Region:Albay:FATS_OILS,All surveyed individuals,PROVINCE_HUC,Bicol Region,31,Albay,PROVINCE_OR_HUC,FATS_OILS,epwt_fg23,Fats and Oils,6,83.219184,7.240099,1853,701515.229,1.34459,2021
PROVINCE_HUC:Bicol Region:Albay:GREEN_LEAFY_YELLOW_VEGETABLES,All surveyed individuals,PROVINCE_HUC,Bicol Region,31,Albay,PROVINCE_OR_HUC,GREEN_LEAFY_YELLOW_VEGETABLES,epwt_fg9,Green Leafy and Yellow Vegetables,7,44.561652,15.171589,1853,701515.229,1.044789,2021
PROVINCE_HUC:Bicol Region:Albay:MEAT_PRODUCTS,All surveyed individuals,PROVINCE_HUC,Bicol Region,31,Albay,PROVINCE_OR_HUC,MEAT_PRODUCTS,epwt_fg16,Meat and Meat Products,8,31.06281,27.540549,1853,701515.229,0.687482,2021
PROVINCE_HUC:Bicol Region:Albay:SUGAR_SYRUPS,All surveyed individuals,PROVINCE_HUC,Bicol Region,31,Albay,PROVINCE_OR_HUC,SUGAR_SYRUPS,epwt_fg6,Sugar and Syrups,9,36.616235,10.852701,1853,701515.229,0.307078,2021
PROVINCE_HUC:Bicol Region:Albay:EGGS,All surveyed individuals,PROVINCE_HUC,Bicol Region,31,Albay,PROVINCE_OR_HUC,EGGS,epwt_fg18,Eggs,10,31.945016,13.015312,1853,701515.229,0.961563,2021
PROVINCE_HUC:Bicol Region:Albay:POULTRY,All surveyed individuals,PROVINCE_HUC,Bicol Region,31,Albay,PROVINCE_OR_HUC,POULTRY,epwt_fg17,Poultry,11,19.156163,15.999902,1853,701515.229,0.7935,2021
PROVINCE_HUC:Bicol Region:Albay:WHOLE_MILK,All surveyed individuals,PROVINCE_HUC,Bicol Region,31,Albay,PROVINCE_OR_HUC,WHOLE_MILK,epwt_fg20,Whole Milk,12,22.661719,9.4012,1853,701515.229,0.979147,2021
PROVINCE_HUC:Bicol Region:Albay:OTHER_FRUITS,All surveyed individuals,PROVINCE_HUC,Bicol Region,31,Albay,PROVINCE_OR_HUC,OTHER_FRUITS,epwt_fg13,Other Fruits,13,15.496439,17.578797,1853,701515.229,1.220913,2021
PROVINCE_HUC:Bicol Region:Albay:DRIED_BEANS,All surveyed individuals,PROVINCE_HUC,Bicol Region,31,Albay,PROVINCE_OR_HUC,DRIED_BEANS,epwt_fg7,Dried Beans,14,22.618283,3.408883,1853,701515.229,0.641949,2021
PROVINCE_HUC:Bicol Region:Albay:STARCHY_ROOTS_TUBERS,All surveyed individuals,PROVINCE_HUC,Bicol Region,31,Albay,PROVINCE_OR_HUC,STARCHY_ROOTS_TUBERS,epwt_fg5,Starchy Roots and Tubers,15,8.453223,6.317641,1853,701515.229,1.067667,2021
PROVINCE_HUC:Bicol Region:Albay:OTHER_MISCELLANEOUS,All surveyed individuals,PROVINCE_HUC,Bicol Region,31,Albay,PROVINCE_OR_HUC,OTHER_MISCELLANEOUS,epwt_fg27,Other Miscellaneous,16,7.775023,0.977804,1853,701515.229,0.479141,2021
PROVINCE_HUC:Bicol Region:Albay:VITAMIN_C_RICH_FRUITS,All surveyed individuals,PROVINCE_HUC,Bicol Region,31,Albay,PROVINCE_OR_HUC,VITAMIN_C_RICH_FRUITS,epwt_fg12,Vitamin C-Rich Fruits,17,3.204553,3.144618,1853,701515.229,1.230455,2021
PROVINCE_HUC:Bicol Region:Albay:CONDIMENTS_SPICES,All surveyed individuals,PROVINCE_HUC,Bicol Region,31,Albay,PROVINCE_OR_HUC,CONDIMENTS_SPICES,epwt_fg26,Condiments and Spices,18,8.615874,0.467759,1853,701515.229,0.26755,2021
PROVINCE_HUC:Bicol Region:Albay:CORN_PRODUCTS,All surveyed individuals,PROVINCE_HUC,Bicol Region,31,Albay,PROVINCE_OR_HUC,CORN_PRODUCTS,epwt_fg3,Corn and Products,19,2.149846,1.624743,1853,701515.229,0.207142,2021
PROVINCE_HUC:Bicol Region:Albay:MILK_PRODUCTS,All surveyed individuals,PROVINCE_HUC,Bicol Region,31,Albay,PROVINCE_OR_HUC,MILK_PRODUCTS,epwt_fg21,Milk Products,20,0.889249,0.502793,1853,701515.229,0.213087,2021
PROVINCE_HUC:Bicol Region:Camarines Norte:RICE_PRODUCTS,All surveyed individuals,PROVINCE_HUC,Bicol Region,32,Camarines Norte,PROVINCE_OR_HUC,RICE_PRODUCTS,epwt_fg2,Rice and Products,1,98.727054,224.369522,2839,485035.126,1.022742,2018
PROVINCE_HUC:Bicol Region:Camarines Norte:OTHER_CEREAL_PRODUCTS,All surveyed individuals,PROVINCE_HUC,Bicol Region,32,Camarines Norte,PROVINCE_OR_HUC,OTHER_CEREAL_PRODUCTS,epwt_fg4,Other Cereal Products,2,72.473284,59.540609,2839,485035.126,1.340208,2018
PROVINCE_HUC:Bicol Region:Camarines Norte:FISH_PRODUCTS,All surveyed individuals,PROVINCE_HUC,Bicol Region,32,Camarines Norte,PROVINCE_OR_HUC,FISH_PRODUCTS,epwt_fg15,Fish and Fish Products,3,61.896123,38.983895,2839,485035.126,0.895385,2018
PROVINCE_HUC:Bicol Region:Camarines Norte:BEVERAGES,All surveyed individuals,PROVINCE_HUC,Bicol Region,32,Camarines Norte,PROVINCE_OR_HUC,BEVERAGES,epwt_fg25,Beverages,4,61.618627,20.572694,2839,485035.126,0.798517,2018
PROVINCE_HUC:Bicol Region:Camarines Norte:SUGAR_SYRUPS,All surveyed individuals,PROVINCE_HUC,Bicol Region,32,Camarines Norte,PROVINCE_OR_HUC,SUGAR_SYRUPS,epwt_fg6,Sugar and Syrups,5,53.822354,19.337581,2839,485035.126,0.547158,2018
PROVINCE_HUC:Bicol Region:Camarines Norte:FATS_OILS,All surveyed individuals,PROVINCE_HUC,Bicol Region,32,Camarines Norte,PROVINCE_OR_HUC,FATS_OILS,epwt_fg23,Fats and Oils,6,73.832233,7.181757,2839,485035.126,1.333755,2018
PROVINCE_HUC:Bicol Region:Camarines Norte:MEAT_PRODUCTS,All surveyed individuals,PROVINCE_HUC,Bicol Region,32,Camarines Norte,PROVINCE_OR_HUC,MEAT_PRODUCTS,epwt_fg16,Meat and Meat Products,7,41.798766,38.248702,2839,485035.126,0.954785,2018
PROVINCE_HUC:Bicol Region:Camarines Norte:OTHER_VEGETABLES,All surveyed individuals,PROVINCE_HUC,Bicol Region,32,Camarines Norte,PROVINCE_OR_HUC,OTHER_VEGETABLES,epwt_fg10,Other Vegetables,8,34.377371,20.922106,2839,485035.126,0.739128,2018
PROVINCE_HUC:Bicol Region:Camarines Norte:EGGS,All surveyed individuals,PROVINCE_HUC,Bicol Region,32,Camarines Norte,PROVINCE_OR_HUC,EGGS,epwt_fg18,Eggs,9,27.581537,11.54072,2839,485035.126,0.852621,2018
PROVINCE_HUC:Bicol Region:Camarines Norte:GREEN_LEAFY_YELLOW_VEGETABLES,All surveyed individuals,PROVINCE_HUC,Bicol Region,32,Camarines Norte,PROVINCE_OR_HUC,GREEN_LEAFY_YELLOW_VEGETABLES,epwt_fg9,Green Leafy and Yellow Vegetables,10,28.742419,8.658668,2839,485035.126,0.596278,2018
PROVINCE_HUC:Bicol Region:Camarines Norte:POULTRY,All surveyed individuals,PROVINCE_HUC,Bicol Region,32,Camarines Norte,PROVINCE_OR_HUC,POULTRY,epwt_fg17,Poultry,11,21.780126,18.757308,2839,485035.126,0.930251,2018
PROVINCE_HUC:Bicol Region:Camarines Norte:WHOLE_MILK,All surveyed individuals,PROVINCE_HUC,Bicol Region,32,Camarines Norte,PROVINCE_OR_HUC,WHOLE_MILK,epwt_fg20,Whole Milk,12,23.212034,10.007675,2839,485035.126,1.042312,2018
PROVINCE_HUC:Bicol Region:Camarines Norte:OTHER_FRUITS,All surveyed individuals,PROVINCE_HUC,Bicol Region,32,Camarines Norte,PROVINCE_OR_HUC,OTHER_FRUITS,epwt_fg13,Other Fruits,13,15.074316,14.728106,2839,485035.126,1.022922,2018
PROVINCE_HUC:Bicol Region:Camarines Norte:DRIED_BEANS,All surveyed individuals,PROVINCE_HUC,Bicol Region,32,Camarines Norte,PROVINCE_OR_HUC,DRIED_BEANS,epwt_fg7,Dried Beans,14,19.357573,4.647216,2839,485035.126,0.875147,2018
PROVINCE_HUC:Bicol Region:Camarines Norte:STARCHY_ROOTS_TUBERS,All surveyed individuals,PROVINCE_HUC,Bicol Region,32,Camarines Norte,PROVINCE_OR_HUC,STARCHY_ROOTS_TUBERS,epwt_fg5,Starchy Roots and Tubers,15,6.237897,3.596362,2839,485035.126,0.607777,2018
PROVINCE_HUC:Bicol Region:Camarines Norte:OTHER_MISCELLANEOUS,All surveyed individuals,PROVINCE_HUC,Bicol Region,32,Camarines Norte,PROVINCE_OR_HUC,OTHER_MISCELLANEOUS,epwt_fg27,Other Miscellaneous,16,7.440055,2.274566,2839,485035.126,1.114577,2018
PROVINCE_HUC:Bicol Region:Camarines Norte:CONDIMENTS_SPICES,All surveyed individuals,PROVINCE_HUC,Bicol Region,32,Camarines Norte,PROVINCE_OR_HUC,CONDIMENTS_SPICES,epwt_fg26,Condiments and Spices,17,8.081989,0.658459,2839,485035.126,0.376628,2018
PROVINCE_HUC:Bicol Region:Camarines Norte:MILK_PRODUCTS,All surveyed individuals,PROVINCE_HUC,Bicol Region,32,Camarines Norte,PROVINCE_OR_HUC,MILK_PRODUCTS,epwt_fg21,Milk Products,18,4.275433,1.526481,2839,485035.126,0.646932,2018
PROVINCE_HUC:Bicol Region:Camarines Norte:VITAMIN_C_RICH_FRUITS,All surveyed individuals,PROVINCE_HUC,Bicol Region,32,Camarines Norte,PROVINCE_OR_HUC,VITAMIN_C_RICH_FRUITS,epwt_fg12,Vitamin C-Rich Fruits,19,3.000218,2.457055,2839,485035.126,0.961419,2018
PROVINCE_HUC:Bicol Region:Camarines Norte:CORN_PRODUCTS,All surveyed individuals,PROVINCE_HUC,Bicol Region,32,Camarines Norte,PROVINCE_OR_HUC,CORN_PRODUCTS,epwt_fg3,Corn and Products,20,1.894793,1.293729,2839,485035.126,0.16494,2018
PROVINCE_HUC:Bicol Region:Camarines Sur:RICE_PRODUCTS,All surveyed individuals,PROVINCE_HUC,Bicol Region,33,Camarines Sur,PROVINCE_OR_HUC,RICE_PRODUCTS,epwt_fg2,Rice and Products,1,99.108349,207.25314,2442,1424095.166,0.94472,2019
PROVINCE_HUC:Bicol Region:Camarines Sur:OTHER_CEREAL_PRODUCTS,All surveyed individuals,PROVINCE_HUC,Bicol Region,33,Camarines Sur,PROVINCE_OR_HUC,OTHER_CEREAL_PRODUCTS,epwt_fg4,Other Cereal Products,2,71.672601,62.532657,2442,1424095.166,1.407556,2019
PROVINCE_HUC:Bicol Region:Camarines Sur:FISH_PRODUCTS,All surveyed individuals,PROVINCE_HUC,Bicol Region,33,Camarines Sur,PROVINCE_OR_HUC,FISH_PRODUCTS,epwt_fg15,Fish and Fish Products,3,58.129418,33.403083,2442,1424095.166,0.767204,2019
PROVINCE_HUC:Bicol Region:Camarines Sur:BEVERAGES,All surveyed individuals,PROVINCE_HUC,Bicol Region,33,Camarines Sur,PROVINCE_OR_HUC,BEVERAGES,epwt_fg25,Beverages,4,58.652207,25.902982,2442,1424095.166,1.005409,2019
PROVINCE_HUC:Bicol Region:Camarines Sur:OTHER_VEGETABLES,All surveyed individuals,PROVINCE_HUC,Bicol Region,33,Camarines Sur,PROVINCE_OR_HUC,OTHER_VEGETABLES,epwt_fg10,Other Vegetables,5,48.400806,30.040119,2442,1424095.166,1.061246,2019
PROVINCE_HUC:Bicol Region:Camarines Sur:FATS_OILS,All surveyed individuals,PROVINCE_HUC,Bicol Region,33,Camarines Sur,PROVINCE_OR_HUC,FATS_OILS,epwt_fg23,Fats and Oils,6,75.073667,7.033716,2442,1424095.166,1.306261,2019
PROVINCE_HUC:Bicol Region:Camarines Sur:MEAT_PRODUCTS,All surveyed individuals,PROVINCE_HUC,Bicol Region,33,Camarines Sur,PROVINCE_OR_HUC,MEAT_PRODUCTS,epwt_fg16,Meat and Meat Products,7,41.274877,37.773966,2442,1424095.166,0.942934,2019
PROVINCE_HUC:Bicol Region:Camarines Sur:SUGAR_SYRUPS,All surveyed individuals,PROVINCE_HUC,Bicol Region,33,Camarines Sur,PROVINCE_OR_HUC,SUGAR_SYRUPS,epwt_fg6,Sugar and Syrups,8,43.941619,25.266981,2442,1424095.166,0.714931,2019
PROVINCE_HUC:Bicol Region:Camarines Sur:GREEN_LEAFY_YELLOW_VEGETABLES,All surveyed individuals,PROVINCE_HUC,Bicol Region,33,Camarines Sur,PROVINCE_OR_HUC,GREEN_LEAFY_YELLOW_VEGETABLES,epwt_fg9,Green Leafy and Yellow Vegetables,9,48.069232,15.325054,2442,1424095.166,1.055357,2019
PROVINCE_HUC:Bicol Region:Camarines Sur:EGGS,All surveyed individuals,PROVINCE_HUC,Bicol Region,33,Camarines Sur,PROVINCE_OR_HUC,EGGS,epwt_fg18,Eggs,10,27.972744,11.315159,2442,1424095.166,0.835957,2019
PROVINCE_HUC:Bicol Region:Camarines Sur:WHOLE_MILK,All surveyed individuals,PROVINCE_HUC,Bicol Region,33,Camarines Sur,PROVINCE_OR_HUC,WHOLE_MILK,epwt_fg20,Whole Milk,11,22.255351,9.966135,2442,1424095.166,1.037985,2019
PROVINCE_HUC:Bicol Region:Camarines Sur:OTHER_FRUITS,All surveyed individuals,PROVINCE_HUC,Bicol Region,33,Camarines Sur,PROVINCE_OR_HUC,OTHER_FRUITS,epwt_fg13,Other Fruits,12,15.361099,18.060238,2442,1424095.166,1.254351,2019
PROVINCE_HUC:Bicol Region:Camarines Sur:POULTRY,All surveyed individuals,PROVINCE_HUC,Bicol Region,33,Camarines Sur,PROVINCE_OR_HUC,POULTRY,epwt_fg17,Poultry,13,16.32508,12.967177,2442,1424095.166,0.643095,2019
PROVINCE_HUC:Bicol Region:Camarines Sur:DRIED_BEANS,All surveyed individuals,PROVINCE_HUC,Bicol Region,33,Camarines Sur,PROVINCE_OR_HUC,DRIED_BEANS,epwt_fg7,Dried Beans,14,18.215693,3.935961,2442,1424095.166,0.741206,2019
PROVINCE_HUC:Bicol Region:Camarines Sur:STARCHY_ROOTS_TUBERS,All surveyed individuals,PROVINCE_HUC,Bicol Region,33,Camarines Sur,PROVINCE_OR_HUC,STARCHY_ROOTS_TUBERS,epwt_fg5,Starchy Roots and Tubers,15,7.633408,4.496791,2442,1424095.166,0.759947,2019
PROVINCE_HUC:Bicol Region:Camarines Sur:OTHER_MISCELLANEOUS,All surveyed individuals,PROVINCE_HUC,Bicol Region,33,Camarines Sur,PROVINCE_OR_HUC,OTHER_MISCELLANEOUS,epwt_fg27,Other Miscellaneous,16,10.959787,1.821671,2442,1424095.166,0.89265,2019
PROVINCE_HUC:Bicol Region:Camarines Sur:CONDIMENTS_SPICES,All surveyed individuals,PROVINCE_HUC,Bicol Region,33,Camarines Sur,PROVINCE_OR_HUC,CONDIMENTS_SPICES,epwt_fg26,Condiments and Spices,17,9.529376,0.863947,2442,1424095.166,0.494163,2019
PROVINCE_HUC:Bicol Region:Camarines Sur:MILK_PRODUCTS,All surveyed individuals,PROVINCE_HUC,Bicol Region,33,Camarines Sur,PROVINCE_OR_HUC,MILK_PRODUCTS,epwt_fg21,Milk Products,18,3.49721,2.581103,2442,1424095.166,1.093888,2019
PROVINCE_HUC:Bicol Region:Camarines Sur:CORN_PRODUCTS,All surveyed individuals,PROVINCE_HUC,Bicol Region,33,Camarines Sur,PROVINCE_OR_HUC,CORN_PRODUCTS,epwt_fg3,Corn and Products,19,2.844952,1.94559,2442,1424095.166,0.248047,2019
PROVINCE_HUC:Bicol Region:Camarines Sur:VITAMIN_C_RICH_FRUITS,All surveyed individuals,PROVINCE_HUC,Bicol Region,33,Camarines Sur,PROVINCE_OR_HUC,VITAMIN_C_RICH_FRUITS,epwt_fg12,Vitamin C-Rich Fruits,20,2.304682,0.585697,2442,1424095.166,0.229177,2019
PROVINCE_HUC:Bicol Region:Catanduanes:RICE_PRODUCTS,All surveyed individuals,PROVINCE_HUC,Bicol Region,34,Catanduanes,PROVINCE_OR_HUC,RICE_PRODUCTS,epwt_fg2,Rice and Products,1,99.349714,203.46849,2834,213514.497,0.927469,2021
PROVINCE_HUC:Bicol Region:Catanduanes:OTHER_CEREAL_PRODUCTS,All surveyed individuals,PROVINCE_HUC,Bicol Region,34,Catanduanes,PROVINCE_OR_HUC,OTHER_CEREAL_PRODUCTS,epwt_fg4,Other Cereal Products,2,77.939641,67.75457,2834,213514.497,1.525097,2021
PROVINCE_HUC:Bicol Region:Catanduanes:FISH_PRODUCTS,All surveyed individuals,PROVINCE_HUC,Bicol Region,34,Catanduanes,PROVINCE_OR_HUC,FISH_PRODUCTS,epwt_fg15,Fish and Fish Products,3,69.219461,46.60134,2834,213514.497,1.070343,2021
PROVINCE_HUC:Bicol Region:Catanduanes:BEVERAGES,All surveyed individuals,PROVINCE_HUC,Bicol Region,34,Catanduanes,PROVINCE_OR_HUC,BEVERAGES,epwt_fg25,Beverages,4,60.444267,20.240721,2834,213514.497,0.785631,2021
PROVINCE_HUC:Bicol Region:Catanduanes:FATS_OILS,All surveyed individuals,PROVINCE_HUC,Bicol Region,34,Catanduanes,PROVINCE_OR_HUC,FATS_OILS,epwt_fg23,Fats and Oils,5,76.458877,6.787881,2834,213514.497,1.260606,2021
PROVINCE_HUC:Bicol Region:Catanduanes:OTHER_VEGETABLES,All surveyed individuals,PROVINCE_HUC,Bicol Region,34,Catanduanes,PROVINCE_OR_HUC,OTHER_VEGETABLES,epwt_fg10,Other Vegetables,6,40.596038,27.030406,2834,213514.497,0.95492,2021
PROVINCE_HUC:Bicol Region:Catanduanes:GREEN_LEAFY_YELLOW_VEGETABLES,All surveyed individuals,PROVINCE_HUC,Bicol Region,34,Catanduanes,PROVINCE_OR_HUC,GREEN_LEAFY_YELLOW_VEGETABLES,epwt_fg9,Green Leafy and Yellow Vegetables,7,42.196375,15.429006,2834,213514.497,1.062516,2021
PROVINCE_HUC:Bicol Region:Catanduanes:SUGAR_SYRUPS,All surveyed individuals,PROVINCE_HUC,Bicol Region,34,Catanduanes,PROVINCE_OR_HUC,SUGAR_SYRUPS,epwt_fg6,Sugar and Syrups,8,34.216459,19.310196,2834,213514.497,0.546383,2021
PROVINCE_HUC:Bicol Region:Catanduanes:MEAT_PRODUCTS,All surveyed individuals,PROVINCE_HUC,Bicol Region,34,Catanduanes,PROVINCE_OR_HUC,MEAT_PRODUCTS,epwt_fg16,Meat and Meat Products,9,25.910526,21.032546,2834,213514.497,0.525026,2021
PROVINCE_HUC:Bicol Region:Catanduanes:EGGS,All surveyed individuals,PROVINCE_HUC,Bicol Region,34,Catanduanes,PROVINCE_OR_HUC,EGGS,epwt_fg18,Eggs,10,27.049405,12.504606,2834,213514.497,0.923832,2021
PROVINCE_HUC:Bicol Region:Catanduanes:POULTRY,All surveyed individuals,PROVINCE_HUC,Bicol Region,34,Catanduanes,PROVINCE_OR_HUC,POULTRY,epwt_fg17,Poultry,11,20.564455,18.26363,2834,213514.497,0.905768,2021
PROVINCE_HUC:Bicol Region:Catanduanes:WHOLE_MILK,All surveyed individuals,PROVINCE_HUC,Bicol Region,34,Catanduanes,PROVINCE_OR_HUC,WHOLE_MILK,epwt_fg20,Whole Milk,12,19.602145,7.818435,2834,213514.497,0.8143,2021
PROVINCE_HUC:Bicol Region:Catanduanes:DRIED_BEANS,All surveyed individuals,PROVINCE_HUC,Bicol Region,34,Catanduanes,PROVINCE_OR_HUC,DRIED_BEANS,epwt_fg7,Dried Beans,13,21.1138,3.802428,2834,213514.497,0.71606,2021
PROVINCE_HUC:Bicol Region:Catanduanes:OTHER_FRUITS,All surveyed individuals,PROVINCE_HUC,Bicol Region,34,Catanduanes,PROVINCE_OR_HUC,OTHER_FRUITS,epwt_fg13,Other Fruits,14,10.720244,12.899435,2834,213514.497,0.895914,2021
PROVINCE_HUC:Bicol Region:Catanduanes:STARCHY_ROOTS_TUBERS,All surveyed individuals,PROVINCE_HUC,Bicol Region,34,Catanduanes,PROVINCE_OR_HUC,STARCHY_ROOTS_TUBERS,epwt_fg5,Starchy Roots and Tubers,15,8.67498,7.023633,2834,213514.497,1.186978,2021
PROVINCE_HUC:Bicol Region:Catanduanes:CONDIMENTS_SPICES,All surveyed individuals,PROVINCE_HUC,Bicol Region,34,Catanduanes,PROVINCE_OR_HUC,CONDIMENTS_SPICES,epwt_fg26,Condiments and Spices,16,11.316119,0.794285,2834,213514.497,0.454318,2021
PROVINCE_HUC:Bicol Region:Catanduanes:OTHER_MISCELLANEOUS,All surveyed individuals,PROVINCE_HUC,Bicol Region,34,Catanduanes,PROVINCE_OR_HUC,OTHER_MISCELLANEOUS,epwt_fg27,Other Miscellaneous,17,5.233292,0.935123,2834,213514.497,0.458227,2021
PROVINCE_HUC:Bicol Region:Catanduanes:MILK_PRODUCTS,All surveyed individuals,PROVINCE_HUC,Bicol Region,34,Catanduanes,PROVINCE_OR_HUC,MILK_PRODUCTS,epwt_fg21,Milk Products,18,1.925034,1.066461,2834,213514.497,0.451973,2021
PROVINCE_HUC:Bicol Region:Catanduanes:CORN_PRODUCTS,All surveyed individuals,PROVINCE_HUC,Bicol Region,34,Catanduanes,PROVINCE_OR_HUC,CORN_PRODUCTS,epwt_fg3,Corn and Products,19,1.475002,0.42161,2834,213514.497,0.053752,2021
PROVINCE_HUC:Bicol Region:Catanduanes:VITAMIN_C_RICH_FRUITS,All surveyed individuals,PROVINCE_HUC,Bicol Region,34,Catanduanes,PROVINCE_OR_HUC,VITAMIN_C_RICH_FRUITS,epwt_fg12,Vitamin C-Rich Fruits,20,1.703886,0.353909,2834,213514.497,0.138481,2021
PROVINCE_HUC:Bicol Region:Masbate:RICE_PRODUCTS,All surveyed individuals,PROVINCE_HUC,Bicol Region,35,Masbate,PROVINCE_OR_HUC,RICE_PRODUCTS,epwt_fg2,Rice and Products,1,98.316925,228.114354,2357,602386.361,1.039812,2021
PROVINCE_HUC:Bicol Region:Masbate:FISH_PRODUCTS,All surveyed individuals,PROVINCE_HUC,Bicol Region,35,Masbate,PROVINCE_OR_HUC,FISH_PRODUCTS,epwt_fg15,Fish and Fish Products,2,83.695882,70.542353,2357,602386.361,1.620221,2021
PROVINCE_HUC:Bicol Region:Masbate:OTHER_CEREAL_PRODUCTS,All surveyed individuals,PROVINCE_HUC,Bicol Region,35,Masbate,PROVINCE_OR_HUC,OTHER_CEREAL_PRODUCTS,epwt_fg4,Other Cereal Products,3,50.407865,33.576313,2357,602386.361,0.755774,2021
PROVINCE_HUC:Bicol Region:Masbate:BEVERAGES,All surveyed individuals,PROVINCE_HUC,Bicol Region,35,Masbate,PROVINCE_OR_HUC,BEVERAGES,epwt_fg25,Beverages,4,61.607511,15.641775,2357,602386.361,0.607126,2021
PROVINCE_HUC:Bicol Region:Masbate:SUGAR_SYRUPS,All surveyed individuals,PROVINCE_HUC,Bicol Region,35,Masbate,PROVINCE_OR_HUC,SUGAR_SYRUPS,epwt_fg6,Sugar and Syrups,5,41.489319,11.442355,2357,602386.361,0.323762,2021
PROVINCE_HUC:Bicol Region:Masbate:OTHER_VEGETABLES,All surveyed individuals,PROVINCE_HUC,Bicol Region,35,Masbate,PROVINCE_OR_HUC,OTHER_VEGETABLES,epwt_fg10,Other Vegetables,6,32.752091,21.612332,2357,602386.361,0.763512,2021
PROVINCE_HUC:Bicol Region:Masbate:GREEN_LEAFY_YELLOW_VEGETABLES,All surveyed individuals,PROVINCE_HUC,Bicol Region,35,Masbate,PROVINCE_OR_HUC,GREEN_LEAFY_YELLOW_VEGETABLES,epwt_fg9,Green Leafy and Yellow Vegetables,7,37.858304,12.395304,2357,602386.361,0.8536,2021
PROVINCE_HUC:Bicol Region:Masbate:FATS_OILS,All surveyed individuals,PROVINCE_HUC,Bicol Region,35,Masbate,PROVINCE_OR_HUC,FATS_OILS,epwt_fg23,Fats and Oils,8,58.159836,3.717057,2357,602386.361,0.690311,2021
PROVINCE_HUC:Bicol Region:Masbate:WHOLE_MILK,All surveyed individuals,PROVINCE_HUC,Bicol Region,35,Masbate,PROVINCE_OR_HUC,WHOLE_MILK,epwt_fg20,Whole Milk,9,21.101668,8.045303,2357,602386.361,0.837928,2021
PROVINCE_HUC:Bicol Region:Masbate:EGGS,All surveyed individuals,PROVINCE_HUC,Bicol Region,35,Masbate,PROVINCE_OR_HUC,EGGS,epwt_fg18,Eggs,10,14.597803,6.465681,2357,602386.361,0.47768,2021
PROVINCE_HUC:Bicol Region:Masbate:MEAT_PRODUCTS,All surveyed individuals,PROVINCE_HUC,Bicol Region,35,Masbate,PROVINCE_OR_HUC,MEAT_PRODUCTS,epwt_fg16,Meat and Meat Products,11,12.334132,9.130905,2357,602386.361,0.227931,2021
PROVINCE_HUC:Bicol Region:Masbate:CONDIMENTS_SPICES,All surveyed individuals,PROVINCE_HUC,Bicol Region,35,Masbate,PROVINCE_OR_HUC,CONDIMENTS_SPICES,epwt_fg26,Condiments and Spices,12,25.0323,1.782045,2357,602386.361,1.0193,2021
PROVINCE_HUC:Bicol Region:Masbate:POULTRY,All surveyed individuals,PROVINCE_HUC,Bicol Region,35,Masbate,PROVINCE_OR_HUC,POULTRY,epwt_fg17,Poultry,13,10.593532,9.148701,2357,602386.361,0.453721,2021
PROVINCE_HUC:Bicol Region:Masbate:STARCHY_ROOTS_TUBERS,All surveyed individuals,PROVINCE_HUC,Bicol Region,35,Masbate,PROVINCE_OR_HUC,STARCHY_ROOTS_TUBERS,epwt_fg5,Starchy Roots and Tubers,14,9.386414,11.310399,2357,602386.361,1.911431,2021
PROVINCE_HUC:Bicol Region:Masbate:DRIED_BEANS,All surveyed individuals,PROVINCE_HUC,Bicol Region,35,Masbate,PROVINCE_OR_HUC,DRIED_BEANS,epwt_fg7,Dried Beans,15,13.169906,2.21272,2357,602386.361,0.416692,2021
PROVINCE_HUC:Bicol Region:Masbate:OTHER_FRUITS,All surveyed individuals,PROVINCE_HUC,Bicol Region,35,Masbate,PROVINCE_OR_HUC,OTHER_FRUITS,epwt_fg13,Other Fruits,16,6.087629,7.610181,2357,602386.361,0.528555,2021
PROVINCE_HUC:Bicol Region:Masbate:CORN_PRODUCTS,All surveyed individuals,PROVINCE_HUC,Bicol Region,35,Masbate,PROVINCE_OR_HUC,CORN_PRODUCTS,epwt_fg3,Corn and Products,17,2.681099,2.851438,2357,602386.361,0.363536,2021
PROVINCE_HUC:Bicol Region:Masbate:OTHER_MISCELLANEOUS,All surveyed individuals,PROVINCE_HUC,Bicol Region,35,Masbate,PROVINCE_OR_HUC,OTHER_MISCELLANEOUS,epwt_fg27,Other Miscellaneous,18,5.23951,0.710173,2357,602386.361,0.347997,2021
PROVINCE_HUC:Bicol Region:Masbate:VITAMIN_C_RICH_FRUITS,All surveyed individuals,PROVINCE_HUC,Bicol Region,35,Masbate,PROVINCE_OR_HUC,VITAMIN_C_RICH_FRUITS,epwt_fg12,Vitamin C-Rich Fruits,19,0.994172,0.82331,2357,602386.361,0.322152,2021
PROVINCE_HUC:Bicol Region:Masbate:MILK_PRODUCTS,All surveyed individuals,PROVINCE_HUC,Bicol Region,35,Masbate,PROVINCE_OR_HUC,MILK_PRODUCTS,epwt_fg21,Milk Products,20,0.663624,0.305021,2357,602386.361,0.12927,2021
PROVINCE_HUC:Bicol Region:Sorsogon:RICE_PRODUCTS,All surveyed individuals,PROVINCE_HUC,Bicol Region,36,Sorsogon,PROVINCE_OR_HUC,RICE_PRODUCTS,epwt_fg2,Rice and Products,1,98.918728,232.059667,3082,666391.832,1.057796,2018
PROVINCE_HUC:Bicol Region:Sorsogon:OTHER_CEREAL_PRODUCTS,All surveyed individuals,PROVINCE_HUC,Bicol Region,36,Sorsogon,PROVINCE_OR_HUC,OTHER_CEREAL_PRODUCTS,epwt_fg4,Other Cereal Products,2,78.328937,71.424888,3082,666391.832,1.607712,2018
PROVINCE_HUC:Bicol Region:Sorsogon:FISH_PRODUCTS,All surveyed individuals,PROVINCE_HUC,Bicol Region,36,Sorsogon,PROVINCE_OR_HUC,FISH_PRODUCTS,epwt_fg15,Fish and Fish Products,3,63.148163,39.328425,3082,666391.832,0.903298,2018
PROVINCE_HUC:Bicol Region:Sorsogon:BEVERAGES,All surveyed individuals,PROVINCE_HUC,Bicol Region,36,Sorsogon,PROVINCE_OR_HUC,BEVERAGES,epwt_fg25,Beverages,4,65.211687,27.619408,3082,666391.832,1.072031,2018
PROVINCE_HUC:Bicol Region:Sorsogon:FATS_OILS,All surveyed individuals,PROVINCE_HUC,Bicol Region,36,Sorsogon,PROVINCE_OR_HUC,FATS_OILS,epwt_fg23,Fats and Oils,5,77.128956,7.984854,3082,666391.832,1.482901,2018
PROVINCE_HUC:Bicol Region:Sorsogon:MEAT_PRODUCTS,All surveyed individuals,PROVINCE_HUC,Bicol Region,36,Sorsogon,PROVINCE_OR_HUC,MEAT_PRODUCTS,epwt_fg16,Meat and Meat Products,6,42.141817,37.976905,3082,666391.832,0.948,2018
PROVINCE_HUC:Bicol Region:Sorsogon:SUGAR_SYRUPS,All surveyed individuals,PROVINCE_HUC,Bicol Region,36,Sorsogon,PROVINCE_OR_HUC,SUGAR_SYRUPS,epwt_fg6,Sugar and Syrups,7,53.892126,15.658366,3082,666391.832,0.443054,2018
PROVINCE_HUC:Bicol Region:Sorsogon:OTHER_VEGETABLES,All surveyed individuals,PROVINCE_HUC,Bicol Region,36,Sorsogon,PROVINCE_OR_HUC,OTHER_VEGETABLES,epwt_fg10,Other Vegetables,8,39.873869,21.94009,3082,666391.832,0.775091,2018
PROVINCE_HUC:Bicol Region:Sorsogon:GREEN_LEAFY_YELLOW_VEGETABLES,All surveyed individuals,PROVINCE_HUC,Bicol Region,36,Sorsogon,PROVINCE_OR_HUC,GREEN_LEAFY_YELLOW_VEGETABLES,epwt_fg9,Green Leafy and Yellow Vegetables,9,40.146283,11.037553,3082,666391.832,0.760099,2018
PROVINCE_HUC:Bicol Region:Sorsogon:EGGS,All surveyed individuals,PROVINCE_HUC,Bicol Region,36,Sorsogon,PROVINCE_OR_HUC,EGGS,epwt_fg18,Eggs,10,26.493009,10.328168,3082,666391.832,0.763039,2018
PROVINCE_HUC:Bicol Region:Sorsogon:WHOLE_MILK,All surveyed individuals,PROVINCE_HUC,Bicol Region,36,Sorsogon,PROVINCE_OR_HUC,WHOLE_MILK,epwt_fg20,Whole Milk,11,23.748243,11.017441,3082,666391.832,1.14748,2018
PROVINCE_HUC:Bicol Region:Sorsogon:POULTRY,All surveyed individuals,PROVINCE_HUC,Bicol Region,36,Sorsogon,PROVINCE_OR_HUC,POULTRY,epwt_fg17,Poultry,12,19.747786,15.489145,3082,666391.832,0.76817,2018
PROVINCE_HUC:Bicol Region:Sorsogon:OTHER_FRUITS,All surveyed individuals,PROVINCE_HUC,Bicol Region,36,Sorsogon,PROVINCE_OR_HUC,OTHER_FRUITS,epwt_fg13,Other Fruits,13,16.237153,20.206627,3082,666391.832,1.403426,2018
PROVINCE_HUC:Bicol Region:Sorsogon:DRIED_BEANS,All surveyed individuals,PROVINCE_HUC,Bicol Region,36,Sorsogon,PROVINCE_OR_HUC,DRIED_BEANS,epwt_fg7,Dried Beans,14,16.297096,3.118433,3082,666391.832,0.587252,2018
PROVINCE_HUC:Bicol Region:Sorsogon:STARCHY_ROOTS_TUBERS,All surveyed individuals,PROVINCE_HUC,Bicol Region,36,Sorsogon,PROVINCE_OR_HUC,STARCHY_ROOTS_TUBERS,epwt_fg5,Starchy Roots and Tubers,15,8.570306,6.026271,3082,666391.832,1.018426,2018
PROVINCE_HUC:Bicol Region:Sorsogon:OTHER_MISCELLANEOUS,All surveyed individuals,PROVINCE_HUC,Bicol Region,36,Sorsogon,PROVINCE_OR_HUC,OTHER_MISCELLANEOUS,epwt_fg27,Other Miscellaneous,16,9.274213,1.483904,3082,666391.832,0.727138,2018
PROVINCE_HUC:Bicol Region:Sorsogon:CONDIMENTS_SPICES,All surveyed individuals,PROVINCE_HUC,Bicol Region,36,Sorsogon,PROVINCE_OR_HUC,CONDIMENTS_SPICES,epwt_fg26,Condiments and Spices,17,9.024122,0.633723,3082,666391.832,0.362479,2018
PROVINCE_HUC:Bicol Region:Sorsogon:VITAMIN_C_RICH_FRUITS,All surveyed individuals,PROVINCE_HUC,Bicol Region,36,Sorsogon,PROVINCE_OR_HUC,VITAMIN_C_RICH_FRUITS,epwt_fg12,Vitamin C-Rich Fruits,18,2.013974,2.290505,3082,666391.832,0.89625,2018
PROVINCE_HUC:Bicol Region:Sorsogon:CORN_PRODUCTS,All surveyed individuals,PROVINCE_HUC,Bicol Region,36,Sorsogon,PROVINCE_OR_HUC,CORN_PRODUCTS,epwt_fg3,Corn and Products,19,2.352984,1.537929,3082,666391.832,0.196074,2018
PROVINCE_HUC:Bicol Region:Sorsogon:MILK_PRODUCTS,All surveyed individuals,PROVINCE_HUC,Bicol Region,36,Sorsogon,PROVINCE_OR_HUC,MILK_PRODUCTS,epwt_fg21,Milk Products,20,2.31174,1.228381,3082,666391.832,0.520596,2018
PROVINCE_HUC:Cagayan Valley:Batanes:RICE_PRODUCTS,All surveyed individuals,PROVINCE_HUC,Cagayan Valley,5,Batanes,PROVINCE_OR_HUC,RICE_PRODUCTS,epwt_fg2,Rice and Products,1,98.98772,206.225814,610,4658.447,0.940038,2021
PROVINCE_HUC:Cagayan Valley:Batanes:FISH_PRODUCTS,All surveyed individuals,PROVINCE_HUC,Cagayan Valley,5,Batanes,PROVINCE_OR_HUC,FISH_PRODUCTS,epwt_fg15,Fish and Fish Products,2,62.185466,57.306051,610,4658.447,1.316209,2021
PROVINCE_HUC:Cagayan Valley:Batanes:OTHER_VEGETABLES,All surveyed individuals,PROVINCE_HUC,Cagayan Valley,5,Batanes,PROVINCE_OR_HUC,OTHER_VEGETABLES,epwt_fg10,Other Vegetables,3,53.849538,47.229262,610,4658.447,1.668498,2021
PROVINCE_HUC:Cagayan Valley:Batanes:GREEN_LEAFY_YELLOW_VEGETABLES,All surveyed individuals,PROVINCE_HUC,Cagayan Valley,5,Batanes,PROVINCE_OR_HUC,GREEN_LEAFY_YELLOW_VEGETABLES,epwt_fg9,Green Leafy and Yellow Vegetables,4,58.438814,32.299533,610,4658.447,2.224301,2021
PROVINCE_HUC:Cagayan Valley:Batanes:OTHER_CEREAL_PRODUCTS,All surveyed individuals,PROVINCE_HUC,Cagayan Valley,5,Batanes,PROVINCE_OR_HUC,OTHER_CEREAL_PRODUCTS,epwt_fg4,Other Cereal Products,5,54.677496,39.866116,610,4658.447,0.897352,2021
PROVINCE_HUC:Cagayan Valley:Batanes:MEAT_PRODUCTS,All surveyed individuals,PROVINCE_HUC,Cagayan Valley,5,Batanes,PROVINCE_OR_HUC,MEAT_PRODUCTS,epwt_fg16,Meat and Meat Products,6,40.84692,36.006145,610,4658.447,0.898805,2021
PROVINCE_HUC:Cagayan Valley:Batanes:SUGAR_SYRUPS,All surveyed individuals,PROVINCE_HUC,Cagayan Valley,5,Batanes,PROVINCE_OR_HUC,SUGAR_SYRUPS,epwt_fg6,Sugar and Syrups,7,34.320506,26.483023,610,4658.447,0.749339,2021
PROVINCE_HUC:Cagayan Valley:Batanes:FATS_OILS,All surveyed individuals,PROVINCE_HUC,Cagayan Valley,5,Batanes,PROVINCE_OR_HUC,FATS_OILS,epwt_fg23,Fats and Oils,8,63.388036,4.861891,610,4658.447,0.902923,2021
PROVINCE_HUC:Cagayan Valley:Batanes:BEVERAGES,All surveyed individuals,PROVINCE_HUC,Cagayan Valley,5,Batanes,PROVINCE_OR_HUC,BEVERAGES,epwt_fg25,Beverages,9,38.026651,14.339351,610,4658.447,0.556573,2021
PROVINCE_HUC:Cagayan Valley:Batanes:EGGS,All surveyed individuals,PROVINCE_HUC,Cagayan Valley,5,Batanes,PROVINCE_OR_HUC,EGGS,epwt_fg18,Eggs,10,27.254719,11.057954,610,4658.447,0.816955,2021
PROVINCE_HUC:Cagayan Valley:Batanes:WHOLE_MILK,All surveyed individuals,PROVINCE_HUC,Cagayan Valley,5,Batanes,PROVINCE_OR_HUC,WHOLE_MILK,epwt_fg20,Whole Milk,11,27.206097,10.010155,610,4658.447,1.04257,2021
PROVINCE_HUC:Cagayan Valley:Batanes:DRIED_BEANS,All surveyed individuals,PROVINCE_HUC,Cagayan Valley,5,Batanes,PROVINCE_OR_HUC,DRIED_BEANS,epwt_fg7,Dried Beans,12,19.83293,3.446228,610,4658.447,0.648981,2021
PROVINCE_HUC:Cagayan Valley:Batanes:STARCHY_ROOTS_TUBERS,All surveyed individuals,PROVINCE_HUC,Cagayan Valley,5,Batanes,PROVINCE_OR_HUC,STARCHY_ROOTS_TUBERS,epwt_fg5,Starchy Roots and Tubers,13,10.298118,13.968387,610,4658.447,2.360625,2021
PROVINCE_HUC:Cagayan Valley:Batanes:POULTRY,All surveyed individuals,PROVINCE_HUC,Cagayan Valley,5,Batanes,PROVINCE_OR_HUC,POULTRY,epwt_fg17,Poultry,14,11.667768,8.130602,610,4658.447,0.40323,2021
PROVINCE_HUC:Cagayan Valley:Batanes:OTHER_FRUITS,All surveyed individuals,PROVINCE_HUC,Cagayan Valley,5,Batanes,PROVINCE_OR_HUC,OTHER_FRUITS,epwt_fg13,Other Fruits,15,3.128791,5.131679,610,4658.447,0.356414,2021
PROVINCE_HUC:Cagayan Valley:Batanes:CORN_PRODUCTS,All surveyed individuals,PROVINCE_HUC,Cagayan Valley,5,Batanes,PROVINCE_OR_HUC,CORN_PRODUCTS,epwt_fg3,Corn and Products,16,2.654378,3.779388,610,4658.447,0.481842,2021
PROVINCE_HUC:Cagayan Valley:Batanes:OTHER_MISCELLANEOUS,All surveyed individuals,PROVINCE_HUC,Cagayan Valley,5,Batanes,PROVINCE_OR_HUC,OTHER_MISCELLANEOUS,epwt_fg27,Other Miscellaneous,17,3.712369,0.428592,610,4658.447,0.210017,2021
PROVINCE_HUC:Cagayan Valley:Batanes:CONDIMENTS_SPICES,All surveyed individuals,PROVINCE_HUC,Cagayan Valley,5,Batanes,PROVINCE_OR_HUC,CONDIMENTS_SPICES,epwt_fg26,Condiments and Spices,18,4.762281,0.310083,610,4658.447,0.177362,2021
PROVINCE_HUC:Cagayan Valley:Batanes:VITAMIN_C_RICH_FRUITS,All surveyed individuals,PROVINCE_HUC,Cagayan Valley,5,Batanes,PROVINCE_OR_HUC,VITAMIN_C_RICH_FRUITS,epwt_fg12,Vitamin C-Rich Fruits,19,1.346338,0.87445,610,4658.447,0.342163,2021
PROVINCE_HUC:Cagayan Valley:Batanes:MILK_PRODUCTS,All surveyed individuals,PROVINCE_HUC,Cagayan Valley,5,Batanes,PROVINCE_OR_HUC,MILK_PRODUCTS,epwt_fg21,Milk Products,20,0.658369,0.174234,610,4658.447,0.073841,2021
PROVINCE_HUC:Cagayan Valley:Cagayan:RICE_PRODUCTS,All surveyed individuals,PROVINCE_HUC,Cagayan Valley,6,Cagayan,PROVINCE_OR_HUC,RICE_PRODUCTS,epwt_fg2,Rice and Products,1,98.051767,211.48296,2411,911614.692,0.964001,2018
PROVINCE_HUC:Cagayan Valley:Cagayan:OTHER_CEREAL_PRODUCTS,All surveyed individuals,PROVINCE_HUC,Cagayan Valley,6,Cagayan,PROVINCE_OR_HUC,OTHER_CEREAL_PRODUCTS,epwt_fg4,Other Cereal Products,2,64.446555,46.262385,2411,911614.692,1.041326,2018
PROVINCE_HUC:Cagayan Valley:Cagayan:SUGAR_SYRUPS,All surveyed individuals,PROVINCE_HUC,Cagayan Valley,6,Cagayan,PROVINCE_OR_HUC,SUGAR_SYRUPS,epwt_fg6,Sugar and Syrups,3,55.107324,71.880709,2411,911614.692,2.033869,2018
PROVINCE_HUC:Cagayan Valley:Cagayan:BEVERAGES,All surveyed individuals,PROVINCE_HUC,Cagayan Valley,6,Cagayan,PROVINCE_OR_HUC,BEVERAGES,epwt_fg25,Beverages,4,62.055795,37.684969,2411,911614.692,1.462719,2018
PROVINCE_HUC:Cagayan Valley:Cagayan:OTHER_VEGETABLES,All surveyed individuals,PROVINCE_HUC,Cagayan Valley,6,Cagayan,PROVINCE_OR_HUC,OTHER_VEGETABLES,epwt_fg10,Other Vegetables,5,58.928869,41.082103,2411,911614.692,1.451333,2018
PROVINCE_HUC:Cagayan Valley:Cagayan:MEAT_PRODUCTS,All surveyed individuals,PROVINCE_HUC,Cagayan Valley,6,Cagayan,PROVINCE_OR_HUC,MEAT_PRODUCTS,epwt_fg16,Meat and Meat Products,6,50.880185,58.660841,2411,911614.692,1.464324,2018
PROVINCE_HUC:Cagayan Valley:Cagayan:FISH_PRODUCTS,All surveyed individuals,PROVINCE_HUC,Cagayan Valley,6,Cagayan,PROVINCE_OR_HUC,FISH_PRODUCTS,epwt_fg15,Fish and Fish Products,7,53.611506,35.580477,2411,911614.692,0.817215,2018
PROVINCE_HUC:Cagayan Valley:Cagayan:GREEN_LEAFY_YELLOW_VEGETABLES,All surveyed individuals,PROVINCE_HUC,Cagayan Valley,6,Cagayan,PROVINCE_OR_HUC,GREEN_LEAFY_YELLOW_VEGETABLES,epwt_fg9,Green Leafy and Yellow Vegetables,8,40.599953,12.018179,2411,911614.692,0.82763,2018
PROVINCE_HUC:Cagayan Valley:Cagayan:EGGS,All surveyed individuals,PROVINCE_HUC,Cagayan Valley,6,Cagayan,PROVINCE_OR_HUC,EGGS,epwt_fg18,Eggs,9,34.037092,15.033686,2411,911614.692,1.110679,2018
PROVINCE_HUC:Cagayan Valley:Cagayan:POULTRY,All surveyed individuals,PROVINCE_HUC,Cagayan Valley,6,Cagayan,PROVINCE_OR_HUC,POULTRY,epwt_fg17,Poultry,10,27.996765,27.101737,2411,911614.692,1.344085,2018
PROVINCE_HUC:Cagayan Valley:Cagayan:FATS_OILS,All surveyed individuals,PROVINCE_HUC,Cagayan Valley,6,Cagayan,PROVINCE_OR_HUC,FATS_OILS,epwt_fg23,Fats and Oils,11,51.858309,4.51598,2411,911614.692,0.838682,2018
PROVINCE_HUC:Cagayan Valley:Cagayan:OTHER_FRUITS,All surveyed individuals,PROVINCE_HUC,Cagayan Valley,6,Cagayan,PROVINCE_OR_HUC,OTHER_FRUITS,epwt_fg13,Other Fruits,12,19.934928,26.099619,2411,911614.692,1.812716,2018
PROVINCE_HUC:Cagayan Valley:Cagayan:DRIED_BEANS,All surveyed individuals,PROVINCE_HUC,Cagayan Valley,6,Cagayan,PROVINCE_OR_HUC,DRIED_BEANS,epwt_fg7,Dried Beans,13,28.663333,7.156158,2411,911614.692,1.347622,2018
PROVINCE_HUC:Cagayan Valley:Cagayan:WHOLE_MILK,All surveyed individuals,PROVINCE_HUC,Cagayan Valley,6,Cagayan,PROVINCE_OR_HUC,WHOLE_MILK,epwt_fg20,Whole Milk,14,18.984842,8.54911,2411,911614.692,0.8904,2018
PROVINCE_HUC:Cagayan Valley:Cagayan:OTHER_MISCELLANEOUS,All surveyed individuals,PROVINCE_HUC,Cagayan Valley,6,Cagayan,PROVINCE_OR_HUC,OTHER_MISCELLANEOUS,epwt_fg27,Other Miscellaneous,15,21.797879,3.779761,2411,911614.692,1.852148,2018
PROVINCE_HUC:Cagayan Valley:Cagayan:STARCHY_ROOTS_TUBERS,All surveyed individuals,PROVINCE_HUC,Cagayan Valley,6,Cagayan,PROVINCE_OR_HUC,STARCHY_ROOTS_TUBERS,epwt_fg5,Starchy Roots and Tubers,16,13.877054,6.78104,2411,911614.692,1.14598,2018
PROVINCE_HUC:Cagayan Valley:Cagayan:CONDIMENTS_SPICES,All surveyed individuals,PROVINCE_HUC,Cagayan Valley,6,Cagayan,PROVINCE_OR_HUC,CONDIMENTS_SPICES,epwt_fg26,Condiments and Spices,17,15.951284,1.753958,2411,911614.692,1.003235,2018
PROVINCE_HUC:Cagayan Valley:Cagayan:VITAMIN_C_RICH_FRUITS,All surveyed individuals,PROVINCE_HUC,Cagayan Valley,6,Cagayan,PROVINCE_OR_HUC,VITAMIN_C_RICH_FRUITS,epwt_fg12,Vitamin C-Rich Fruits,18,4.84382,4.640589,2411,911614.692,1.815813,2018
PROVINCE_HUC:Cagayan Valley:Cagayan:MILK_PRODUCTS,All surveyed individuals,PROVINCE_HUC,Cagayan Valley,6,Cagayan,PROVINCE_OR_HUC,MILK_PRODUCTS,epwt_fg21,Milk Products,19,5.015815,2.567297,2411,911614.692,1.088037,2018
PROVINCE_HUC:Cagayan Valley:Cagayan:CORN_PRODUCTS,All surveyed individuals,PROVINCE_HUC,Cagayan Valley,6,Cagayan,PROVINCE_OR_HUC,CORN_PRODUCTS,epwt_fg3,Corn and Products,20,3.664778,2.270349,2411,911614.692,0.289452,2018
PROVINCE_HUC:Cagayan Valley:Isabela:RICE_PRODUCTS,All surveyed individuals,PROVINCE_HUC,Cagayan Valley,7,Isabela,PROVINCE_OR_HUC,RICE_PRODUCTS,epwt_fg2,Rice and Products,1,98.655202,205.663329,2549,1268650.157,0.937474,2018
PROVINCE_HUC:Cagayan Valley:Isabela:BEVERAGES,All surveyed individuals,PROVINCE_HUC,Cagayan Valley,7,Isabela,PROVINCE_OR_HUC,BEVERAGES,epwt_fg25,Beverages,2,64.722873,45.68716,2549,1268650.157,1.773319,2018
PROVINCE_HUC:Cagayan Valley:Isabela:OTHER_CEREAL_PRODUCTS,All surveyed individuals,PROVINCE_HUC,Cagayan Valley,7,Isabela,PROVINCE_OR_HUC,OTHER_CEREAL_PRODUCTS,epwt_fg4,Other Cereal Products,3,64.204732,44.489511,2549,1268650.157,1.00142,2018
PROVINCE_HUC:Cagayan Valley:Isabela:SUGAR_SYRUPS,All surveyed individuals,PROVINCE_HUC,Cagayan Valley,7,Isabela,PROVINCE_OR_HUC,SUGAR_SYRUPS,epwt_fg6,Sugar and Syrups,4,57.341864,68.723633,2549,1268650.157,1.94454,2018
PROVINCE_HUC:Cagayan Valley:Isabela:MEAT_PRODUCTS,All surveyed individuals,PROVINCE_HUC,Cagayan Valley,7,Isabela,PROVINCE_OR_HUC,MEAT_PRODUCTS,epwt_fg16,Meat and Meat Products,5,50.523987,55.675019,2549,1268650.157,1.38979,2018
PROVINCE_HUC:Cagayan Valley:Isabela:FISH_PRODUCTS,All surveyed individuals,PROVINCE_HUC,Cagayan Valley,7,Isabela,PROVINCE_OR_HUC,FISH_PRODUCTS,epwt_fg15,Fish and Fish Products,6,53.73892,31.206291,2549,1268650.157,0.716748,2018
PROVINCE_HUC:Cagayan Valley:Isabela:OTHER_VEGETABLES,All surveyed individuals,PROVINCE_HUC,Cagayan Valley,7,Isabela,PROVINCE_OR_HUC,OTHER_VEGETABLES,epwt_fg10,Other Vegetables,7,51.197545,35.212769,2549,1268650.157,1.243983,2018
PROVINCE_HUC:Cagayan Valley:Isabela:EGGS,All surveyed individuals,PROVINCE_HUC,Cagayan Valley,7,Isabela,PROVINCE_OR_HUC,EGGS,epwt_fg18,Eggs,8,35.067168,15.52741,2549,1268650.157,1.147155,2018
PROVINCE_HUC:Cagayan Valley:Isabela:POULTRY,All surveyed individuals,PROVINCE_HUC,Cagayan Valley,7,Isabela,PROVINCE_OR_HUC,POULTRY,epwt_fg17,Poultry,9,26.67841,27.289444,2549,1268650.157,1.353395,2018
PROVINCE_HUC:Cagayan Valley:Isabela:GREEN_LEAFY_YELLOW_VEGETABLES,All surveyed individuals,PROVINCE_HUC,Cagayan Valley,7,Isabela,PROVINCE_OR_HUC,GREEN_LEAFY_YELLOW_VEGETABLES,epwt_fg9,Green Leafy and Yellow Vegetables,10,37.14437,9.692866,2549,1268650.157,0.667497,2018
PROVINCE_HUC:Cagayan Valley:Isabela:FATS_OILS,All surveyed individuals,PROVINCE_HUC,Cagayan Valley,7,Isabela,PROVINCE_OR_HUC,FATS_OILS,epwt_fg23,Fats and Oils,11,54.34389,3.877785,2549,1268650.157,0.72016,2018
PROVINCE_HUC:Cagayan Valley:Isabela:DRIED_BEANS,All surveyed individuals,PROVINCE_HUC,Cagayan Valley,7,Isabela,PROVINCE_OR_HUC,DRIED_BEANS,epwt_fg7,Dried Beans,12,25.730495,8.548555,2549,1268650.157,1.609833,2018
PROVINCE_HUC:Cagayan Valley:Isabela:OTHER_FRUITS,All surveyed individuals,PROVINCE_HUC,Cagayan Valley,7,Isabela,PROVINCE_OR_HUC,OTHER_FRUITS,epwt_fg13,Other Fruits,13,14.791154,20.740107,2549,1268650.157,1.440478,2018
PROVINCE_HUC:Cagayan Valley:Isabela:WHOLE_MILK,All surveyed individuals,PROVINCE_HUC,Cagayan Valley,7,Isabela,PROVINCE_OR_HUC,WHOLE_MILK,epwt_fg20,Whole Milk,14,17.399786,7.638756,2549,1268650.157,0.795586,2018
PROVINCE_HUC:Cagayan Valley:Isabela:OTHER_MISCELLANEOUS,All surveyed individuals,PROVINCE_HUC,Cagayan Valley,7,Isabela,PROVINCE_OR_HUC,OTHER_MISCELLANEOUS,epwt_fg27,Other Miscellaneous,15,20.038744,4.658143,2549,1268650.157,2.28257,2018
PROVINCE_HUC:Cagayan Valley:Isabela:VITAMIN_C_RICH_FRUITS,All surveyed individuals,PROVINCE_HUC,Cagayan Valley,7,Isabela,PROVINCE_OR_HUC,VITAMIN_C_RICH_FRUITS,epwt_fg12,Vitamin C-Rich Fruits,16,8.997591,11.029859,2549,1268650.157,4.315865,2018
PROVINCE_HUC:Cagayan Valley:Isabela:STARCHY_ROOTS_TUBERS,All surveyed individuals,PROVINCE_HUC,Cagayan Valley,7,Isabela,PROVINCE_OR_HUC,STARCHY_ROOTS_TUBERS,epwt_fg5,Starchy Roots and Tubers,17,10.52939,4.289168,2549,1268650.157,0.724859,2018
PROVINCE_HUC:Cagayan Valley:Isabela:CONDIMENTS_SPICES,All surveyed individuals,PROVINCE_HUC,Cagayan Valley,7,Isabela,PROVINCE_OR_HUC,CONDIMENTS_SPICES,epwt_fg26,Condiments and Spices,18,15.76122,1.40175,2549,1268650.157,0.801778,2018
PROVINCE_HUC:Cagayan Valley:Isabela:CORN_PRODUCTS,All surveyed individuals,PROVINCE_HUC,Cagayan Valley,7,Isabela,PROVINCE_OR_HUC,CORN_PRODUCTS,epwt_fg3,Corn and Products,19,3.873347,2.33193,2549,1268650.157,0.297303,2018
PROVINCE_HUC:Cagayan Valley:Isabela:MILK_PRODUCTS,All surveyed individuals,PROVINCE_HUC,Cagayan Valley,7,Isabela,PROVINCE_OR_HUC,MILK_PRODUCTS,epwt_fg21,Milk Products,20,3.054157,2.555438,2549,1268650.157,1.08301,2018
PROVINCE_HUC:Cagayan Valley:Nueva Vizcaya:RICE_PRODUCTS,All surveyed individuals,PROVINCE_HUC,Cagayan Valley,8,Nueva Vizcaya,PROVINCE_OR_HUC,RICE_PRODUCTS,epwt_fg2,Rice and Products,1,98.857394,223.732327,2142,343917.149,1.019837,2018
PROVINCE_HUC:Cagayan Valley:Nueva Vizcaya:OTHER_VEGETABLES,All surveyed individuals,PROVINCE_HUC,Cagayan Valley,8,Nueva Vizcaya,PROVINCE_OR_HUC,OTHER_VEGETABLES,epwt_fg10,Other Vegetables,2,55.653843,48.578092,2142,343917.149,1.716149,2018
PROVINCE_HUC:Cagayan Valley:Nueva Vizcaya:OTHER_CEREAL_PRODUCTS,All surveyed individuals,PROVINCE_HUC,Cagayan Valley,8,Nueva Vizcaya,PROVINCE_OR_HUC,OTHER_CEREAL_PRODUCTS,epwt_fg4,Other Cereal Products,3,56.071782,37.585029,2142,343917.149,0.846006,2018
PROVINCE_HUC:Cagayan Valley:Nueva Vizcaya:SUGAR_SYRUPS,All surveyed individuals,PROVINCE_HUC,Cagayan Valley,8,Nueva Vizcaya,PROVINCE_OR_HUC,SUGAR_SYRUPS,epwt_fg6,Sugar and Syrups,4,49.82231,40.5852,2142,343917.149,1.148361,2018
PROVINCE_HUC:Cagayan Valley:Nueva Vizcaya:BEVERAGES,All surveyed individuals,PROVINCE_HUC,Cagayan Valley,8,Nueva Vizcaya,PROVINCE_OR_HUC,BEVERAGES,epwt_fg25,Beverages,5,53.620294,28.828438,2142,343917.149,1.118958,2018
PROVINCE_HUC:Cagayan Valley:Nueva Vizcaya:MEAT_PRODUCTS,All surveyed individuals,PROVINCE_HUC,Cagayan Valley,8,Nueva Vizcaya,PROVINCE_OR_HUC,MEAT_PRODUCTS,epwt_fg16,Meat and Meat Products,6,44.932822,52.409662,2142,343917.149,1.308278,2018
PROVINCE_HUC:Cagayan Valley:Nueva Vizcaya:GREEN_LEAFY_YELLOW_VEGETABLES,All surveyed individuals,PROVINCE_HUC,Cagayan Valley,8,Nueva Vizcaya,PROVINCE_OR_HUC,GREEN_LEAFY_YELLOW_VEGETABLES,epwt_fg9,Green Leafy and Yellow Vegetables,7,46.211675,21.281304,2142,343917.149,1.465533,2018
PROVINCE_HUC:Cagayan Valley:Nueva Vizcaya:FISH_PRODUCTS,All surveyed individuals,PROVINCE_HUC,Cagayan Valley,8,Nueva Vizcaya,PROVINCE_OR_HUC,FISH_PRODUCTS,epwt_fg15,Fish and Fish Products,8,41.82997,24.106617,2142,343917.149,0.553682,2018
PROVINCE_HUC:Cagayan Valley:Nueva Vizcaya:EGGS,All surveyed individuals,PROVINCE_HUC,Cagayan Valley,8,Nueva Vizcaya,PROVINCE_OR_HUC,EGGS,epwt_fg18,Eggs,9,31.56701,14.697506,2142,343917.149,1.085843,2018
PROVINCE_HUC:Cagayan Valley:Nueva Vizcaya:FATS_OILS,All surveyed individuals,PROVINCE_HUC,Cagayan Valley,8,Nueva Vizcaya,PROVINCE_OR_HUC,FATS_OILS,epwt_fg23,Fats and Oils,10,50.972934,4.399373,2142,343917.149,0.817026,2018
PROVINCE_HUC:Cagayan Valley:Nueva Vizcaya:POULTRY,All surveyed individuals,PROVINCE_HUC,Cagayan Valley,8,Nueva Vizcaya,PROVINCE_OR_HUC,POULTRY,epwt_fg17,Poultry,11,21.925851,20.850504,2142,343917.149,1.034061,2018
PROVINCE_HUC:Cagayan Valley:Nueva Vizcaya:OTHER_FRUITS,All surveyed individuals,PROVINCE_HUC,Cagayan Valley,8,Nueva Vizcaya,PROVINCE_OR_HUC,OTHER_FRUITS,epwt_fg13,Other Fruits,12,17.091908,18.838087,2142,343917.149,1.308375,2018
PROVINCE_HUC:Cagayan Valley:Nueva Vizcaya:WHOLE_MILK,All surveyed individuals,PROVINCE_HUC,Cagayan Valley,8,Nueva Vizcaya,PROVINCE_OR_HUC,WHOLE_MILK,epwt_fg20,Whole Milk,13,19.568849,9.249077,2142,343917.149,0.963303,2018
PROVINCE_HUC:Cagayan Valley:Nueva Vizcaya:DRIED_BEANS,All surveyed individuals,PROVINCE_HUC,Cagayan Valley,8,Nueva Vizcaya,PROVINCE_OR_HUC,DRIED_BEANS,epwt_fg7,Dried Beans,14,21.974107,5.410065,2142,343917.149,1.018804,2018
PROVINCE_HUC:Cagayan Valley:Nueva Vizcaya:STARCHY_ROOTS_TUBERS,All surveyed individuals,PROVINCE_HUC,Cagayan Valley,8,Nueva Vizcaya,PROVINCE_OR_HUC,STARCHY_ROOTS_TUBERS,epwt_fg5,Starchy Roots and Tubers,15,14.262609,10.432298,2142,343917.149,1.763034,2018
PROVINCE_HUC:Cagayan Valley:Nueva Vizcaya:OTHER_MISCELLANEOUS,All surveyed individuals,PROVINCE_HUC,Cagayan Valley,8,Nueva Vizcaya,PROVINCE_OR_HUC,OTHER_MISCELLANEOUS,epwt_fg27,Other Miscellaneous,16,16.195022,4.581275,2142,343917.149,2.244904,2018
PROVINCE_HUC:Cagayan Valley:Nueva Vizcaya:VITAMIN_C_RICH_FRUITS,All surveyed individuals,PROVINCE_HUC,Cagayan Valley,8,Nueva Vizcaya,PROVINCE_OR_HUC,VITAMIN_C_RICH_FRUITS,epwt_fg12,Vitamin C-Rich Fruits,17,7.851868,6.883408,2142,343917.149,2.693404,2018
PROVINCE_HUC:Cagayan Valley:Nueva Vizcaya:CONDIMENTS_SPICES,All surveyed individuals,PROVINCE_HUC,Cagayan Valley,8,Nueva Vizcaya,PROVINCE_OR_HUC,CONDIMENTS_SPICES,epwt_fg26,Condiments and Spices,18,17.730665,1.490525,2142,343917.149,0.852556,2018
PROVINCE_HUC:Cagayan Valley:Nueva Vizcaya:CORN_PRODUCTS,All surveyed individuals,PROVINCE_HUC,Cagayan Valley,8,Nueva Vizcaya,PROVINCE_OR_HUC,CORN_PRODUCTS,epwt_fg3,Corn and Products,19,6.224968,4.242544,2142,343917.149,0.540891,2018
PROVINCE_HUC:Cagayan Valley:Nueva Vizcaya:MILK_PRODUCTS,All surveyed individuals,PROVINCE_HUC,Cagayan Valley,8,Nueva Vizcaya,PROVINCE_OR_HUC,MILK_PRODUCTS,epwt_fg21,Milk Products,20,4.688781,3.643409,2142,343917.149,1.544099,2018
PROVINCE_HUC:Cagayan Valley:Quirino:RICE_PRODUCTS,All surveyed individuals,PROVINCE_HUC,Cagayan Valley,9,Quirino,PROVINCE_OR_HUC,RICE_PRODUCTS,epwt_fg2,Rice and Products,1,99.51387,230.503538,2390,146223.208,1.050702,2019
PROVINCE_HUC:Cagayan Valley:Quirino:OTHER_VEGETABLES,All surveyed individuals,PROVINCE_HUC,Cagayan Valley,9,Quirino,PROVINCE_OR_HUC,OTHER_VEGETABLES,epwt_fg10,Other Vegetables,2,59.987845,51.488894,2390,146223.208,1.81898,2019
PROVINCE_HUC:Cagayan Valley:Quirino:BEVERAGES,All surveyed individuals,PROVINCE_HUC,Cagayan Valley,9,Quirino,PROVINCE_OR_HUC,BEVERAGES,epwt_fg25,Beverages,3,58.622153,42.994293,2390,146223.208,1.668797,2019
PROVINCE_HUC:Cagayan Valley:Quirino:SUGAR_SYRUPS,All surveyed individuals,PROVINCE_HUC,Cagayan Valley,9,Quirino,PROVINCE_OR_HUC,SUGAR_SYRUPS,epwt_fg6,Sugar and Syrups,4,52.631066,55.850521,2390,146223.208,1.580294,2019
PROVINCE_HUC:Cagayan Valley:Quirino:OTHER_CEREAL_PRODUCTS,All surveyed individuals,PROVINCE_HUC,Cagayan Valley,9,Quirino,PROVINCE_OR_HUC,OTHER_CEREAL_PRODUCTS,epwt_fg4,Other Cereal Products,5,57.176035,36.926889,2390,146223.208,0.831192,2019
PROVINCE_HUC:Cagayan Valley:Quirino:MEAT_PRODUCTS,All surveyed individuals,PROVINCE_HUC,Cagayan Valley,9,Quirino,PROVINCE_OR_HUC,MEAT_PRODUCTS,epwt_fg16,Meat and Meat Products,6,47.16046,57.742457,2390,146223.208,1.441399,2019
PROVINCE_HUC:Cagayan Valley:Quirino:FISH_PRODUCTS,All surveyed individuals,PROVINCE_HUC,Cagayan Valley,9,Quirino,PROVINCE_OR_HUC,FISH_PRODUCTS,epwt_fg15,Fish and Fish Products,7,53.161433,33.448593,2390,146223.208,0.76825,2019
PROVINCE_HUC:Cagayan Valley:Quirino:GREEN_LEAFY_YELLOW_VEGETABLES,All surveyed individuals,PROVINCE_HUC,Cagayan Valley,9,Quirino,PROVINCE_OR_HUC,GREEN_LEAFY_YELLOW_VEGETABLES,epwt_fg9,Green Leafy and Yellow Vegetables,8,38.472119,13.562831,2390,146223.208,0.934002,2019
PROVINCE_HUC:Cagayan Valley:Quirino:EGGS,All surveyed individuals,PROVINCE_HUC,Cagayan Valley,9,Quirino,PROVINCE_OR_HUC,EGGS,epwt_fg18,Eggs,9,33.563739,14.504849,2390,146223.208,1.071609,2019
PROVINCE_HUC:Cagayan Valley:Quirino:FATS_OILS,All surveyed individuals,PROVINCE_HUC,Cagayan Valley,9,Quirino,PROVINCE_OR_HUC,FATS_OILS,epwt_fg23,Fats and Oils,10,53.893502,3.849724,2390,146223.208,0.714949,2019
PROVINCE_HUC:Cagayan Valley:Quirino:POULTRY,All surveyed individuals,PROVINCE_HUC,Cagayan Valley,9,Quirino,PROVINCE_OR_HUC,POULTRY,epwt_fg17,Poultry,11,24.322903,24.790494,2390,146223.208,1.229461,2019
PROVINCE_HUC:Cagayan Valley:Quirino:DRIED_BEANS,All surveyed individuals,PROVINCE_HUC,Cagayan Valley,9,Quirino,PROVINCE_OR_HUC,DRIED_BEANS,epwt_fg7,Dried Beans,12,27.055832,7.269221,2390,146223.208,1.368914,2019
PROVINCE_HUC:Cagayan Valley:Quirino:WHOLE_MILK,All surveyed individuals,PROVINCE_HUC,Cagayan Valley,9,Quirino,PROVINCE_OR_HUC,WHOLE_MILK,epwt_fg20,Whole Milk,13,18.362416,7.832116,2390,146223.208,0.815725,2019
PROVINCE_HUC:Cagayan Valley:Quirino:OTHER_MISCELLANEOUS,All surveyed individuals,PROVINCE_HUC,Cagayan Valley,9,Quirino,PROVINCE_OR_HUC,OTHER_MISCELLANEOUS,epwt_fg27,Other Miscellaneous,14,17.7553,7.704477,2390,146223.208,3.775326,2019
PROVINCE_HUC:Cagayan Valley:Quirino:OTHER_FRUITS,All surveyed individuals,PROVINCE_HUC,Cagayan Valley,9,Quirino,PROVINCE_OR_HUC,OTHER_FRUITS,epwt_fg13,Other Fruits,15,10.540993,14.286826,2390,146223.208,0.992273,2019
PROVINCE_HUC:Cagayan Valley:Quirino:VITAMIN_C_RICH_FRUITS,All surveyed individuals,PROVINCE_HUC,Cagayan Valley,9,Quirino,PROVINCE_OR_HUC,VITAMIN_C_RICH_FRUITS,epwt_fg12,Vitamin C-Rich Fruits,16,9.209946,11.62435,2390,146223.208,4.548484,2019
PROVINCE_HUC:Cagayan Valley:Quirino:STARCHY_ROOTS_TUBERS,All surveyed individuals,PROVINCE_HUC,Cagayan Valley,9,Quirino,PROVINCE_OR_HUC,STARCHY_ROOTS_TUBERS,epwt_fg5,Starchy Roots and Tubers,17,11.309139,6.066411,2390,146223.208,1.025209,2019
PROVINCE_HUC:Cagayan Valley:Quirino:CONDIMENTS_SPICES,All surveyed individuals,PROVINCE_HUC,Cagayan Valley,9,Quirino,PROVINCE_OR_HUC,CONDIMENTS_SPICES,epwt_fg26,Condiments and Spices,18,15.595148,1.507156,2390,146223.208,0.862068,2019
PROVINCE_HUC:Cagayan Valley:Quirino:MILK_PRODUCTS,All surveyed individuals,PROVINCE_HUC,Cagayan Valley,9,Quirino,PROVINCE_OR_HUC,MILK_PRODUCTS,epwt_fg21,Milk Products,19,3.883824,3.012755,2390,146223.208,1.276824,2019
PROVINCE_HUC:Cagayan Valley:Quirino:CORN_PRODUCTS,All surveyed individuals,PROVINCE_HUC,Cagayan Valley,9,Quirino,PROVINCE_OR_HUC,CORN_PRODUCTS,epwt_fg3,Corn and Products,20,2.737829,1.289841,2390,146223.208,0.164445,2019
PROVINCE_HUC:CALABARZON:Batangas:RICE_PRODUCTS,All surveyed individuals,PROVINCE_HUC,CALABARZON,19,Batangas,PROVINCE_OR_HUC,RICE_PRODUCTS,epwt_fg2,Rice and Products,1,99.068767,208.00243,2125,2179271.635,0.948136,2021
PROVINCE_HUC:CALABARZON:Batangas:OTHER_CEREAL_PRODUCTS,All surveyed individuals,PROVINCE_HUC,CALABARZON,19,Batangas,PROVINCE_OR_HUC,OTHER_CEREAL_PRODUCTS,epwt_fg4,Other Cereal Products,2,66.141376,50.688515,2125,2179271.635,1.140955,2021
PROVINCE_HUC:CALABARZON:Batangas:FISH_PRODUCTS,All surveyed individuals,PROVINCE_HUC,CALABARZON,19,Batangas,PROVINCE_OR_HUC,FISH_PRODUCTS,epwt_fg15,Fish and Fish Products,3,57.495323,41.552981,2125,2179271.635,0.954392,2021
PROVINCE_HUC:CALABARZON:Batangas:MEAT_PRODUCTS,All surveyed individuals,PROVINCE_HUC,CALABARZON,19,Batangas,PROVINCE_OR_HUC,MEAT_PRODUCTS,epwt_fg16,Meat and Meat Products,4,45.671954,47.354965,2125,2179271.635,1.1821,2021
PROVINCE_HUC:CALABARZON:Batangas:FATS_OILS,All surveyed individuals,PROVINCE_HUC,CALABARZON,19,Batangas,PROVINCE_OR_HUC,FATS_OILS,epwt_fg23,Fats and Oils,5,77.330449,6.90392,2125,2179271.635,1.282157,2021
PROVINCE_HUC:CALABARZON:Batangas:BEVERAGES,All surveyed individuals,PROVINCE_HUC,CALABARZON,19,Batangas,PROVINCE_OR_HUC,BEVERAGES,epwt_fg25,Beverages,6,49.920552,22.867213,2125,2179271.635,0.887577,2021
PROVINCE_HUC:CALABARZON:Batangas:OTHER_VEGETABLES,All surveyed individuals,PROVINCE_HUC,CALABARZON,19,Batangas,PROVINCE_OR_HUC,OTHER_VEGETABLES,epwt_fg10,Other Vegetables,7,45.575194,27.396043,2125,2179271.635,0.967837,2021
PROVINCE_HUC:CALABARZON:Batangas:EGGS,All surveyed individuals,PROVINCE_HUC,CALABARZON,19,Batangas,PROVINCE_OR_HUC,EGGS,epwt_fg18,Eggs,8,42.497293,20.120247,2125,2179271.635,1.486471,2021
PROVINCE_HUC:CALABARZON:Batangas:GREEN_LEAFY_YELLOW_VEGETABLES,All surveyed individuals,PROVINCE_HUC,CALABARZON,19,Batangas,PROVINCE_OR_HUC,GREEN_LEAFY_YELLOW_VEGETABLES,epwt_fg9,Green Leafy and Yellow Vegetables,9,37.447785,11.669051,2125,2179271.635,0.803587,2021
PROVINCE_HUC:CALABARZON:Batangas:POULTRY,All surveyed individuals,PROVINCE_HUC,CALABARZON,19,Batangas,PROVINCE_OR_HUC,POULTRY,epwt_fg17,Poultry,10,29.170006,24.883727,2125,2179271.635,1.234085,2021
PROVINCE_HUC:CALABARZON:Batangas:SUGAR_SYRUPS,All surveyed individuals,PROVINCE_HUC,CALABARZON,19,Batangas,PROVINCE_OR_HUC,SUGAR_SYRUPS,epwt_fg6,Sugar and Syrups,11,29.42623,21.719233,2125,2179271.635,0.614547,2021
PROVINCE_HUC:CALABARZON:Batangas:DRIED_BEANS,All surveyed individuals,PROVINCE_HUC,CALABARZON,19,Batangas,PROVINCE_OR_HUC,DRIED_BEANS,epwt_fg7,Dried Beans,12,28.764917,6.372138,2125,2179271.635,1.199978,2021
PROVINCE_HUC:CALABARZON:Batangas:WHOLE_MILK,All surveyed individuals,PROVINCE_HUC,CALABARZON,19,Batangas,PROVINCE_OR_HUC,WHOLE_MILK,epwt_fg20,Whole Milk,13,17.839588,10.340534,2125,2179271.635,1.076979,2021
PROVINCE_HUC:CALABARZON:Batangas:OTHER_FRUITS,All surveyed individuals,PROVINCE_HUC,CALABARZON,19,Batangas,PROVINCE_OR_HUC,OTHER_FRUITS,epwt_fg13,Other Fruits,14,10.681006,9.985451,2125,2179271.635,0.693527,2021
PROVINCE_HUC:CALABARZON:Batangas:CONDIMENTS_SPICES,All surveyed individuals,PROVINCE_HUC,CALABARZON,19,Batangas,PROVINCE_OR_HUC,CONDIMENTS_SPICES,epwt_fg26,Condiments and Spices,15,17.341747,1.915974,2125,2179271.635,1.095906,2021
PROVINCE_HUC:CALABARZON:Batangas:STARCHY_ROOTS_TUBERS,All surveyed individuals,PROVINCE_HUC,CALABARZON,19,Batangas,PROVINCE_OR_HUC,STARCHY_ROOTS_TUBERS,epwt_fg5,Starchy Roots and Tubers,16,9.649965,4.382944,2125,2179271.635,0.740707,2021
PROVINCE_HUC:CALABARZON:Batangas:MILK_PRODUCTS,All surveyed individuals,PROVINCE_HUC,CALABARZON,19,Batangas,PROVINCE_OR_HUC,MILK_PRODUCTS,epwt_fg21,Milk Products,17,6.329211,3.458551,2125,2179271.635,1.465756,2021
PROVINCE_HUC:CALABARZON:Batangas:OTHER_MISCELLANEOUS,All surveyed individuals,PROVINCE_HUC,CALABARZON,19,Batangas,PROVINCE_OR_HUC,OTHER_MISCELLANEOUS,epwt_fg27,Other Miscellaneous,18,5.42035,1.528991,2125,2179271.635,0.749232,2021
PROVINCE_HUC:CALABARZON:Batangas:VITAMIN_C_RICH_FRUITS,All surveyed individuals,PROVINCE_HUC,CALABARZON,19,Batangas,PROVINCE_OR_HUC,VITAMIN_C_RICH_FRUITS,epwt_fg12,Vitamin C-Rich Fruits,19,5.18536,0.553118,2125,2179271.635,0.216429,2021
PROVINCE_HUC:CALABARZON:Batangas:CORN_PRODUCTS,All surveyed individuals,PROVINCE_HUC,CALABARZON,19,Batangas,PROVINCE_OR_HUC,CORN_PRODUCTS,epwt_fg3,Corn and Products,20,2.649978,1.303427,2125,2179271.635,0.166177,2021
PROVINCE_HUC:CALABARZON:Cavite:RICE_PRODUCTS,All surveyed individuals,PROVINCE_HUC,CALABARZON,20,Cavite,PROVINCE_OR_HUC,RICE_PRODUCTS,epwt_fg2,Rice and Products,1,98.556767,202.807727,1867,3175849.655,0.924457,2021
PROVINCE_HUC:CALABARZON:Cavite:OTHER_CEREAL_PRODUCTS,All surveyed individuals,PROVINCE_HUC,CALABARZON,20,Cavite,PROVINCE_OR_HUC,OTHER_CEREAL_PRODUCTS,epwt_fg4,Other Cereal Products,2,76.743569,63.509887,1867,3175849.655,1.429553,2021
PROVINCE_HUC:CALABARZON:Cavite:MEAT_PRODUCTS,All surveyed individuals,PROVINCE_HUC,CALABARZON,20,Cavite,PROVINCE_OR_HUC,MEAT_PRODUCTS,epwt_fg16,Meat and Meat Products,3,48.904608,44.527975,1867,3175849.655,1.111531,2021
PROVINCE_HUC:CALABARZON:Cavite:BEVERAGES,All surveyed individuals,PROVINCE_HUC,CALABARZON,20,Cavite,PROVINCE_OR_HUC,BEVERAGES,epwt_fg25,Beverages,4,51.817865,25.692959,1867,3175849.655,0.997257,2021
PROVINCE_HUC:CALABARZON:Cavite:FISH_PRODUCTS,All surveyed individuals,PROVINCE_HUC,CALABARZON,20,Cavite,PROVINCE_OR_HUC,FISH_PRODUCTS,epwt_fg15,Fish and Fish Products,5,47.297303,33.307101,1867,3175849.655,0.765,2021
PROVINCE_HUC:CALABARZON:Cavite:FATS_OILS,All surveyed individuals,PROVINCE_HUC,CALABARZON,20,Cavite,PROVINCE_OR_HUC,FATS_OILS,epwt_fg23,Fats and Oils,6,72.467724,6.563136,1867,3175849.655,1.218868,2021
PROVINCE_HUC:CALABARZON:Cavite:POULTRY,All surveyed individuals,PROVINCE_HUC,CALABARZON,20,Cavite,PROVINCE_OR_HUC,POULTRY,epwt_fg17,Poultry,7,38.2904,31.206187,1867,3175849.655,1.547642,2021
PROVINCE_HUC:CALABARZON:Cavite:OTHER_VEGETABLES,All surveyed individuals,PROVINCE_HUC,CALABARZON,20,Cavite,PROVINCE_OR_HUC,OTHER_VEGETABLES,epwt_fg10,Other Vegetables,8,40.182741,20.81499,1867,3175849.655,0.735344,2021
PROVINCE_HUC:CALABARZON:Cavite:SUGAR_SYRUPS,All surveyed individuals,PROVINCE_HUC,CALABARZON,20,Cavite,PROVINCE_OR_HUC,SUGAR_SYRUPS,epwt_fg6,Sugar and Syrups,9,31.780382,41.778283,1867,3175849.655,1.182119,2021
PROVINCE_HUC:CALABARZON:Cavite:EGGS,All surveyed individuals,PROVINCE_HUC,CALABARZON,20,Cavite,PROVINCE_OR_HUC,EGGS,epwt_fg18,Eggs,10,39.733617,18.044637,1867,3175849.655,1.333126,2021
PROVINCE_HUC:CALABARZON:Cavite:GREEN_LEAFY_YELLOW_VEGETABLES,All surveyed individuals,PROVINCE_HUC,CALABARZON,20,Cavite,PROVINCE_OR_HUC,GREEN_LEAFY_YELLOW_VEGETABLES,epwt_fg9,Green Leafy and Yellow Vegetables,11,32.283763,8.878586,1867,3175849.655,0.611422,2021
PROVINCE_HUC:CALABARZON:Cavite:DRIED_BEANS,All surveyed individuals,PROVINCE_HUC,CALABARZON,20,Cavite,PROVINCE_OR_HUC,DRIED_BEANS,epwt_fg7,Dried Beans,12,28.408327,9.246024,1867,3175849.655,1.741178,2021
PROVINCE_HUC:CALABARZON:Cavite:WHOLE_MILK,All surveyed individuals,PROVINCE_HUC,CALABARZON,20,Cavite,PROVINCE_OR_HUC,WHOLE_MILK,epwt_fg20,Whole Milk,13,19.017135,11.594867,1867,3175849.655,1.20762,2021
PROVINCE_HUC:CALABARZON:Cavite:OTHER_FRUITS,All surveyed individuals,PROVINCE_HUC,CALABARZON,20,Cavite,PROVINCE_OR_HUC,OTHER_FRUITS,epwt_fg13,Other Fruits,14,14.342305,13.348761,1867,3175849.655,0.927121,2021
PROVINCE_HUC:CALABARZON:Cavite:STARCHY_ROOTS_TUBERS,All surveyed individuals,PROVINCE_HUC,CALABARZON,20,Cavite,PROVINCE_OR_HUC,STARCHY_ROOTS_TUBERS,epwt_fg5,Starchy Roots and Tubers,15,14.219396,6.655131,1867,3175849.655,1.124702,2021
PROVINCE_HUC:CALABARZON:Cavite:CONDIMENTS_SPICES,All surveyed individuals,PROVINCE_HUC,CALABARZON,20,Cavite,PROVINCE_OR_HUC,CONDIMENTS_SPICES,epwt_fg26,Condiments and Spices,16,18.487563,1.434687,1867,3175849.655,0.820617,2021
PROVINCE_HUC:CALABARZON:Cavite:MILK_PRODUCTS,All surveyed individuals,PROVINCE_HUC,CALABARZON,20,Cavite,PROVINCE_OR_HUC,MILK_PRODUCTS,epwt_fg21,Milk Products,17,7.114496,3.795029,1867,3175849.655,1.608357,2021
PROVINCE_HUC:CALABARZON:Cavite:OTHER_MISCELLANEOUS,All surveyed individuals,PROVINCE_HUC,CALABARZON,20,Cavite,PROVINCE_OR_HUC,OTHER_MISCELLANEOUS,epwt_fg27,Other Miscellaneous,18,7.517252,2.109812,1867,3175849.655,1.033844,2021
PROVINCE_HUC:CALABARZON:Cavite:CORN_PRODUCTS,All surveyed individuals,PROVINCE_HUC,CALABARZON,20,Cavite,PROVINCE_OR_HUC,CORN_PRODUCTS,epwt_fg3,Corn and Products,19,4.345484,2.068119,1867,3175849.655,0.263669,2021
PROVINCE_HUC:CALABARZON:Cavite:VITAMIN_C_RICH_FRUITS,All surveyed individuals,PROVINCE_HUC,CALABARZON,20,Cavite,PROVINCE_OR_HUC,VITAMIN_C_RICH_FRUITS,epwt_fg12,Vitamin C-Rich Fruits,20,3.530544,1.538078,1867,3175849.655,0.601834,2021
PROVINCE_HUC:CALABARZON:Laguna:RICE_PRODUCTS,All surveyed individuals,PROVINCE_HUC,CALABARZON,21,Laguna,PROVINCE_OR_HUC,RICE_PRODUCTS,epwt_fg2,Rice and Products,1,98.48288,215.760847,1963,2389555.484,0.983501,2018
PROVINCE_HUC:CALABARZON:Laguna:OTHER_CEREAL_PRODUCTS,All surveyed individuals,PROVINCE_HUC,CALABARZON,21,Laguna,PROVINCE_OR_HUC,OTHER_CEREAL_PRODUCTS,epwt_fg4,Other Cereal Products,2,77.642444,70.875462,1963,2389555.484,1.595345,2018
PROVINCE_HUC:CALABARZON:Laguna:MEAT_PRODUCTS,All surveyed individuals,PROVINCE_HUC,CALABARZON,21,Laguna,PROVINCE_OR_HUC,MEAT_PRODUCTS,epwt_fg16,Meat and Meat Products,3,62.400063,69.772756,1963,2389555.484,1.741705,2018
PROVINCE_HUC:CALABARZON:Laguna:BEVERAGES,All surveyed individuals,PROVINCE_HUC,CALABARZON,21,Laguna,PROVINCE_OR_HUC,BEVERAGES,epwt_fg25,Beverages,4,61.817933,43.720322,1963,2389555.484,1.696978,2018
PROVINCE_HUC:CALABARZON:Laguna:OTHER_VEGETABLES,All surveyed individuals,PROVINCE_HUC,CALABARZON,21,Laguna,PROVINCE_OR_HUC,OTHER_VEGETABLES,epwt_fg10,Other Vegetables,5,50.675695,29.138573,1963,2389555.484,1.029397,2018
PROVINCE_HUC:CALABARZON:Laguna:FISH_PRODUCTS,All surveyed individuals,PROVINCE_HUC,CALABARZON,21,Laguna,PROVINCE_OR_HUC,FISH_PRODUCTS,epwt_fg15,Fish and Fish Products,6,46.560069,34.250582,1963,2389555.484,0.78667,2018
PROVINCE_HUC:CALABARZON:Laguna:FATS_OILS,All surveyed individuals,PROVINCE_HUC,CALABARZON,21,Laguna,PROVINCE_OR_HUC,FATS_OILS,epwt_fg23,Fats and Oils,7,72.471536,7.261907,1963,2389555.484,1.34864,2018
PROVINCE_HUC:CALABARZON:Laguna:SUGAR_SYRUPS,All surveyed individuals,PROVINCE_HUC,CALABARZON,21,Laguna,PROVINCE_OR_HUC,SUGAR_SYRUPS,epwt_fg6,Sugar and Syrups,8,35.896655,40.479039,1963,2389555.484,1.145357,2018
PROVINCE_HUC:CALABARZON:Laguna:POULTRY,All surveyed individuals,PROVINCE_HUC,CALABARZON,21,Laguna,PROVINCE_OR_HUC,POULTRY,epwt_fg17,Poultry,9,33.876569,31.555689,1963,2389555.484,1.564975,2018
PROVINCE_HUC:CALABARZON:Laguna:EGGS,All surveyed individuals,PROVINCE_HUC,CALABARZON,21,Laguna,PROVINCE_OR_HUC,EGGS,epwt_fg18,Eggs,10,37.53874,15.458384,1963,2389555.484,1.142056,2018
PROVINCE_HUC:CALABARZON:Laguna:GREEN_LEAFY_YELLOW_VEGETABLES,All surveyed individuals,PROVINCE_HUC,CALABARZON,21,Laguna,PROVINCE_OR_HUC,GREEN_LEAFY_YELLOW_VEGETABLES,epwt_fg9,Green Leafy and Yellow Vegetables,11,39.421327,10.891414,1963,2389555.484,0.750035,2018
PROVINCE_HUC:CALABARZON:Laguna:DRIED_BEANS,All surveyed individuals,PROVINCE_HUC,CALABARZON,21,Laguna,PROVINCE_OR_HUC,DRIED_BEANS,epwt_fg7,Dried Beans,12,33.008115,10.316899,1963,2389555.484,1.942841,2018
PROVINCE_HUC:CALABARZON:Laguna:WHOLE_MILK,All surveyed individuals,PROVINCE_HUC,CALABARZON,21,Laguna,PROVINCE_OR_HUC,WHOLE_MILK,epwt_fg20,Whole Milk,13,19.047446,10.174569,1963,2389555.484,1.059694,2018
PROVINCE_HUC:CALABARZON:Laguna:STARCHY_ROOTS_TUBERS,All surveyed individuals,PROVINCE_HUC,CALABARZON,21,Laguna,PROVINCE_OR_HUC,STARCHY_ROOTS_TUBERS,epwt_fg5,Starchy Roots and Tubers,14,18.630044,8.51217,1963,2389555.484,1.438537,2018
PROVINCE_HUC:CALABARZON:Laguna:OTHER_FRUITS,All surveyed individuals,PROVINCE_HUC,CALABARZON,21,Laguna,PROVINCE_OR_HUC,OTHER_FRUITS,epwt_fg13,Other Fruits,15,12.973131,11.136061,1963,2389555.484,0.773441,2018
PROVINCE_HUC:CALABARZON:Laguna:CONDIMENTS_SPICES,All surveyed individuals,PROVINCE_HUC,CALABARZON,21,Laguna,PROVINCE_OR_HUC,CONDIMENTS_SPICES,epwt_fg26,Condiments and Spices,16,19.764272,2.590996,1963,2389555.484,1.482007,2018
PROVINCE_HUC:CALABARZON:Laguna:MILK_PRODUCTS,All surveyed individuals,PROVINCE_HUC,CALABARZON,21,Laguna,PROVINCE_OR_HUC,MILK_PRODUCTS,epwt_fg21,Milk Products,17,9.94802,5.528996,1963,2389555.484,2.343223,2018
PROVINCE_HUC:CALABARZON:Laguna:CORN_PRODUCTS,All surveyed individuals,PROVINCE_HUC,CALABARZON,21,Laguna,PROVINCE_OR_HUC,CORN_PRODUCTS,epwt_fg3,Corn and Products,18,6.370919,3.271186,1963,2389555.484,0.41705,2018
PROVINCE_HUC:CALABARZON:Laguna:OTHER_MISCELLANEOUS,All surveyed individuals,PROVINCE_HUC,CALABARZON,21,Laguna,PROVINCE_OR_HUC,OTHER_MISCELLANEOUS,epwt_fg27,Other Miscellaneous,19,7.422568,2.135138,1963,2389555.484,1.046254,2018
PROVINCE_HUC:CALABARZON:Laguna:VITAMIN_C_RICH_FRUITS,All surveyed individuals,PROVINCE_HUC,CALABARZON,21,Laguna,PROVINCE_OR_HUC,VITAMIN_C_RICH_FRUITS,epwt_fg12,Vitamin C-Rich Fruits,20,4.327662,1.846151,1963,2389555.484,0.722379,2018
PROVINCE_HUC:CALABARZON:Lucena:RICE_PRODUCTS,All surveyed individuals,PROVINCE_HUC,CALABARZON,23,Lucena,PROVINCE_OR_HUC,RICE_PRODUCTS,epwt_fg2,Rice and Products,1,97.782351,180.057097,1147,156471.987,0.820753,2021
PROVINCE_HUC:CALABARZON:Lucena:FISH_PRODUCTS,All surveyed individuals,PROVINCE_HUC,CALABARZON,23,Lucena,PROVINCE_OR_HUC,FISH_PRODUCTS,epwt_fg15,Fish and Fish Products,2,64.938066,52.569418,1147,156471.987,1.207418,2021
PROVINCE_HUC:CALABARZON:Lucena:OTHER_CEREAL_PRODUCTS,All surveyed individuals,PROVINCE_HUC,CALABARZON,23,Lucena,PROVINCE_OR_HUC,OTHER_CEREAL_PRODUCTS,epwt_fg4,Other Cereal Products,3,65.824858,48.573582,1147,156471.987,1.093349,2021
PROVINCE_HUC:CALABARZON:Lucena:FATS_OILS,All surveyed individuals,PROVINCE_HUC,CALABARZON,23,Lucena,PROVINCE_OR_HUC,FATS_OILS,epwt_fg23,Fats and Oils,4,73.658605,6.566298,1147,156471.987,1.219455,2021
PROVINCE_HUC:CALABARZON:Lucena:BEVERAGES,All surveyed individuals,PROVINCE_HUC,CALABARZON,23,Lucena,PROVINCE_OR_HUC,BEVERAGES,epwt_fg25,Beverages,5,47.006956,19.231211,1147,156471.987,0.746448,2021
PROVINCE_HUC:CALABARZON:Lucena:MEAT_PRODUCTS,All surveyed individuals,PROVINCE_HUC,CALABARZON,23,Lucena,PROVINCE_OR_HUC,MEAT_PRODUCTS,epwt_fg16,Meat and Meat Products,6,35.169378,33.901886,1147,156471.987,0.846277,2021
PROVINCE_HUC:CALABARZON:Lucena:OTHER_VEGETABLES,All surveyed individuals,PROVINCE_HUC,CALABARZON,23,Lucena,PROVINCE_OR_HUC,OTHER_VEGETABLES,epwt_fg10,Other Vegetables,7,37.621006,23.548992,1147,156471.987,0.83193,2021
PROVINCE_HUC:CALABARZON:Lucena:EGGS,All surveyed individuals,PROVINCE_HUC,CALABARZON,23,Lucena,PROVINCE_OR_HUC,EGGS,epwt_fg18,Eggs,8,35.631404,16.032551,1147,156471.987,1.184475,2021
PROVINCE_HUC:CALABARZON:Lucena:SUGAR_SYRUPS,All surveyed individuals,PROVINCE_HUC,CALABARZON,23,Lucena,PROVINCE_OR_HUC,SUGAR_SYRUPS,epwt_fg6,Sugar and Syrups,9,24.972902,23.759829,1147,156471.987,0.672286,2021
PROVINCE_HUC:CALABARZON:Lucena:POULTRY,All surveyed individuals,PROVINCE_HUC,CALABARZON,23,Lucena,PROVINCE_OR_HUC,POULTRY,epwt_fg17,Poultry,10,24.179985,23.319509,1147,156471.987,1.156509,2021
PROVINCE_HUC:CALABARZON:Lucena:GREEN_LEAFY_YELLOW_VEGETABLES,All surveyed individuals,PROVINCE_HUC,CALABARZON,23,Lucena,PROVINCE_OR_HUC,GREEN_LEAFY_YELLOW_VEGETABLES,epwt_fg9,Green Leafy and Yellow Vegetables,11,28.53209,7.570649,1147,156471.987,0.521351,2021
PROVINCE_HUC:CALABARZON:Lucena:DRIED_BEANS,All surveyed individuals,PROVINCE_HUC,CALABARZON,23,Lucena,PROVINCE_OR_HUC,DRIED_BEANS,epwt_fg7,Dried Beans,12,28.34516,6.960031,1147,156471.987,1.310688,2021
PROVINCE_HUC:CALABARZON:Lucena:WHOLE_MILK,All surveyed individuals,PROVINCE_HUC,CALABARZON,23,Lucena,PROVINCE_OR_HUC,WHOLE_MILK,epwt_fg20,Whole Milk,13,15.396293,8.330184,1147,156471.987,0.867599,2021
PROVINCE_HUC:CALABARZON:Lucena:OTHER_FRUITS,All surveyed individuals,PROVINCE_HUC,CALABARZON,23,Lucena,PROVINCE_OR_HUC,OTHER_FRUITS,epwt_fg13,Other Fruits,14,12.205459,12.514232,1147,156471.987,0.86916,2021
PROVINCE_HUC:CALABARZON:Lucena:STARCHY_ROOTS_TUBERS,All surveyed individuals,PROVINCE_HUC,CALABARZON,23,Lucena,PROVINCE_OR_HUC,STARCHY_ROOTS_TUBERS,epwt_fg5,Starchy Roots and Tubers,15,10.57855,5.211183,1147,156471.987,0.880678,2021
PROVINCE_HUC:CALABARZON:Lucena:CONDIMENTS_SPICES,All surveyed individuals,PROVINCE_HUC,CALABARZON,23,Lucena,PROVINCE_OR_HUC,CONDIMENTS_SPICES,epwt_fg26,Condiments and Spices,16,19.347285,1.413635,1147,156471.987,0.808576,2021
PROVINCE_HUC:CALABARZON:Lucena:VITAMIN_C_RICH_FRUITS,All surveyed individuals,PROVINCE_HUC,CALABARZON,23,Lucena,PROVINCE_OR_HUC,VITAMIN_C_RICH_FRUITS,epwt_fg12,Vitamin C-Rich Fruits,17,4.955288,2.394499,1147,156471.987,0.936942,2021
PROVINCE_HUC:CALABARZON:Lucena:OTHER_MISCELLANEOUS,All surveyed individuals,PROVINCE_HUC,CALABARZON,23,Lucena,PROVINCE_OR_HUC,OTHER_MISCELLANEOUS,epwt_fg27,Other Miscellaneous,18,4.411602,1.988613,1147,156471.987,0.974455,2021
PROVINCE_HUC:CALABARZON:Lucena:MILK_PRODUCTS,All surveyed individuals,PROVINCE_HUC,CALABARZON,23,Lucena,PROVINCE_OR_HUC,MILK_PRODUCTS,epwt_fg21,Milk Products,19,3.937998,2.105836,1147,156471.987,0.892466,2021
PROVINCE_HUC:CALABARZON:Lucena:CORN_PRODUCTS,All surveyed individuals,PROVINCE_HUC,CALABARZON,23,Lucena,PROVINCE_OR_HUC,CORN_PRODUCTS,epwt_fg3,Corn and Products,20,2.575016,1.183565,1147,156471.987,0.150895,2021
PROVINCE_HUC:CALABARZON:Quezon:RICE_PRODUCTS,All surveyed individuals,PROVINCE_HUC,CALABARZON,22,Quezon,PROVINCE_OR_HUC,RICE_PRODUCTS,epwt_fg2,Rice and Products,1,99.38471,210.196322,2124,1253773.447,0.958136,2019
PROVINCE_HUC:CALABARZON:Quezon:OTHER_CEREAL_PRODUCTS,All surveyed individuals,PROVINCE_HUC,CALABARZON,22,Quezon,PROVINCE_OR_HUC,OTHER_CEREAL_PRODUCTS,epwt_fg4,Other Cereal Products,2,64.466947,48.923592,2124,1253773.447,1.101228,2019
PROVINCE_HUC:CALABARZON:Quezon:FISH_PRODUCTS,All surveyed individuals,PROVINCE_HUC,CALABARZON,22,Quezon,PROVINCE_OR_HUC,FISH_PRODUCTS,epwt_fg15,Fish and Fish Products,3,53.607981,36.887061,2124,1253773.447,0.847224,2019
PROVINCE_HUC:CALABARZON:Quezon:BEVERAGES,All surveyed individuals,PROVINCE_HUC,CALABARZON,22,Quezon,PROVINCE_OR_HUC,BEVERAGES,epwt_fg25,Beverages,4,54.46774,21.971212,2124,1253773.447,0.852799,2019
PROVINCE_HUC:CALABARZON:Quezon:MEAT_PRODUCTS,All surveyed individuals,PROVINCE_HUC,CALABARZON,22,Quezon,PROVINCE_OR_HUC,MEAT_PRODUCTS,epwt_fg16,Meat and Meat Products,5,45.302193,39.814472,2124,1253773.447,0.99387,2019
PROVINCE_HUC:CALABARZON:Quezon:OTHER_VEGETABLES,All surveyed individuals,PROVINCE_HUC,CALABARZON,22,Quezon,PROVINCE_OR_HUC,OTHER_VEGETABLES,epwt_fg10,Other Vegetables,6,43.975176,31.6119,2124,1253773.447,1.116773,2019
PROVINCE_HUC:CALABARZON:Quezon:FATS_OILS,All surveyed individuals,PROVINCE_HUC,CALABARZON,22,Quezon,PROVINCE_OR_HUC,FATS_OILS,epwt_fg23,Fats and Oils,7,69.370648,6.285574,2124,1253773.447,1.167321,2019
PROVINCE_HUC:CALABARZON:Quezon:SUGAR_SYRUPS,All surveyed individuals,PROVINCE_HUC,CALABARZON,22,Quezon,PROVINCE_OR_HUC,SUGAR_SYRUPS,epwt_fg6,Sugar and Syrups,8,40.79191,23.935389,2124,1253773.447,0.677253,2019
PROVINCE_HUC:CALABARZON:Quezon:GREEN_LEAFY_YELLOW_VEGETABLES,All surveyed individuals,PROVINCE_HUC,CALABARZON,22,Quezon,PROVINCE_OR_HUC,GREEN_LEAFY_YELLOW_VEGETABLES,epwt_fg9,Green Leafy and Yellow Vegetables,9,30.51034,10.006455,2124,1253773.447,0.689093,2019
PROVINCE_HUC:CALABARZON:Quezon:EGGS,All surveyed individuals,PROVINCE_HUC,CALABARZON,22,Quezon,PROVINCE_OR_HUC,EGGS,epwt_fg18,Eggs,10,26.160429,11.719541,2124,1253773.447,0.865832,2019
PROVINCE_HUC:CALABARZON:Quezon:POULTRY,All surveyed individuals,PROVINCE_HUC,CALABARZON,22,Quezon,PROVINCE_OR_HUC,POULTRY,epwt_fg17,Poultry,11,19.323235,16.91762,2124,1253773.447,0.839014,2019
PROVINCE_HUC:CALABARZON:Quezon:OTHER_FRUITS,All surveyed individuals,PROVINCE_HUC,CALABARZON,22,Quezon,PROVINCE_OR_HUC,OTHER_FRUITS,epwt_fg13,Other Fruits,12,13.614608,16.358906,2124,1253773.447,1.136187,2019
PROVINCE_HUC:CALABARZON:Quezon:DRIED_BEANS,All surveyed individuals,PROVINCE_HUC,CALABARZON,22,Quezon,PROVINCE_OR_HUC,DRIED_BEANS,epwt_fg7,Dried Beans,13,21.86723,4.361049,2124,1253773.447,0.821257,2019
PROVINCE_HUC:CALABARZON:Quezon:WHOLE_MILK,All surveyed individuals,PROVINCE_HUC,CALABARZON,22,Quezon,PROVINCE_OR_HUC,WHOLE_MILK,epwt_fg20,Whole Milk,14,17.594473,6.866625,2124,1253773.447,0.715168,2019
PROVINCE_HUC:CALABARZON:Quezon:STARCHY_ROOTS_TUBERS,All surveyed individuals,PROVINCE_HUC,CALABARZON,22,Quezon,PROVINCE_OR_HUC,STARCHY_ROOTS_TUBERS,epwt_fg5,Starchy Roots and Tubers,15,9.502177,4.620713,2124,1253773.447,0.78089,2019
PROVINCE_HUC:CALABARZON:Quezon:CONDIMENTS_SPICES,All surveyed individuals,PROVINCE_HUC,CALABARZON,22,Quezon,PROVINCE_OR_HUC,CONDIMENTS_SPICES,epwt_fg26,Condiments and Spices,16,11.004511,1.113578,2124,1253773.447,0.636948,2019
PROVINCE_HUC:CALABARZON:Quezon:OTHER_MISCELLANEOUS,All surveyed individuals,PROVINCE_HUC,CALABARZON,22,Quezon,PROVINCE_OR_HUC,OTHER_MISCELLANEOUS,epwt_fg27,Other Miscellaneous,17,6.088825,1.499682,2124,1253773.447,0.73487,2019
PROVINCE_HUC:CALABARZON:Quezon:CORN_PRODUCTS,All surveyed individuals,PROVINCE_HUC,CALABARZON,22,Quezon,PROVINCE_OR_HUC,CORN_PRODUCTS,epwt_fg3,Corn and Products,18,2.610611,1.645022,2124,1253773.447,0.209727,2019
PROVINCE_HUC:CALABARZON:Quezon:VITAMIN_C_RICH_FRUITS,All surveyed individuals,PROVINCE_HUC,CALABARZON,22,Quezon,PROVINCE_OR_HUC,VITAMIN_C_RICH_FRUITS,epwt_fg12,Vitamin C-Rich Fruits,19,2.527642,1.419283,2124,1253773.447,0.55535,2019
PROVINCE_HUC:CALABARZON:Quezon:MILK_PRODUCTS,All surveyed individuals,PROVINCE_HUC,CALABARZON,22,Quezon,PROVINCE_OR_HUC,MILK_PRODUCTS,epwt_fg21,Milk Products,20,2.838761,0.988111,2124,1253773.447,0.418768,2019
PROVINCE_HUC:CALABARZON:Rizal:RICE_PRODUCTS,All surveyed individuals,PROVINCE_HUC,CALABARZON,24,Rizal,PROVINCE_OR_HUC,RICE_PRODUCTS,epwt_fg2,Rice and Products,1,99.086018,212.019333,1520,1668892.279,0.966446,2019
PROVINCE_HUC:CALABARZON:Rizal:OTHER_CEREAL_PRODUCTS,All surveyed individuals,PROVINCE_HUC,CALABARZON,24,Rizal,PROVINCE_OR_HUC,OTHER_CEREAL_PRODUCTS,epwt_fg4,Other Cereal Products,2,76.481861,62.663762,1520,1668892.279,1.410507,2019
PROVINCE_HUC:CALABARZON:Rizal:MEAT_PRODUCTS,All surveyed individuals,PROVINCE_HUC,CALABARZON,24,Rizal,PROVINCE_OR_HUC,MEAT_PRODUCTS,epwt_fg16,Meat and Meat Products,3,57.554803,54.739541,1520,1668892.279,1.366438,2019
PROVINCE_HUC:CALABARZON:Rizal:BEVERAGES,All surveyed individuals,PROVINCE_HUC,CALABARZON,24,Rizal,PROVINCE_OR_HUC,BEVERAGES,epwt_fg25,Beverages,4,52.395313,35.081471,1520,1668892.279,1.361666,2019
PROVINCE_HUC:CALABARZON:Rizal:FISH_PRODUCTS,All surveyed individuals,PROVINCE_HUC,CALABARZON,24,Rizal,PROVINCE_OR_HUC,FISH_PRODUCTS,epwt_fg15,Fish and Fish Products,5,48.063937,28.616766,1520,1668892.279,0.657272,2019
PROVINCE_HUC:CALABARZON:Rizal:OTHER_VEGETABLES,All surveyed individuals,PROVINCE_HUC,CALABARZON,24,Rizal,PROVINCE_OR_HUC,OTHER_VEGETABLES,epwt_fg10,Other Vegetables,6,46.235922,24.948617,1520,1668892.279,0.881375,2019
PROVINCE_HUC:CALABARZON:Rizal:FATS_OILS,All surveyed individuals,PROVINCE_HUC,CALABARZON,24,Rizal,PROVINCE_OR_HUC,FATS_OILS,epwt_fg23,Fats and Oils,7,69.937357,6.588816,1520,1668892.279,1.223637,2019
PROVINCE_HUC:CALABARZON:Rizal:SUGAR_SYRUPS,All surveyed individuals,PROVINCE_HUC,CALABARZON,24,Rizal,PROVINCE_OR_HUC,SUGAR_SYRUPS,epwt_fg6,Sugar and Syrups,8,37.807059,37.092746,1520,1668892.279,1.049542,2019
PROVINCE_HUC:CALABARZON:Rizal:POULTRY,All surveyed individuals,PROVINCE_HUC,CALABARZON,24,Rizal,PROVINCE_OR_HUC,POULTRY,epwt_fg17,Poultry,9,31.671122,26.809826,1520,1668892.279,1.329608,2019
PROVINCE_HUC:CALABARZON:Rizal:GREEN_LEAFY_YELLOW_VEGETABLES,All surveyed individuals,PROVINCE_HUC,CALABARZON,24,Rizal,PROVINCE_OR_HUC,GREEN_LEAFY_YELLOW_VEGETABLES,epwt_fg9,Green Leafy and Yellow Vegetables,10,40.737858,10.010973,1520,1668892.279,0.689404,2019
PROVINCE_HUC:CALABARZON:Rizal:EGGS,All surveyed individuals,PROVINCE_HUC,CALABARZON,24,Rizal,PROVINCE_OR_HUC,EGGS,epwt_fg18,Eggs,11,31.663796,13.179899,1520,1668892.279,0.973723,2019
PROVINCE_HUC:CALABARZON:Rizal:WHOLE_MILK,All surveyed individuals,PROVINCE_HUC,CALABARZON,24,Rizal,PROVINCE_OR_HUC,WHOLE_MILK,epwt_fg20,Whole Milk,12,26.623006,15.733571,1520,1668892.279,1.638671,2019
PROVINCE_HUC:CALABARZON:Rizal:DRIED_BEANS,All surveyed individuals,PROVINCE_HUC,CALABARZON,24,Rizal,PROVINCE_OR_HUC,DRIED_BEANS,epwt_fg7,Dried Beans,13,30.923966,5.938545,1520,1668892.279,1.118326,2019
PROVINCE_HUC:CALABARZON:Rizal:OTHER_FRUITS,All surveyed individuals,PROVINCE_HUC,CALABARZON,24,Rizal,PROVINCE_OR_HUC,OTHER_FRUITS,epwt_fg13,Other Fruits,14,10.61881,11.727255,1520,1668892.279,0.814502,2019
PROVINCE_HUC:CALABARZON:Rizal:STARCHY_ROOTS_TUBERS,All surveyed individuals,PROVINCE_HUC,CALABARZON,24,Rizal,PROVINCE_OR_HUC,STARCHY_ROOTS_TUBERS,epwt_fg5,Starchy Roots and Tubers,15,14.143103,5.082789,1520,1668892.279,0.85898,2019
PROVINCE_HUC:CALABARZON:Rizal:CONDIMENTS_SPICES,All surveyed individuals,PROVINCE_HUC,CALABARZON,24,Rizal,PROVINCE_OR_HUC,CONDIMENTS_SPICES,epwt_fg26,Condiments and Spices,16,18.70141,1.409104,1520,1668892.279,0.805984,2019
PROVINCE_HUC:CALABARZON:Rizal:MILK_PRODUCTS,All surveyed individuals,PROVINCE_HUC,CALABARZON,24,Rizal,PROVINCE_OR_HUC,MILK_PRODUCTS,epwt_fg21,Milk Products,17,7.647047,4.120023,1520,1668892.279,1.746091,2019
PROVINCE_HUC:CALABARZON:Rizal:OTHER_MISCELLANEOUS,All surveyed individuals,PROVINCE_HUC,CALABARZON,24,Rizal,PROVINCE_OR_HUC,OTHER_MISCELLANEOUS,epwt_fg27,Other Miscellaneous,18,6.087378,2.092832,1520,1668892.279,1.025524,2019
PROVINCE_HUC:CALABARZON:Rizal:CORN_PRODUCTS,All surveyed individuals,PROVINCE_HUC,CALABARZON,24,Rizal,PROVINCE_OR_HUC,CORN_PRODUCTS,epwt_fg3,Corn and Products,19,4.643336,2.065997,1520,1668892.279,0.263398,2019
PROVINCE_HUC:CALABARZON:Rizal:VITAMIN_C_RICH_FRUITS,All surveyed individuals,PROVINCE_HUC,CALABARZON,24,Rizal,PROVINCE_OR_HUC,VITAMIN_C_RICH_FRUITS,epwt_fg12,Vitamin C-Rich Fruits,20,4.231319,2.221179,1520,1668892.279,0.869124,2019
PROVINCE_HUC:Caraga:Agusan del Norte:RICE_PRODUCTS,All surveyed individuals,PROVINCE_HUC,Caraga,112,Agusan del Norte,PROVINCE_OR_HUC,RICE_PRODUCTS,epwt_fg2,Rice and Products,1,91.995897,219.180113,2874,287343.192,0.999087,2019
PROVINCE_HUC:Caraga:Agusan del Norte:FISH_PRODUCTS,All surveyed individuals,PROVINCE_HUC,Caraga,112,Agusan del Norte,PROVINCE_OR_HUC,FISH_PRODUCTS,epwt_fg15,Fish and Fish Products,2,73.42829,47.763917,2874,287343.192,1.097045,2019
PROVINCE_HUC:Caraga:Agusan del Norte:OTHER_CEREAL_PRODUCTS,All surveyed individuals,PROVINCE_HUC,Caraga,112,Agusan del Norte,PROVINCE_OR_HUC,OTHER_CEREAL_PRODUCTS,epwt_fg4,Other Cereal Products,3,51.185933,29.213474,2874,287343.192,0.65757,2019
PROVINCE_HUC:Caraga:Agusan del Norte:MEAT_PRODUCTS,All surveyed individuals,PROVINCE_HUC,Caraga,112,Agusan del Norte,PROVINCE_OR_HUC,MEAT_PRODUCTS,epwt_fg16,Meat and Meat Products,4,38.684738,32.941027,2874,287343.192,0.822292,2019
PROVINCE_HUC:Caraga:Agusan del Norte:SUGAR_SYRUPS,All surveyed individuals,PROVINCE_HUC,Caraga,112,Agusan del Norte,PROVINCE_OR_HUC,SUGAR_SYRUPS,epwt_fg6,Sugar and Syrups,5,32.030093,35.747572,2874,287343.192,1.01148,2019
PROVINCE_HUC:Caraga:Agusan del Norte:BEVERAGES,All surveyed individuals,PROVINCE_HUC,Caraga,112,Agusan del Norte,PROVINCE_OR_HUC,BEVERAGES,epwt_fg25,Beverages,6,38.190218,17.936907,2874,287343.192,0.69621,2019
PROVINCE_HUC:Caraga:Agusan del Norte:GREEN_LEAFY_YELLOW_VEGETABLES,All surveyed individuals,PROVINCE_HUC,Caraga,112,Agusan del Norte,PROVINCE_OR_HUC,GREEN_LEAFY_YELLOW_VEGETABLES,epwt_fg9,Green Leafy and Yellow Vegetables,7,41.140571,14.255385,2874,287343.192,0.981694,2019
PROVINCE_HUC:Caraga:Agusan del Norte:OTHER_VEGETABLES,All surveyed individuals,PROVINCE_HUC,Caraga,112,Agusan del Norte,PROVINCE_OR_HUC,OTHER_VEGETABLES,epwt_fg10,Other Vegetables,8,35.18677,21.528262,2874,287343.192,0.760542,2019
PROVINCE_HUC:Caraga:Agusan del Norte:FATS_OILS,All surveyed individuals,PROVINCE_HUC,Caraga,112,Agusan del Norte,PROVINCE_OR_HUC,FATS_OILS,epwt_fg23,Fats and Oils,9,61.672162,4.010086,2874,287343.192,0.74473,2019
PROVINCE_HUC:Caraga:Agusan del Norte:EGGS,All surveyed individuals,PROVINCE_HUC,Caraga,112,Agusan del Norte,PROVINCE_OR_HUC,EGGS,epwt_fg18,Eggs,10,34.397035,15.196665,2874,287343.192,1.12272,2019
PROVINCE_HUC:Caraga:Agusan del Norte:WHOLE_MILK,All surveyed individuals,PROVINCE_HUC,Caraga,112,Agusan del Norte,PROVINCE_OR_HUC,WHOLE_MILK,epwt_fg20,Whole Milk,11,20.87338,9.40191,2874,287343.192,0.979221,2019
PROVINCE_HUC:Caraga:Agusan del Norte:POULTRY,All surveyed individuals,PROVINCE_HUC,Caraga,112,Agusan del Norte,PROVINCE_OR_HUC,POULTRY,epwt_fg17,Poultry,12,17.888719,13.477098,2874,287343.192,0.668384,2019
PROVINCE_HUC:Caraga:Agusan del Norte:DRIED_BEANS,All surveyed individuals,PROVINCE_HUC,Caraga,112,Agusan del Norte,PROVINCE_OR_HUC,DRIED_BEANS,epwt_fg7,Dried Beans,13,21.309531,3.182969,2874,287343.192,0.599405,2019
PROVINCE_HUC:Caraga:Agusan del Norte:CONDIMENTS_SPICES,All surveyed individuals,PROVINCE_HUC,Caraga,112,Agusan del Norte,PROVINCE_OR_HUC,CONDIMENTS_SPICES,epwt_fg26,Condiments and Spices,14,25.70526,2.267355,2874,287343.192,1.29689,2019
PROVINCE_HUC:Caraga:Agusan del Norte:OTHER_FRUITS,All surveyed individuals,PROVINCE_HUC,Caraga,112,Agusan del Norte,PROVINCE_OR_HUC,OTHER_FRUITS,epwt_fg13,Other Fruits,15,10.623447,12.686101,2874,287343.192,0.881097,2019
PROVINCE_HUC:Caraga:Agusan del Norte:CORN_PRODUCTS,All surveyed individuals,PROVINCE_HUC,Caraga,112,Agusan del Norte,PROVINCE_OR_HUC,CORN_PRODUCTS,epwt_fg3,Corn and Products,16,10.532081,12.257301,2874,287343.192,1.562709,2019
PROVINCE_HUC:Caraga:Agusan del Norte:STARCHY_ROOTS_TUBERS,All surveyed individuals,PROVINCE_HUC,Caraga,112,Agusan del Norte,PROVINCE_OR_HUC,STARCHY_ROOTS_TUBERS,epwt_fg5,Starchy Roots and Tubers,17,7.556629,7.232355,2874,287343.192,1.222251,2019
PROVINCE_HUC:Caraga:Agusan del Norte:MILK_PRODUCTS,All surveyed individuals,PROVINCE_HUC,Caraga,112,Agusan del Norte,PROVINCE_OR_HUC,MILK_PRODUCTS,epwt_fg21,Milk Products,18,2.717148,2.063158,2874,287343.192,0.874379,2019
PROVINCE_HUC:Caraga:Agusan del Norte:OTHER_MISCELLANEOUS,All surveyed individuals,PROVINCE_HUC,Caraga,112,Agusan del Norte,PROVINCE_OR_HUC,OTHER_MISCELLANEOUS,epwt_fg27,Other Miscellaneous,19,2.388183,1.852031,2874,287343.192,0.907527,2019
PROVINCE_HUC:Caraga:Agusan del Norte:VITAMIN_C_RICH_FRUITS,All surveyed individuals,PROVINCE_HUC,Caraga,112,Agusan del Norte,PROVINCE_OR_HUC,VITAMIN_C_RICH_FRUITS,epwt_fg12,Vitamin C-Rich Fruits,20,1.756202,1.414033,2874,287343.192,0.553296,2019
PROVINCE_HUC:Caraga:Agusan del Sur:RICE_PRODUCTS,All surveyed individuals,PROVINCE_HUC,Caraga,113,Agusan del Sur,PROVINCE_OR_HUC,RICE_PRODUCTS,epwt_fg2,Rice and Products,1,98.066958,227.667038,2577,567156.125,1.037773,2021
PROVINCE_HUC:Caraga:Agusan del Sur:FISH_PRODUCTS,All surveyed individuals,PROVINCE_HUC,Caraga,113,Agusan del Sur,PROVINCE_OR_HUC,FISH_PRODUCTS,epwt_fg15,Fish and Fish Products,2,75.936388,49.407958,2577,567156.125,1.134805,2021
PROVINCE_HUC:Caraga:Agusan del Sur:OTHER_CEREAL_PRODUCTS,All surveyed individuals,PROVINCE_HUC,Caraga,113,Agusan del Sur,PROVINCE_OR_HUC,OTHER_CEREAL_PRODUCTS,epwt_fg4,Other Cereal Products,3,46.820758,24.839727,2577,567156.125,0.559121,2021
PROVINCE_HUC:Caraga:Agusan del Sur:SUGAR_SYRUPS,All surveyed individuals,PROVINCE_HUC,Caraga,113,Agusan del Sur,PROVINCE_OR_HUC,SUGAR_SYRUPS,epwt_fg6,Sugar and Syrups,4,45.6756,21.937988,2577,567156.125,0.620737,2021
PROVINCE_HUC:Caraga:Agusan del Sur:OTHER_VEGETABLES,All surveyed individuals,PROVINCE_HUC,Caraga,113,Agusan del Sur,PROVINCE_OR_HUC,OTHER_VEGETABLES,epwt_fg10,Other Vegetables,5,40.684127,27.776001,2577,567156.125,0.98126,2021
PROVINCE_HUC:Caraga:Agusan del Sur:GREEN_LEAFY_YELLOW_VEGETABLES,All surveyed individuals,PROVINCE_HUC,Caraga,113,Agusan del Sur,PROVINCE_OR_HUC,GREEN_LEAFY_YELLOW_VEGETABLES,epwt_fg9,Green Leafy and Yellow Vegetables,6,46.051373,17.094851,2577,567156.125,1.177234,2021
PROVINCE_HUC:Caraga:Agusan del Sur:BEVERAGES,All surveyed individuals,PROVINCE_HUC,Caraga,113,Agusan del Sur,PROVINCE_OR_HUC,BEVERAGES,epwt_fg25,Beverages,7,44.362643,12.680999,2577,567156.125,0.492205,2021
PROVINCE_HUC:Caraga:Agusan del Sur:EGGS,All surveyed individuals,PROVINCE_HUC,Caraga,113,Agusan del Sur,PROVINCE_OR_HUC,EGGS,epwt_fg18,Eggs,8,31.226306,14.551846,2577,567156.125,1.075081,2021
PROVINCE_HUC:Caraga:Agusan del Sur:FATS_OILS,All surveyed individuals,PROVINCE_HUC,Caraga,113,Agusan del Sur,PROVINCE_OR_HUC,FATS_OILS,epwt_fg23,Fats and Oils,9,57.974669,3.353379,2577,567156.125,0.62277,2021
PROVINCE_HUC:Caraga:Agusan del Sur:MEAT_PRODUCTS,All surveyed individuals,PROVINCE_HUC,Caraga,113,Agusan del Sur,PROVINCE_OR_HUC,MEAT_PRODUCTS,epwt_fg16,Meat and Meat Products,10,18.652588,15.714107,2577,567156.125,0.392264,2021
PROVINCE_HUC:Caraga:Agusan del Sur:WHOLE_MILK,All surveyed individuals,PROVINCE_HUC,Caraga,113,Agusan del Sur,PROVINCE_OR_HUC,WHOLE_MILK,epwt_fg20,Whole Milk,11,23.941322,7.801929,2577,567156.125,0.812581,2021
PROVINCE_HUC:Caraga:Agusan del Sur:POULTRY,All surveyed individuals,PROVINCE_HUC,Caraga,113,Agusan del Sur,PROVINCE_OR_HUC,POULTRY,epwt_fg17,Poultry,12,16.422479,13.245356,2577,567156.125,0.656891,2021
PROVINCE_HUC:Caraga:Agusan del Sur:DRIED_BEANS,All surveyed individuals,PROVINCE_HUC,Caraga,113,Agusan del Sur,PROVINCE_OR_HUC,DRIED_BEANS,epwt_fg7,Dried Beans,13,27.940718,2.777813,2577,567156.125,0.523108,2021
PROVINCE_HUC:Caraga:Agusan del Sur:CONDIMENTS_SPICES,All surveyed individuals,PROVINCE_HUC,Caraga,113,Agusan del Sur,PROVINCE_OR_HUC,CONDIMENTS_SPICES,epwt_fg26,Condiments and Spices,14,31.555789,2.006034,2577,567156.125,1.147419,2021
PROVINCE_HUC:Caraga:Agusan del Sur:OTHER_FRUITS,All surveyed individuals,PROVINCE_HUC,Caraga,113,Agusan del Sur,PROVINCE_OR_HUC,OTHER_FRUITS,epwt_fg13,Other Fruits,15,12.195139,12.827818,2577,567156.125,0.89094,2021
PROVINCE_HUC:Caraga:Agusan del Sur:STARCHY_ROOTS_TUBERS,All surveyed individuals,PROVINCE_HUC,Caraga,113,Agusan del Sur,PROVINCE_OR_HUC,STARCHY_ROOTS_TUBERS,epwt_fg5,Starchy Roots and Tubers,16,8.135191,8.802378,2577,567156.125,1.487582,2021
PROVINCE_HUC:Caraga:Agusan del Sur:CORN_PRODUCTS,All surveyed individuals,PROVINCE_HUC,Caraga,113,Agusan del Sur,PROVINCE_OR_HUC,CORN_PRODUCTS,epwt_fg3,Corn and Products,17,3.679538,4.272393,2577,567156.125,0.544696,2021
PROVINCE_HUC:Caraga:Agusan del Sur:OTHER_MISCELLANEOUS,All surveyed individuals,PROVINCE_HUC,Caraga,113,Agusan del Sur,PROVINCE_OR_HUC,OTHER_MISCELLANEOUS,epwt_fg27,Other Miscellaneous,18,2.062243,1.304139,2577,567156.125,0.639051,2021
PROVINCE_HUC:Caraga:Agusan del Sur:MILK_PRODUCTS,All surveyed individuals,PROVINCE_HUC,Caraga,113,Agusan del Sur,PROVINCE_OR_HUC,MILK_PRODUCTS,epwt_fg21,Milk Products,19,1.281203,0.922244,2577,567156.125,0.390853,2021
PROVINCE_HUC:Caraga:Agusan del Sur:VITAMIN_C_RICH_FRUITS,All surveyed individuals,PROVINCE_HUC,Caraga,113,Agusan del Sur,PROVINCE_OR_HUC,VITAMIN_C_RICH_FRUITS,epwt_fg12,Vitamin C-Rich Fruits,20,1.17749,0.895302,2577,567156.125,0.350322,2021
PROVINCE_HUC:Caraga:Butuan:RICE_PRODUCTS,All surveyed individuals,PROVINCE_HUC,Caraga,111,Butuan,PROVINCE_OR_HUC,RICE_PRODUCTS,epwt_fg2,Rice and Products,1,95.151311,215.202303,2229,227288.268,0.980955,2018
PROVINCE_HUC:Caraga:Butuan:FISH_PRODUCTS,All surveyed individuals,PROVINCE_HUC,Caraga,111,Butuan,PROVINCE_OR_HUC,FISH_PRODUCTS,epwt_fg15,Fish and Fish Products,2,59.572463,38.830251,2229,227288.268,0.891856,2018
PROVINCE_HUC:Caraga:Butuan:OTHER_CEREAL_PRODUCTS,All surveyed individuals,PROVINCE_HUC,Caraga,111,Butuan,PROVINCE_OR_HUC,OTHER_CEREAL_PRODUCTS,epwt_fg4,Other Cereal Products,3,55.6589,31.151173,2229,227288.268,0.701186,2018
PROVINCE_HUC:Caraga:Butuan:MEAT_PRODUCTS,All surveyed individuals,PROVINCE_HUC,Caraga,111,Butuan,PROVINCE_OR_HUC,MEAT_PRODUCTS,epwt_fg16,Meat and Meat Products,4,43.542359,44.90256,2229,227288.268,1.120882,2018
PROVINCE_HUC:Caraga:Butuan:OTHER_VEGETABLES,All surveyed individuals,PROVINCE_HUC,Caraga,111,Butuan,PROVINCE_OR_HUC,OTHER_VEGETABLES,epwt_fg10,Other Vegetables,5,46.91224,32.50538,2229,227288.268,1.148338,2018
PROVINCE_HUC:Caraga:Butuan:BEVERAGES,All surveyed individuals,PROVINCE_HUC,Caraga,111,Butuan,PROVINCE_OR_HUC,BEVERAGES,epwt_fg25,Beverages,6,42.778388,18.014061,2229,227288.268,0.699205,2018
PROVINCE_HUC:Caraga:Butuan:SUGAR_SYRUPS,All surveyed individuals,PROVINCE_HUC,Caraga,111,Butuan,PROVINCE_OR_HUC,SUGAR_SYRUPS,epwt_fg6,Sugar and Syrups,7,34.22212,37.459525,2229,227288.268,1.05992,2018
PROVINCE_HUC:Caraga:Butuan:GREEN_LEAFY_YELLOW_VEGETABLES,All surveyed individuals,PROVINCE_HUC,Caraga,111,Butuan,PROVINCE_OR_HUC,GREEN_LEAFY_YELLOW_VEGETABLES,epwt_fg9,Green Leafy and Yellow Vegetables,8,42.223334,15.185924,2229,227288.268,1.045776,2018
PROVINCE_HUC:Caraga:Butuan:EGGS,All surveyed individuals,PROVINCE_HUC,Caraga,111,Butuan,PROVINCE_OR_HUC,EGGS,epwt_fg18,Eggs,9,38.864864,16.132296,2229,227288.268,1.191844,2018
PROVINCE_HUC:Caraga:Butuan:FATS_OILS,All surveyed individuals,PROVINCE_HUC,Caraga,111,Butuan,PROVINCE_OR_HUC,FATS_OILS,epwt_fg23,Fats and Oils,10,62.373076,4.375908,2229,227288.268,0.812669,2018
PROVINCE_HUC:Caraga:Butuan:POULTRY,All surveyed individuals,PROVINCE_HUC,Caraga,111,Butuan,PROVINCE_OR_HUC,POULTRY,epwt_fg17,Poultry,11,21.777288,18.671514,2229,227288.268,0.925996,2018
PROVINCE_HUC:Caraga:Butuan:WHOLE_MILK,All surveyed individuals,PROVINCE_HUC,Caraga,111,Butuan,PROVINCE_OR_HUC,WHOLE_MILK,epwt_fg20,Whole Milk,12,22.793026,9.686758,2229,227288.268,1.008888,2018
PROVINCE_HUC:Caraga:Butuan:OTHER_FRUITS,All surveyed individuals,PROVINCE_HUC,Caraga,111,Butuan,PROVINCE_OR_HUC,OTHER_FRUITS,epwt_fg13,Other Fruits,13,15.29937,19.498708,2229,227288.268,1.354258,2018
PROVINCE_HUC:Caraga:Butuan:DRIED_BEANS,All surveyed individuals,PROVINCE_HUC,Caraga,111,Butuan,PROVINCE_OR_HUC,DRIED_BEANS,epwt_fg7,Dried Beans,14,25.372534,3.97352,2229,227288.268,0.748279,2018
PROVINCE_HUC:Caraga:Butuan:CONDIMENTS_SPICES,All surveyed individuals,PROVINCE_HUC,Caraga,111,Butuan,PROVINCE_OR_HUC,CONDIMENTS_SPICES,epwt_fg26,Condiments and Spices,15,26.864068,2.803557,2229,227288.268,1.603588,2018
PROVINCE_HUC:Caraga:Butuan:STARCHY_ROOTS_TUBERS,All surveyed individuals,PROVINCE_HUC,Caraga,111,Butuan,PROVINCE_OR_HUC,STARCHY_ROOTS_TUBERS,epwt_fg5,Starchy Roots and Tubers,16,8.393158,5.603099,2229,227288.268,0.946911,2018
PROVINCE_HUC:Caraga:Butuan:CORN_PRODUCTS,All surveyed individuals,PROVINCE_HUC,Caraga,111,Butuan,PROVINCE_OR_HUC,CORN_PRODUCTS,epwt_fg3,Corn and Products,17,6.857695,7.808446,2229,227288.268,0.995515,2018
PROVINCE_HUC:Caraga:Butuan:OTHER_MISCELLANEOUS,All surveyed individuals,PROVINCE_HUC,Caraga,111,Butuan,PROVINCE_OR_HUC,OTHER_MISCELLANEOUS,epwt_fg27,Other Miscellaneous,18,3.848248,2.494682,2229,227288.268,1.222437,2018
PROVINCE_HUC:Caraga:Butuan:VITAMIN_C_RICH_FRUITS,All surveyed individuals,PROVINCE_HUC,Caraga,111,Butuan,PROVINCE_OR_HUC,VITAMIN_C_RICH_FRUITS,epwt_fg12,Vitamin C-Rich Fruits,19,3.33487,1.97703,2229,227288.268,0.773591,2018
PROVINCE_HUC:Caraga:Butuan:MILK_PRODUCTS,All surveyed individuals,PROVINCE_HUC,Caraga,111,Butuan,PROVINCE_OR_HUC,MILK_PRODUCTS,epwt_fg21,Milk Products,20,2.446454,1.557473,2229,227288.268,0.660067,2018
PROVINCE_HUC:Caraga:Dinagat Islands:RICE_PRODUCTS,All surveyed individuals,PROVINCE_HUC,Caraga,116,Dinagat Islands,PROVINCE_OR_HUC,RICE_PRODUCTS,epwt_fg2,Rice and Products,1,97.418502,258.209046,1472,99871.763,1.176992,2019
PROVINCE_HUC:Caraga:Dinagat Islands:FISH_PRODUCTS,All surveyed individuals,PROVINCE_HUC,Caraga,116,Dinagat Islands,PROVINCE_OR_HUC,FISH_PRODUCTS,epwt_fg15,Fish and Fish Products,2,76.452231,51.620734,1472,99871.763,1.185628,2019
PROVINCE_HUC:Caraga:Dinagat Islands:OTHER_CEREAL_PRODUCTS,All surveyed individuals,PROVINCE_HUC,Caraga,116,Dinagat Islands,PROVINCE_OR_HUC,OTHER_CEREAL_PRODUCTS,epwt_fg4,Other Cereal Products,3,50.307686,31.414216,1472,99871.763,0.707107,2019
PROVINCE_HUC:Caraga:Dinagat Islands:GREEN_LEAFY_YELLOW_VEGETABLES,All surveyed individuals,PROVINCE_HUC,Caraga,116,Dinagat Islands,PROVINCE_OR_HUC,GREEN_LEAFY_YELLOW_VEGETABLES,epwt_fg9,Green Leafy and Yellow Vegetables,4,44.813329,16.336857,1472,99871.763,1.125035,2019
PROVINCE_HUC:Caraga:Dinagat Islands:SUGAR_SYRUPS,All surveyed individuals,PROVINCE_HUC,Caraga,116,Dinagat Islands,PROVINCE_OR_HUC,SUGAR_SYRUPS,epwt_fg6,Sugar and Syrups,5,32.157961,23.35046,1472,99871.763,0.660703,2019
PROVINCE_HUC:Caraga:Dinagat Islands:OTHER_VEGETABLES,All surveyed individuals,PROVINCE_HUC,Caraga,116,Dinagat Islands,PROVINCE_OR_HUC,OTHER_VEGETABLES,epwt_fg10,Other Vegetables,6,32.733946,20.464313,1472,99871.763,0.722956,2019
PROVINCE_HUC:Caraga:Dinagat Islands:BEVERAGES,All surveyed individuals,PROVINCE_HUC,Caraga,116,Dinagat Islands,PROVINCE_OR_HUC,BEVERAGES,epwt_fg25,Beverages,7,36.927921,13.959341,1472,99871.763,0.541823,2019
PROVINCE_HUC:Caraga:Dinagat Islands:MEAT_PRODUCTS,All surveyed individuals,PROVINCE_HUC,Caraga,116,Dinagat Islands,PROVINCE_OR_HUC,MEAT_PRODUCTS,epwt_fg16,Meat and Meat Products,8,26.648369,21.65423,1472,99871.763,0.540545,2019
PROVINCE_HUC:Caraga:Dinagat Islands:FATS_OILS,All surveyed individuals,PROVINCE_HUC,Caraga,116,Dinagat Islands,PROVINCE_OR_HUC,FATS_OILS,epwt_fg23,Fats and Oils,9,50.867835,3.051047,1472,99871.763,0.566623,2019
PROVINCE_HUC:Caraga:Dinagat Islands:WHOLE_MILK,All surveyed individuals,PROVINCE_HUC,Caraga,116,Dinagat Islands,PROVINCE_OR_HUC,WHOLE_MILK,epwt_fg20,Whole Milk,10,23.523814,9.474797,1472,99871.763,0.986812,2019
PROVINCE_HUC:Caraga:Dinagat Islands:CONDIMENTS_SPICES,All surveyed individuals,PROVINCE_HUC,Caraga,116,Dinagat Islands,PROVINCE_OR_HUC,CONDIMENTS_SPICES,epwt_fg26,Condiments and Spices,11,35.14679,2.777361,1472,99871.763,1.588605,2019
PROVINCE_HUC:Caraga:Dinagat Islands:EGGS,All surveyed individuals,PROVINCE_HUC,Caraga,116,Dinagat Islands,PROVINCE_OR_HUC,EGGS,epwt_fg18,Eggs,12,19.213461,7.645566,1472,99871.763,0.56485,2019
PROVINCE_HUC:Caraga:Dinagat Islands:POULTRY,All surveyed individuals,PROVINCE_HUC,Caraga,116,Dinagat Islands,PROVINCE_OR_HUC,POULTRY,epwt_fg17,Poultry,13,15.189361,10.332135,1472,99871.763,0.512413,2019
PROVINCE_HUC:Caraga:Dinagat Islands:DRIED_BEANS,All surveyed individuals,PROVINCE_HUC,Caraga,116,Dinagat Islands,PROVINCE_OR_HUC,DRIED_BEANS,epwt_fg7,Dried Beans,14,21.293065,2.87429,1472,99871.763,0.541276,2019
PROVINCE_HUC:Caraga:Dinagat Islands:OTHER_FRUITS,All surveyed individuals,PROVINCE_HUC,Caraga,116,Dinagat Islands,PROVINCE_OR_HUC,OTHER_FRUITS,epwt_fg13,Other Fruits,15,8.373604,8.605491,1472,99871.763,0.597683,2019
PROVINCE_HUC:Caraga:Dinagat Islands:STARCHY_ROOTS_TUBERS,All surveyed individuals,PROVINCE_HUC,Caraga,116,Dinagat Islands,PROVINCE_OR_HUC,STARCHY_ROOTS_TUBERS,epwt_fg5,Starchy Roots and Tubers,16,6.175274,6.843839,1472,99871.763,1.156593,2019
PROVINCE_HUC:Caraga:Dinagat Islands:VITAMIN_C_RICH_FRUITS,All surveyed individuals,PROVINCE_HUC,Caraga,116,Dinagat Islands,PROVINCE_OR_HUC,VITAMIN_C_RICH_FRUITS,epwt_fg12,Vitamin C-Rich Fruits,17,5.423706,5.282576,1472,99871.763,2.067015,2019
PROVINCE_HUC:Caraga:Dinagat Islands:CORN_PRODUCTS,All surveyed individuals,PROVINCE_HUC,Caraga,116,Dinagat Islands,PROVINCE_OR_HUC,CORN_PRODUCTS,epwt_fg3,Corn and Products,18,3.923579,4.153838,1472,99871.763,0.529582,2019
PROVINCE_HUC:Caraga:Dinagat Islands:OTHER_MISCELLANEOUS,All surveyed individuals,PROVINCE_HUC,Caraga,116,Dinagat Islands,PROVINCE_OR_HUC,OTHER_MISCELLANEOUS,epwt_fg27,Other Miscellaneous,19,3.652717,1.450886,1472,99871.763,0.710959,2019
PROVINCE_HUC:Caraga:Dinagat Islands:MILK_PRODUCTS,All surveyed individuals,PROVINCE_HUC,Caraga,116,Dinagat Islands,PROVINCE_OR_HUC,MILK_PRODUCTS,epwt_fg21,Milk Products,20,1.359934,0.884919,1472,99871.763,0.375034,2019
PROVINCE_HUC:Caraga:Surigao del Norte:RICE_PRODUCTS,All surveyed individuals,PROVINCE_HUC,Caraga,114,Surigao del Norte,PROVINCE_OR_HUC,RICE_PRODUCTS,epwt_fg2,Rice and Products,1,99.1836,244.136433,2155,353711.207,1.112845,2021
PROVINCE_HUC:Caraga:Surigao del Norte:FISH_PRODUCTS,All surveyed individuals,PROVINCE_HUC,Caraga,114,Surigao del Norte,PROVINCE_OR_HUC,FISH_PRODUCTS,epwt_fg15,Fish and Fish Products,2,76.356959,63.33522,2155,353711.207,1.454688,2021
PROVINCE_HUC:Caraga:Surigao del Norte:OTHER_CEREAL_PRODUCTS,All surveyed individuals,PROVINCE_HUC,Caraga,114,Surigao del Norte,PROVINCE_OR_HUC,OTHER_CEREAL_PRODUCTS,epwt_fg4,Other Cereal Products,3,46.511382,28.80038,2155,353711.207,0.648272,2021
PROVINCE_HUC:Caraga:Surigao del Norte:OTHER_VEGETABLES,All surveyed individuals,PROVINCE_HUC,Caraga,114,Surigao del Norte,PROVINCE_OR_HUC,OTHER_VEGETABLES,epwt_fg10,Other Vegetables,4,32.450689,19.253669,2155,353711.207,0.680186,2021
PROVINCE_HUC:Caraga:Surigao del Norte:GREEN_LEAFY_YELLOW_VEGETABLES,All surveyed individuals,PROVINCE_HUC,Caraga,114,Surigao del Norte,PROVINCE_OR_HUC,GREEN_LEAFY_YELLOW_VEGETABLES,epwt_fg9,Green Leafy and Yellow Vegetables,5,38.38719,10.764326,2155,353711.207,0.741283,2021
PROVINCE_HUC:Caraga:Surigao del Norte:EGGS,All surveyed individuals,PROVINCE_HUC,Caraga,114,Surigao del Norte,PROVINCE_OR_HUC,EGGS,epwt_fg18,Eggs,6,32.311489,13.125278,2155,353711.207,0.969687,2021
PROVINCE_HUC:Caraga:Surigao del Norte:BEVERAGES,All surveyed individuals,PROVINCE_HUC,Caraga,114,Surigao del Norte,PROVINCE_OR_HUC,BEVERAGES,epwt_fg25,Beverages,7,33.556044,10.639032,2155,353711.207,0.412948,2021
PROVINCE_HUC:Caraga:Surigao del Norte:FATS_OILS,All surveyed individuals,PROVINCE_HUC,Caraga,114,Surigao del Norte,PROVINCE_OR_HUC,FATS_OILS,epwt_fg23,Fats and Oils,8,55.925019,3.347255,2155,353711.207,0.621633,2021
PROVINCE_HUC:Caraga:Surigao del Norte:MEAT_PRODUCTS,All surveyed individuals,PROVINCE_HUC,Caraga,114,Surigao del Norte,PROVINCE_OR_HUC,MEAT_PRODUCTS,epwt_fg16,Meat and Meat Products,9,25.68694,21.985399,2155,353711.207,0.548811,2021
PROVINCE_HUC:Caraga:Surigao del Norte:SUGAR_SYRUPS,All surveyed individuals,PROVINCE_HUC,Caraga,114,Surigao del Norte,PROVINCE_OR_HUC,SUGAR_SYRUPS,epwt_fg6,Sugar and Syrups,10,25.160466,16.095293,2155,353711.207,0.455417,2021
PROVINCE_HUC:Caraga:Surigao del Norte:CONDIMENTS_SPICES,All surveyed individuals,PROVINCE_HUC,Caraga,114,Surigao del Norte,PROVINCE_OR_HUC,CONDIMENTS_SPICES,epwt_fg26,Condiments and Spices,11,44.611919,3.629181,2155,353711.207,2.075832,2021
PROVINCE_HUC:Caraga:Surigao del Norte:POULTRY,All surveyed individuals,PROVINCE_HUC,Caraga,114,Surigao del Norte,PROVINCE_OR_HUC,POULTRY,epwt_fg17,Poultry,12,22.307067,19.000336,2155,353711.207,0.942304,2021
PROVINCE_HUC:Caraga:Surigao del Norte:WHOLE_MILK,All surveyed individuals,PROVINCE_HUC,Caraga,114,Surigao del Norte,PROVINCE_OR_HUC,WHOLE_MILK,epwt_fg20,Whole Milk,13,20.846507,9.331148,2155,353711.207,0.971851,2021
PROVINCE_HUC:Caraga:Surigao del Norte:DRIED_BEANS,All surveyed individuals,PROVINCE_HUC,Caraga,114,Surigao del Norte,PROVINCE_OR_HUC,DRIED_BEANS,epwt_fg7,Dried Beans,14,23.745907,1.947651,2155,353711.207,0.366775,2021
PROVINCE_HUC:Caraga:Surigao del Norte:OTHER_FRUITS,All surveyed individuals,PROVINCE_HUC,Caraga,114,Surigao del Norte,PROVINCE_OR_HUC,OTHER_FRUITS,epwt_fg13,Other Fruits,15,6.063567,8.270935,2155,353711.207,0.574447,2021
PROVINCE_HUC:Caraga:Surigao del Norte:STARCHY_ROOTS_TUBERS,All surveyed individuals,PROVINCE_HUC,Caraga,114,Surigao del Norte,PROVINCE_OR_HUC,STARCHY_ROOTS_TUBERS,epwt_fg5,Starchy Roots and Tubers,16,2.496495,1.839717,2155,353711.207,0.310908,2021
PROVINCE_HUC:Caraga:Surigao del Norte:OTHER_MISCELLANEOUS,All surveyed individuals,PROVINCE_HUC,Caraga,114,Surigao del Norte,PROVINCE_OR_HUC,OTHER_MISCELLANEOUS,epwt_fg27,Other Miscellaneous,17,1.067487,0.96873,2155,353711.207,0.474694,2021
PROVINCE_HUC:Caraga:Surigao del Norte:VITAMIN_C_RICH_FRUITS,All surveyed individuals,PROVINCE_HUC,Caraga,114,Surigao del Norte,PROVINCE_OR_HUC,VITAMIN_C_RICH_FRUITS,epwt_fg12,Vitamin C-Rich Fruits,18,0.916515,1.077204,2155,353711.207,0.421498,2021
PROVINCE_HUC:Caraga:Surigao del Norte:MILK_PRODUCTS,All surveyed individuals,PROVINCE_HUC,Caraga,114,Surigao del Norte,PROVINCE_OR_HUC,MILK_PRODUCTS,epwt_fg21,Milk Products,19,0.773081,0.486566,2155,353711.207,0.20621,2021
PROVINCE_HUC:Caraga:Surigao del Norte:CORN_PRODUCTS,All surveyed individuals,PROVINCE_HUC,Caraga,114,Surigao del Norte,PROVINCE_OR_HUC,CORN_PRODUCTS,epwt_fg3,Corn and Products,20,0.759001,0.269139,2155,353711.207,0.034313,2021
PROVINCE_HUC:Caraga:Surigao del Sur:RICE_PRODUCTS,All surveyed individuals,PROVINCE_HUC,Caraga,115,Surigao del Sur,PROVINCE_OR_HUC,RICE_PRODUCTS,epwt_fg2,Rice and Products,1,96.49275,244.291181,2424,461446.4,1.113551,2019
PROVINCE_HUC:Caraga:Surigao del Sur:FISH_PRODUCTS,All surveyed individuals,PROVINCE_HUC,Caraga,115,Surigao del Sur,PROVINCE_OR_HUC,FISH_PRODUCTS,epwt_fg15,Fish and Fish Products,2,75.700851,52.191495,2424,461446.4,1.198738,2019
PROVINCE_HUC:Caraga:Surigao del Sur:OTHER_CEREAL_PRODUCTS,All surveyed individuals,PROVINCE_HUC,Caraga,115,Surigao del Sur,PROVINCE_OR_HUC,OTHER_CEREAL_PRODUCTS,epwt_fg4,Other Cereal Products,3,48.194956,24.466471,2424,461446.4,0.550719,2019
PROVINCE_HUC:Caraga:Surigao del Sur:OTHER_VEGETABLES,All surveyed individuals,PROVINCE_HUC,Caraga,115,Surigao del Sur,PROVINCE_OR_HUC,OTHER_VEGETABLES,epwt_fg10,Other Vegetables,4,37.181514,26.478161,2424,461446.4,0.935411,2019
PROVINCE_HUC:Caraga:Surigao del Sur:BEVERAGES,All surveyed individuals,PROVINCE_HUC,Caraga,115,Surigao del Sur,PROVINCE_OR_HUC,BEVERAGES,epwt_fg25,Beverages,5,36.012734,17.725431,2424,461446.4,0.688002,2019
PROVINCE_HUC:Caraga:Surigao del Sur:GREEN_LEAFY_YELLOW_VEGETABLES,All surveyed individuals,PROVINCE_HUC,Caraga,115,Surigao del Sur,PROVINCE_OR_HUC,GREEN_LEAFY_YELLOW_VEGETABLES,epwt_fg9,Green Leafy and Yellow Vegetables,6,39.15717,13.284529,2424,461446.4,0.914837,2019
PROVINCE_HUC:Caraga:Surigao del Sur:MEAT_PRODUCTS,All surveyed individuals,PROVINCE_HUC,Caraga,115,Surigao del Sur,PROVINCE_OR_HUC,MEAT_PRODUCTS,epwt_fg16,Meat and Meat Products,7,29.210513,23.875839,2424,461446.4,0.596002,2019
PROVINCE_HUC:Caraga:Surigao del Sur:EGGS,All surveyed individuals,PROVINCE_HUC,Caraga,115,Surigao del Sur,PROVINCE_OR_HUC,EGGS,epwt_fg18,Eggs,8,33.427025,14.284054,2424,461446.4,1.055297,2019
PROVINCE_HUC:Caraga:Surigao del Sur:FATS_OILS,All surveyed individuals,PROVINCE_HUC,Caraga,115,Surigao del Sur,PROVINCE_OR_HUC,FATS_OILS,epwt_fg23,Fats and Oils,9,55.822654,3.496162,2424,461446.4,0.649287,2019
PROVINCE_HUC:Caraga:Surigao del Sur:SUGAR_SYRUPS,All surveyed individuals,PROVINCE_HUC,Caraga,115,Surigao del Sur,PROVINCE_OR_HUC,SUGAR_SYRUPS,epwt_fg6,Sugar and Syrups,10,25.735396,21.773706,2424,461446.4,0.616088,2019
PROVINCE_HUC:Caraga:Surigao del Sur:WHOLE_MILK,All surveyed individuals,PROVINCE_HUC,Caraga,115,Surigao del Sur,PROVINCE_OR_HUC,WHOLE_MILK,epwt_fg20,Whole Milk,11,20.69139,8.995225,2424,461446.4,0.936864,2019
PROVINCE_HUC:Caraga:Surigao del Sur:POULTRY,All surveyed individuals,PROVINCE_HUC,Caraga,115,Surigao del Sur,PROVINCE_OR_HUC,POULTRY,epwt_fg17,Poultry,12,18.080116,12.100738,2424,461446.4,0.600125,2019
PROVINCE_HUC:Caraga:Surigao del Sur:CONDIMENTS_SPICES,All surveyed individuals,PROVINCE_HUC,Caraga,115,Surigao del Sur,PROVINCE_OR_HUC,CONDIMENTS_SPICES,epwt_fg26,Condiments and Spices,13,30.227569,2.634319,2424,461446.4,1.506787,2019
PROVINCE_HUC:Caraga:Surigao del Sur:DRIED_BEANS,All surveyed individuals,PROVINCE_HUC,Caraga,115,Surigao del Sur,PROVINCE_OR_HUC,DRIED_BEANS,epwt_fg7,Dried Beans,14,17.66888,1.689806,2424,461446.4,0.318218,2019
PROVINCE_HUC:Caraga:Surigao del Sur:OTHER_FRUITS,All surveyed individuals,PROVINCE_HUC,Caraga,115,Surigao del Sur,PROVINCE_OR_HUC,OTHER_FRUITS,epwt_fg13,Other Fruits,15,7.639969,8.700825,2424,461446.4,0.604305,2019
PROVINCE_HUC:Caraga:Surigao del Sur:CORN_PRODUCTS,All surveyed individuals,PROVINCE_HUC,Caraga,115,Surigao del Sur,PROVINCE_OR_HUC,CORN_PRODUCTS,epwt_fg3,Corn and Products,16,5.109971,6.28797,2424,461446.4,0.801667,2019
PROVINCE_HUC:Caraga:Surigao del Sur:STARCHY_ROOTS_TUBERS,All surveyed individuals,PROVINCE_HUC,Caraga,115,Surigao del Sur,PROVINCE_OR_HUC,STARCHY_ROOTS_TUBERS,epwt_fg5,Starchy Roots and Tubers,17,3.69115,2.983126,2424,461446.4,0.504141,2019
PROVINCE_HUC:Caraga:Surigao del Sur:VITAMIN_C_RICH_FRUITS,All surveyed individuals,PROVINCE_HUC,Caraga,115,Surigao del Sur,PROVINCE_OR_HUC,VITAMIN_C_RICH_FRUITS,epwt_fg12,Vitamin C-Rich Fruits,18,2.452908,2.652115,2424,461446.4,1.037744,2019
PROVINCE_HUC:Caraga:Surigao del Sur:MILK_PRODUCTS,All surveyed individuals,PROVINCE_HUC,Caraga,115,Surigao del Sur,PROVINCE_OR_HUC,MILK_PRODUCTS,epwt_fg21,Milk Products,19,0.793075,0.80068,2424,461446.4,0.339333,2019
PROVINCE_HUC:Caraga:Surigao del Sur:OTHER_MISCELLANEOUS,All surveyed individuals,PROVINCE_HUC,Caraga,115,Surigao del Sur,PROVINCE_OR_HUC,OTHER_MISCELLANEOUS,epwt_fg27,Other Miscellaneous,20,0.696569,0.147703,2424,461446.4,0.072377,2019
PROVINCE_HUC:Central Luzon:Angeles:RICE_PRODUCTS,All surveyed individuals,PROVINCE_HUC,Central Luzon,13,Angeles,PROVINCE_OR_HUC,RICE_PRODUCTS,epwt_fg2,Rice and Products,1,97.470964,181.557182,1371,254811.985,0.827591,2019
PROVINCE_HUC:Central Luzon:Angeles:OTHER_CEREAL_PRODUCTS,All surveyed individuals,PROVINCE_HUC,Central Luzon,13,Angeles,PROVINCE_OR_HUC,OTHER_CEREAL_PRODUCTS,epwt_fg4,Other Cereal Products,2,70.719118,57.957106,1371,254811.985,1.304564,2019
PROVINCE_HUC:Central Luzon:Angeles:MEAT_PRODUCTS,All surveyed individuals,PROVINCE_HUC,Central Luzon,13,Angeles,PROVINCE_OR_HUC,MEAT_PRODUCTS,epwt_fg16,Meat and Meat Products,3,59.49761,61.816817,1371,254811.985,1.543105,2019
PROVINCE_HUC:Central Luzon:Angeles:BEVERAGES,All surveyed individuals,PROVINCE_HUC,Central Luzon,13,Angeles,PROVINCE_OR_HUC,BEVERAGES,epwt_fg25,Beverages,4,54.172675,38.673748,1371,254811.985,1.501098,2019
PROVINCE_HUC:Central Luzon:Angeles:OTHER_VEGETABLES,All surveyed individuals,PROVINCE_HUC,Central Luzon,13,Angeles,PROVINCE_OR_HUC,OTHER_VEGETABLES,epwt_fg10,Other Vegetables,5,45.79908,23.668538,1371,254811.985,0.836153,2019
PROVINCE_HUC:Central Luzon:Angeles:FATS_OILS,All surveyed individuals,PROVINCE_HUC,Central Luzon,13,Angeles,PROVINCE_OR_HUC,FATS_OILS,epwt_fg23,Fats and Oils,6,70.022732,6.554099,1371,254811.985,1.21719,2019
PROVINCE_HUC:Central Luzon:Angeles:FISH_PRODUCTS,All surveyed individuals,PROVINCE_HUC,Central Luzon,13,Angeles,PROVINCE_OR_HUC,FISH_PRODUCTS,epwt_fg15,Fish and Fish Products,7,40.535114,26.795997,1371,254811.985,0.615452,2019
PROVINCE_HUC:Central Luzon:Angeles:SUGAR_SYRUPS,All surveyed individuals,PROVINCE_HUC,Central Luzon,13,Angeles,PROVINCE_OR_HUC,SUGAR_SYRUPS,epwt_fg6,Sugar and Syrups,8,32.623976,50.089583,1371,254811.985,1.417288,2019
PROVINCE_HUC:Central Luzon:Angeles:POULTRY,All surveyed individuals,PROVINCE_HUC,Central Luzon,13,Angeles,PROVINCE_OR_HUC,POULTRY,epwt_fg17,Poultry,9,34.388917,25.613446,1371,254811.985,1.270275,2019
PROVINCE_HUC:Central Luzon:Angeles:EGGS,All surveyed individuals,PROVINCE_HUC,Central Luzon,13,Angeles,PROVINCE_OR_HUC,EGGS,epwt_fg18,Eggs,10,37.049991,17.030164,1371,254811.985,1.258178,2019
PROVINCE_HUC:Central Luzon:Angeles:GREEN_LEAFY_YELLOW_VEGETABLES,All surveyed individuals,PROVINCE_HUC,Central Luzon,13,Angeles,PROVINCE_OR_HUC,GREEN_LEAFY_YELLOW_VEGETABLES,epwt_fg9,Green Leafy and Yellow Vegetables,11,33.453677,9.481646,1371,254811.985,0.652952,2019
PROVINCE_HUC:Central Luzon:Angeles:WHOLE_MILK,All surveyed individuals,PROVINCE_HUC,Central Luzon,13,Angeles,PROVINCE_OR_HUC,WHOLE_MILK,epwt_fg20,Whole Milk,12,22.061948,18.254687,1371,254811.985,1.901248,2019
PROVINCE_HUC:Central Luzon:Angeles:DRIED_BEANS,All surveyed individuals,PROVINCE_HUC,Central Luzon,13,Angeles,PROVINCE_OR_HUC,DRIED_BEANS,epwt_fg7,Dried Beans,13,26.819949,5.043294,1371,254811.985,0.949735,2019
PROVINCE_HUC:Central Luzon:Angeles:STARCHY_ROOTS_TUBERS,All surveyed individuals,PROVINCE_HUC,Central Luzon,13,Angeles,PROVINCE_OR_HUC,STARCHY_ROOTS_TUBERS,epwt_fg5,Starchy Roots and Tubers,14,13.802652,6.424323,1371,254811.985,1.085696,2019
PROVINCE_HUC:Central Luzon:Angeles:CONDIMENTS_SPICES,All surveyed individuals,PROVINCE_HUC,Central Luzon,13,Angeles,PROVINCE_OR_HUC,CONDIMENTS_SPICES,epwt_fg26,Condiments and Spices,15,20.446891,2.152651,1371,254811.985,1.231281,2019
PROVINCE_HUC:Central Luzon:Angeles:OTHER_MISCELLANEOUS,All surveyed individuals,PROVINCE_HUC,Central Luzon,13,Angeles,PROVINCE_OR_HUC,OTHER_MISCELLANEOUS,epwt_fg27,Other Miscellaneous,16,13.452509,4.07771,1371,254811.985,1.998148,2019
PROVINCE_HUC:Central Luzon:Angeles:OTHER_FRUITS,All surveyed individuals,PROVINCE_HUC,Central Luzon,13,Angeles,PROVINCE_OR_HUC,OTHER_FRUITS,epwt_fg13,Other Fruits,17,8.765679,10.749747,1371,254811.985,0.74661,2019
PROVINCE_HUC:Central Luzon:Angeles:MILK_PRODUCTS,All surveyed individuals,PROVINCE_HUC,Central Luzon,13,Angeles,PROVINCE_OR_HUC,MILK_PRODUCTS,epwt_fg21,Milk Products,18,6.940949,4.348526,1371,254811.985,1.842933,2019
PROVINCE_HUC:Central Luzon:Angeles:CORN_PRODUCTS,All surveyed individuals,PROVINCE_HUC,Central Luzon,13,Angeles,PROVINCE_OR_HUC,CORN_PRODUCTS,epwt_fg3,Corn and Products,19,6.790154,2.157673,1371,254811.985,0.275086,2019
PROVINCE_HUC:Central Luzon:Angeles:VITAMIN_C_RICH_FRUITS,All surveyed individuals,PROVINCE_HUC,Central Luzon,13,Angeles,PROVINCE_OR_HUC,VITAMIN_C_RICH_FRUITS,epwt_fg12,Vitamin C-Rich Fruits,20,2.810361,2.21806,1371,254811.985,0.867903,2019
PROVINCE_HUC:Central Luzon:Aurora:RICE_PRODUCTS,All surveyed individuals,PROVINCE_HUC,Central Luzon,18,Aurora,PROVINCE_OR_HUC,RICE_PRODUCTS,epwt_fg2,Rice and Products,1,99.208148,228.059146,2144,152386.863,1.03956,2021
PROVINCE_HUC:Central Luzon:Aurora:FISH_PRODUCTS,All surveyed individuals,PROVINCE_HUC,Central Luzon,18,Aurora,PROVINCE_OR_HUC,FISH_PRODUCTS,epwt_fg15,Fish and Fish Products,2,71.079965,66.877833,2144,152386.863,1.536055,2021
PROVINCE_HUC:Central Luzon:Aurora:OTHER_CEREAL_PRODUCTS,All surveyed individuals,PROVINCE_HUC,Central Luzon,18,Aurora,PROVINCE_OR_HUC,OTHER_CEREAL_PRODUCTS,epwt_fg4,Other Cereal Products,3,59.242195,40.232595,2144,152386.863,0.905601,2021
PROVINCE_HUC:Central Luzon:Aurora:OTHER_VEGETABLES,All surveyed individuals,PROVINCE_HUC,Central Luzon,18,Aurora,PROVINCE_OR_HUC,OTHER_VEGETABLES,epwt_fg10,Other Vegetables,4,46.716617,32.266776,2144,152386.863,1.139909,2021
PROVINCE_HUC:Central Luzon:Aurora:BEVERAGES,All surveyed individuals,PROVINCE_HUC,Central Luzon,18,Aurora,PROVINCE_OR_HUC,BEVERAGES,epwt_fg25,Beverages,5,51.323409,16.258951,2144,152386.863,0.631081,2021
PROVINCE_HUC:Central Luzon:Aurora:SUGAR_SYRUPS,All surveyed individuals,PROVINCE_HUC,Central Luzon,18,Aurora,PROVINCE_OR_HUC,SUGAR_SYRUPS,epwt_fg6,Sugar and Syrups,6,44.215522,22.536069,2144,152386.863,0.63766,2021
PROVINCE_HUC:Central Luzon:Aurora:FATS_OILS,All surveyed individuals,PROVINCE_HUC,Central Luzon,18,Aurora,PROVINCE_OR_HUC,FATS_OILS,epwt_fg23,Fats and Oils,7,69.985805,6.005683,2144,152386.863,1.115341,2021
PROVINCE_HUC:Central Luzon:Aurora:GREEN_LEAFY_YELLOW_VEGETABLES,All surveyed individuals,PROVINCE_HUC,Central Luzon,18,Aurora,PROVINCE_OR_HUC,GREEN_LEAFY_YELLOW_VEGETABLES,epwt_fg9,Green Leafy and Yellow Vegetables,8,41.167128,12.568466,2144,152386.863,0.865525,2021
PROVINCE_HUC:Central Luzon:Aurora:EGGS,All surveyed individuals,PROVINCE_HUC,Central Luzon,18,Aurora,PROVINCE_OR_HUC,EGGS,epwt_fg18,Eggs,9,36.811505,16.791248,2144,152386.863,1.240527,2021
PROVINCE_HUC:Central Luzon:Aurora:MEAT_PRODUCTS,All surveyed individuals,PROVINCE_HUC,Central Luzon,18,Aurora,PROVINCE_OR_HUC,MEAT_PRODUCTS,epwt_fg16,Meat and Meat Products,10,27.601424,25.609832,2144,152386.863,0.639287,2021
PROVINCE_HUC:Central Luzon:Aurora:POULTRY,All surveyed individuals,PROVINCE_HUC,Central Luzon,18,Aurora,PROVINCE_OR_HUC,POULTRY,epwt_fg17,Poultry,11,19.61951,19.443433,2144,152386.863,0.964279,2021
PROVINCE_HUC:Central Luzon:Aurora:WHOLE_MILK,All surveyed individuals,PROVINCE_HUC,Central Luzon,18,Aurora,PROVINCE_OR_HUC,WHOLE_MILK,epwt_fg20,Whole Milk,12,22.909759,9.824461,2144,152386.863,1.02323,2021
PROVINCE_HUC:Central Luzon:Aurora:DRIED_BEANS,All surveyed individuals,PROVINCE_HUC,Central Luzon,18,Aurora,PROVINCE_OR_HUC,DRIED_BEANS,epwt_fg7,Dried Beans,13,24.600866,4.536085,2144,152386.863,0.854219,2021
PROVINCE_HUC:Central Luzon:Aurora:OTHER_FRUITS,All surveyed individuals,PROVINCE_HUC,Central Luzon,18,Aurora,PROVINCE_OR_HUC,OTHER_FRUITS,epwt_fg13,Other Fruits,14,9.96798,11.889156,2144,152386.863,0.825746,2021
PROVINCE_HUC:Central Luzon:Aurora:CONDIMENTS_SPICES,All surveyed individuals,PROVINCE_HUC,Central Luzon,18,Aurora,PROVINCE_OR_HUC,CONDIMENTS_SPICES,epwt_fg26,Condiments and Spices,15,20.462947,1.608732,2144,152386.863,0.920168,2021
PROVINCE_HUC:Central Luzon:Aurora:STARCHY_ROOTS_TUBERS,All surveyed individuals,PROVINCE_HUC,Central Luzon,18,Aurora,PROVINCE_OR_HUC,STARCHY_ROOTS_TUBERS,epwt_fg5,Starchy Roots and Tubers,16,9.057887,6.044361,2144,152386.863,1.021483,2021
PROVINCE_HUC:Central Luzon:Aurora:OTHER_MISCELLANEOUS,All surveyed individuals,PROVINCE_HUC,Central Luzon,18,Aurora,PROVINCE_OR_HUC,OTHER_MISCELLANEOUS,epwt_fg27,Other Miscellaneous,17,10.46757,1.24062,2144,152386.863,0.607925,2021
PROVINCE_HUC:Central Luzon:Aurora:VITAMIN_C_RICH_FRUITS,All surveyed individuals,PROVINCE_HUC,Central Luzon,18,Aurora,PROVINCE_OR_HUC,VITAMIN_C_RICH_FRUITS,epwt_fg12,Vitamin C-Rich Fruits,18,5.426854,2.620252,2144,152386.863,1.025276,2021
PROVINCE_HUC:Central Luzon:Aurora:CORN_PRODUCTS,All surveyed individuals,PROVINCE_HUC,Central Luzon,18,Aurora,PROVINCE_OR_HUC,CORN_PRODUCTS,epwt_fg3,Corn and Products,19,3.008408,1.184484,2144,152386.863,0.151012,2021
PROVINCE_HUC:Central Luzon:Aurora:MILK_PRODUCTS,All surveyed individuals,PROVINCE_HUC,Central Luzon,18,Aurora,PROVINCE_OR_HUC,MILK_PRODUCTS,epwt_fg21,Milk Products,20,1.507492,0.798717,2144,152386.863,0.338501,2021
PROVINCE_HUC:Central Luzon:Bataan:RICE_PRODUCTS,All surveyed individuals,PROVINCE_HUC,Central Luzon,10,Bataan,PROVINCE_OR_HUC,RICE_PRODUCTS,epwt_fg2,Rice and Products,1,98.336914,192.940772,2114,522168.779,0.87948,2021
PROVINCE_HUC:Central Luzon:Bataan:OTHER_CEREAL_PRODUCTS,All surveyed individuals,PROVINCE_HUC,Central Luzon,10,Bataan,PROVINCE_OR_HUC,OTHER_CEREAL_PRODUCTS,epwt_fg4,Other Cereal Products,2,68.06149,54.433992,2114,522168.779,1.225262,2021
PROVINCE_HUC:Central Luzon:Bataan:FISH_PRODUCTS,All surveyed individuals,PROVINCE_HUC,Central Luzon,10,Bataan,PROVINCE_OR_HUC,FISH_PRODUCTS,epwt_fg15,Fish and Fish Products,3,58.594932,42.819249,2114,522168.779,0.983475,2021
PROVINCE_HUC:Central Luzon:Bataan:BEVERAGES,All surveyed individuals,PROVINCE_HUC,Central Luzon,10,Bataan,PROVINCE_OR_HUC,BEVERAGES,epwt_fg25,Beverages,4,53.352311,28.283715,2114,522168.779,1.097815,2021
PROVINCE_HUC:Central Luzon:Bataan:MEAT_PRODUCTS,All surveyed individuals,PROVINCE_HUC,Central Luzon,10,Bataan,PROVINCE_OR_HUC,MEAT_PRODUCTS,epwt_fg16,Meat and Meat Products,5,40.003036,36.222141,2114,522168.779,0.904197,2021
PROVINCE_HUC:Central Luzon:Bataan:FATS_OILS,All surveyed individuals,PROVINCE_HUC,Central Luzon,10,Bataan,PROVINCE_OR_HUC,FATS_OILS,epwt_fg23,Fats and Oils,6,69.31124,6.255378,2114,522168.779,1.161713,2021
PROVINCE_HUC:Central Luzon:Bataan:OTHER_VEGETABLES,All surveyed individuals,PROVINCE_HUC,Central Luzon,10,Bataan,PROVINCE_OR_HUC,OTHER_VEGETABLES,epwt_fg10,Other Vegetables,7,40.242111,25.874691,2114,522168.779,0.914091,2021
PROVINCE_HUC:Central Luzon:Bataan:EGGS,All surveyed individuals,PROVINCE_HUC,Central Luzon,10,Bataan,PROVINCE_OR_HUC,EGGS,epwt_fg18,Eggs,8,40.617099,19.293454,2114,522168.779,1.425388,2021
PROVINCE_HUC:Central Luzon:Bataan:SUGAR_SYRUPS,All surveyed individuals,PROVINCE_HUC,Central Luzon,10,Bataan,PROVINCE_OR_HUC,SUGAR_SYRUPS,epwt_fg6,Sugar and Syrups,9,33.805242,31.79163,2114,522168.779,0.899546,2021
PROVINCE_HUC:Central Luzon:Bataan:POULTRY,All surveyed individuals,PROVINCE_HUC,Central Luzon,10,Bataan,PROVINCE_OR_HUC,POULTRY,epwt_fg17,Poultry,10,34.592112,29.040283,2114,522168.779,1.440226,2021
PROVINCE_HUC:Central Luzon:Bataan:GREEN_LEAFY_YELLOW_VEGETABLES,All surveyed individuals,PROVINCE_HUC,Central Luzon,10,Bataan,PROVINCE_OR_HUC,GREEN_LEAFY_YELLOW_VEGETABLES,epwt_fg9,Green Leafy and Yellow Vegetables,11,34.118444,9.527038,2114,522168.779,0.656078,2021
PROVINCE_HUC:Central Luzon:Bataan:DRIED_BEANS,All surveyed individuals,PROVINCE_HUC,Central Luzon,10,Bataan,PROVINCE_OR_HUC,DRIED_BEANS,epwt_fg7,Dried Beans,12,29.648078,6.133322,2114,522168.779,1.155005,2021
PROVINCE_HUC:Central Luzon:Bataan:WHOLE_MILK,All surveyed individuals,PROVINCE_HUC,Central Luzon,10,Bataan,PROVINCE_OR_HUC,WHOLE_MILK,epwt_fg20,Whole Milk,13,18.248574,12.516873,2114,522168.779,1.303648,2021
PROVINCE_HUC:Central Luzon:Bataan:STARCHY_ROOTS_TUBERS,All surveyed individuals,PROVINCE_HUC,Central Luzon,10,Bataan,PROVINCE_OR_HUC,STARCHY_ROOTS_TUBERS,epwt_fg5,Starchy Roots and Tubers,14,11.981695,5.733878,2114,522168.779,0.969012,2021
PROVINCE_HUC:Central Luzon:Bataan:OTHER_FRUITS,All surveyed individuals,PROVINCE_HUC,Central Luzon,10,Bataan,PROVINCE_OR_HUC,OTHER_FRUITS,epwt_fg13,Other Fruits,15,9.559546,9.352376,2114,522168.779,0.649557,2021
PROVINCE_HUC:Central Luzon:Bataan:CONDIMENTS_SPICES,All surveyed individuals,PROVINCE_HUC,Central Luzon,10,Bataan,PROVINCE_OR_HUC,CONDIMENTS_SPICES,epwt_fg26,Condiments and Spices,16,17.366595,1.348345,2114,522168.779,0.771231,2021
PROVINCE_HUC:Central Luzon:Bataan:MILK_PRODUCTS,All surveyed individuals,PROVINCE_HUC,Central Luzon,10,Bataan,PROVINCE_OR_HUC,MILK_PRODUCTS,epwt_fg21,Milk Products,17,6.195212,2.949515,2114,522168.779,1.250023,2021
PROVINCE_HUC:Central Luzon:Bataan:OTHER_MISCELLANEOUS,All surveyed individuals,PROVINCE_HUC,Central Luzon,10,Bataan,PROVINCE_OR_HUC,OTHER_MISCELLANEOUS,epwt_fg27,Other Miscellaneous,18,8.010076,1.296977,2114,522168.779,0.635541,2021
PROVINCE_HUC:Central Luzon:Bataan:VITAMIN_C_RICH_FRUITS,All surveyed individuals,PROVINCE_HUC,Central Luzon,10,Bataan,PROVINCE_OR_HUC,VITAMIN_C_RICH_FRUITS,epwt_fg12,Vitamin C-Rich Fruits,19,4.571432,2.741895,2114,522168.779,1.072874,2021
PROVINCE_HUC:Central Luzon:Bataan:CORN_PRODUCTS,All surveyed individuals,PROVINCE_HUC,Central Luzon,10,Bataan,PROVINCE_OR_HUC,CORN_PRODUCTS,epwt_fg3,Corn and Products,20,4.054243,1.621596,2114,522168.779,0.206741,2021
PROVINCE_HUC:Central Luzon:Bulacan:RICE_PRODUCTS,All surveyed individuals,PROVINCE_HUC,Central Luzon,11,Bulacan,PROVINCE_OR_HUC,RICE_PRODUCTS,epwt_fg2,Rice and Products,1,97.633461,231.685924,1781,2354565.658,1.056092,2018
PROVINCE_HUC:Central Luzon:Bulacan:OTHER_CEREAL_PRODUCTS,All surveyed individuals,PROVINCE_HUC,Central Luzon,11,Bulacan,PROVINCE_OR_HUC,OTHER_CEREAL_PRODUCTS,epwt_fg4,Other Cereal Products,2,74.71629,66.359624,1781,2354565.658,1.493698,2018
PROVINCE_HUC:Central Luzon:Bulacan:MEAT_PRODUCTS,All surveyed individuals,PROVINCE_HUC,Central Luzon,11,Bulacan,PROVINCE_OR_HUC,MEAT_PRODUCTS,epwt_fg16,Meat and Meat Products,3,56.21662,63.96618,1781,2354565.658,1.596758,2018
PROVINCE_HUC:Central Luzon:Bulacan:BEVERAGES,All surveyed individuals,PROVINCE_HUC,Central Luzon,11,Bulacan,PROVINCE_OR_HUC,BEVERAGES,epwt_fg25,Beverages,4,59.339761,37.123562,1781,2354565.658,1.440929,2018
PROVINCE_HUC:Central Luzon:Bulacan:FISH_PRODUCTS,All surveyed individuals,PROVINCE_HUC,Central Luzon,11,Bulacan,PROVINCE_OR_HUC,FISH_PRODUCTS,epwt_fg15,Fish and Fish Products,5,49.795362,36.377225,1781,2354565.658,0.835515,2018
PROVINCE_HUC:Central Luzon:Bulacan:SUGAR_SYRUPS,All surveyed individuals,PROVINCE_HUC,Central Luzon,11,Bulacan,PROVINCE_OR_HUC,SUGAR_SYRUPS,epwt_fg6,Sugar and Syrups,6,43.366018,52.97281,1781,2354565.658,1.498869,2018
PROVINCE_HUC:Central Luzon:Bulacan:OTHER_VEGETABLES,All surveyed individuals,PROVINCE_HUC,Central Luzon,11,Bulacan,PROVINCE_OR_HUC,OTHER_VEGETABLES,epwt_fg10,Other Vegetables,7,48.87259,28.853408,1781,2354565.658,1.019322,2018
PROVINCE_HUC:Central Luzon:Bulacan:FATS_OILS,All surveyed individuals,PROVINCE_HUC,Central Luzon,11,Bulacan,PROVINCE_OR_HUC,FATS_OILS,epwt_fg23,Fats and Oils,8,71.239529,7.244481,1781,2354565.658,1.345403,2018
PROVINCE_HUC:Central Luzon:Bulacan:POULTRY,All surveyed individuals,PROVINCE_HUC,Central Luzon,11,Bulacan,PROVINCE_OR_HUC,POULTRY,epwt_fg17,Poultry,9,32.245901,27.938248,1781,2354565.658,1.385571,2018
PROVINCE_HUC:Central Luzon:Bulacan:EGGS,All surveyed individuals,PROVINCE_HUC,Central Luzon,11,Bulacan,PROVINCE_OR_HUC,EGGS,epwt_fg18,Eggs,10,37.70582,16.268959,1781,2354565.658,1.20194,2018
PROVINCE_HUC:Central Luzon:Bulacan:GREEN_LEAFY_YELLOW_VEGETABLES,All surveyed individuals,PROVINCE_HUC,Central Luzon,11,Bulacan,PROVINCE_OR_HUC,GREEN_LEAFY_YELLOW_VEGETABLES,epwt_fg9,Green Leafy and Yellow Vegetables,11,32.178129,10.225355,1781,2354565.658,0.704167,2018
PROVINCE_HUC:Central Luzon:Bulacan:DRIED_BEANS,All surveyed individuals,PROVINCE_HUC,Central Luzon,11,Bulacan,PROVINCE_OR_HUC,DRIED_BEANS,epwt_fg7,Dried Beans,12,31.442323,9.001144,1781,2354565.658,1.695063,2018
PROVINCE_HUC:Central Luzon:Bulacan:WHOLE_MILK,All surveyed individuals,PROVINCE_HUC,Central Luzon,11,Bulacan,PROVINCE_OR_HUC,WHOLE_MILK,epwt_fg20,Whole Milk,13,20.605068,13.838508,1781,2354565.658,1.441298,2018
PROVINCE_HUC:Central Luzon:Bulacan:OTHER_FRUITS,All surveyed individuals,PROVINCE_HUC,Central Luzon,11,Bulacan,PROVINCE_OR_HUC,OTHER_FRUITS,epwt_fg13,Other Fruits,14,14.656719,16.103002,1781,2354565.658,1.118414,2018
PROVINCE_HUC:Central Luzon:Bulacan:CONDIMENTS_SPICES,All surveyed individuals,PROVINCE_HUC,Central Luzon,11,Bulacan,PROVINCE_OR_HUC,CONDIMENTS_SPICES,epwt_fg26,Condiments and Spices,15,22.506222,3.157438,1781,2354565.658,1.806003,2018
PROVINCE_HUC:Central Luzon:Bulacan:STARCHY_ROOTS_TUBERS,All surveyed individuals,PROVINCE_HUC,Central Luzon,11,Bulacan,PROVINCE_OR_HUC,STARCHY_ROOTS_TUBERS,epwt_fg5,Starchy Roots and Tubers,16,14.857508,6.509092,1781,2354565.658,1.100021,2018
PROVINCE_HUC:Central Luzon:Bulacan:OTHER_MISCELLANEOUS,All surveyed individuals,PROVINCE_HUC,Central Luzon,11,Bulacan,PROVINCE_OR_HUC,OTHER_MISCELLANEOUS,epwt_fg27,Other Miscellaneous,17,12.199114,6.709642,1781,2354565.658,3.28784,2018
PROVINCE_HUC:Central Luzon:Bulacan:MILK_PRODUCTS,All surveyed individuals,PROVINCE_HUC,Central Luzon,11,Bulacan,PROVINCE_OR_HUC,MILK_PRODUCTS,epwt_fg21,Milk Products,18,9.618655,5.464622,1781,2354565.658,2.315941,2018
PROVINCE_HUC:Central Luzon:Bulacan:VITAMIN_C_RICH_FRUITS,All surveyed individuals,PROVINCE_HUC,Central Luzon,11,Bulacan,PROVINCE_OR_HUC,VITAMIN_C_RICH_FRUITS,epwt_fg12,Vitamin C-Rich Fruits,19,5.844985,2.671177,1781,2354565.658,1.045203,2018
PROVINCE_HUC:Central Luzon:Bulacan:CORN_PRODUCTS,All surveyed individuals,PROVINCE_HUC,Central Luzon,11,Bulacan,PROVINCE_OR_HUC,CORN_PRODUCTS,epwt_fg3,Corn and Products,20,3.208596,1.42136,1781,2354565.658,0.181212,2018
PROVINCE_HUC:Central Luzon:Nueva Ecija:RICE_PRODUCTS,All surveyed individuals,PROVINCE_HUC,Central Luzon,12,Nueva Ecija,PROVINCE_OR_HUC,RICE_PRODUCTS,epwt_fg2,Rice and Products,1,99.02226,207.742143,2140,1558852.034,0.946949,2019
PROVINCE_HUC:Central Luzon:Nueva Ecija:OTHER_CEREAL_PRODUCTS,All surveyed individuals,PROVINCE_HUC,Central Luzon,12,Nueva Ecija,PROVINCE_OR_HUC,OTHER_CEREAL_PRODUCTS,epwt_fg4,Other Cereal Products,2,60.355936,37.06632,2140,1558852.034,0.834331,2019
PROVINCE_HUC:Central Luzon:Nueva Ecija:FISH_PRODUCTS,All surveyed individuals,PROVINCE_HUC,Central Luzon,12,Nueva Ecija,PROVINCE_OR_HUC,FISH_PRODUCTS,epwt_fg15,Fish and Fish Products,3,53.607825,34.947698,2140,1558852.034,0.802681,2019
PROVINCE_HUC:Central Luzon:Nueva Ecija:BEVERAGES,All surveyed individuals,PROVINCE_HUC,Central Luzon,12,Nueva Ecija,PROVINCE_OR_HUC,BEVERAGES,epwt_fg25,Beverages,4,54.519167,30.802751,2140,1558852.034,1.19559,2019
PROVINCE_HUC:Central Luzon:Nueva Ecija:MEAT_PRODUCTS,All surveyed individuals,PROVINCE_HUC,Central Luzon,12,Nueva Ecija,PROVINCE_OR_HUC,MEAT_PRODUCTS,epwt_fg16,Meat and Meat Products,5,48.077188,45.798841,2140,1558852.034,1.143255,2019
PROVINCE_HUC:Central Luzon:Nueva Ecija:OTHER_VEGETABLES,All surveyed individuals,PROVINCE_HUC,Central Luzon,12,Nueva Ecija,PROVINCE_OR_HUC,OTHER_VEGETABLES,epwt_fg10,Other Vegetables,6,50.397133,32.49271,2140,1558852.034,1.14789,2019
PROVINCE_HUC:Central Luzon:Nueva Ecija:SUGAR_SYRUPS,All surveyed individuals,PROVINCE_HUC,Central Luzon,12,Nueva Ecija,PROVINCE_OR_HUC,SUGAR_SYRUPS,epwt_fg6,Sugar and Syrups,7,38.961959,34.229594,2140,1558852.034,0.968529,2019
PROVINCE_HUC:Central Luzon:Nueva Ecija:FATS_OILS,All surveyed individuals,PROVINCE_HUC,Central Luzon,12,Nueva Ecija,PROVINCE_OR_HUC,FATS_OILS,epwt_fg23,Fats and Oils,8,66.890298,5.811104,2140,1558852.034,1.079205,2019
PROVINCE_HUC:Central Luzon:Nueva Ecija:EGGS,All surveyed individuals,PROVINCE_HUC,Central Luzon,12,Nueva Ecija,PROVINCE_OR_HUC,EGGS,epwt_fg18,Eggs,9,38.133176,15.868488,2140,1558852.034,1.172354,2019
PROVINCE_HUC:Central Luzon:Nueva Ecija:GREEN_LEAFY_YELLOW_VEGETABLES,All surveyed individuals,PROVINCE_HUC,Central Luzon,12,Nueva Ecija,PROVINCE_OR_HUC,GREEN_LEAFY_YELLOW_VEGETABLES,epwt_fg9,Green Leafy and Yellow Vegetables,10,36.668431,10.860826,2140,1558852.034,0.747929,2019
PROVINCE_HUC:Central Luzon:Nueva Ecija:POULTRY,All surveyed individuals,PROVINCE_HUC,Central Luzon,12,Nueva Ecija,PROVINCE_OR_HUC,POULTRY,epwt_fg17,Poultry,11,28.675814,21.102887,2140,1558852.034,1.046578,2019
PROVINCE_HUC:Central Luzon:Nueva Ecija:DRIED_BEANS,All surveyed individuals,PROVINCE_HUC,Central Luzon,12,Nueva Ecija,PROVINCE_OR_HUC,DRIED_BEANS,epwt_fg7,Dried Beans,12,27.120908,7.903683,2140,1558852.034,1.488393,2019
PROVINCE_HUC:Central Luzon:Nueva Ecija:WHOLE_MILK,All surveyed individuals,PROVINCE_HUC,Central Luzon,12,Nueva Ecija,PROVINCE_OR_HUC,WHOLE_MILK,epwt_fg20,Whole Milk,13,15.833524,7.653263,2140,1558852.034,0.797097,2019
PROVINCE_HUC:Central Luzon:Nueva Ecija:STARCHY_ROOTS_TUBERS,All surveyed individuals,PROVINCE_HUC,Central Luzon,12,Nueva Ecija,PROVINCE_OR_HUC,STARCHY_ROOTS_TUBERS,epwt_fg5,Starchy Roots and Tubers,14,11.385705,4.797495,2140,1558852.034,0.810766,2019
PROVINCE_HUC:Central Luzon:Nueva Ecija:OTHER_FRUITS,All surveyed individuals,PROVINCE_HUC,Central Luzon,12,Nueva Ecija,PROVINCE_OR_HUC,OTHER_FRUITS,epwt_fg13,Other Fruits,15,8.316391,7.410987,2140,1558852.034,0.514721,2019
PROVINCE_HUC:Central Luzon:Nueva Ecija:CONDIMENTS_SPICES,All surveyed individuals,PROVINCE_HUC,Central Luzon,12,Nueva Ecija,PROVINCE_OR_HUC,CONDIMENTS_SPICES,epwt_fg26,Condiments and Spices,16,17.993062,1.402626,2140,1558852.034,0.802279,2019
PROVINCE_HUC:Central Luzon:Nueva Ecija:OTHER_MISCELLANEOUS,All surveyed individuals,PROVINCE_HUC,Central Luzon,12,Nueva Ecija,PROVINCE_OR_HUC,OTHER_MISCELLANEOUS,epwt_fg27,Other Miscellaneous,17,12.256107,2.090583,2140,1558852.034,1.024421,2019
PROVINCE_HUC:Central Luzon:Nueva Ecija:MILK_PRODUCTS,All surveyed individuals,PROVINCE_HUC,Central Luzon,12,Nueva Ecija,PROVINCE_OR_HUC,MILK_PRODUCTS,epwt_fg21,Milk Products,18,3.732421,2.383616,2140,1558852.034,1.010191,2019
PROVINCE_HUC:Central Luzon:Nueva Ecija:VITAMIN_C_RICH_FRUITS,All surveyed individuals,PROVINCE_HUC,Central Luzon,12,Nueva Ecija,PROVINCE_OR_HUC,VITAMIN_C_RICH_FRUITS,epwt_fg12,Vitamin C-Rich Fruits,19,3.706893,1.320757,2140,1558852.034,0.516798,2019
PROVINCE_HUC:Central Luzon:Nueva Ecija:CORN_PRODUCTS,All surveyed individuals,PROVINCE_HUC,Central Luzon,12,Nueva Ecija,PROVINCE_OR_HUC,CORN_PRODUCTS,epwt_fg3,Corn and Products,20,2.608733,0.968408,2140,1558852.034,0.123464,2019
PROVINCE_HUC:Central Luzon:Olongapo:RICE_PRODUCTS,All surveyed individuals,PROVINCE_HUC,Central Luzon,17,Olongapo,PROVINCE_OR_HUC,RICE_PRODUCTS,epwt_fg2,Rice and Products,1,98.279302,212.030376,1108,140432.503,0.966496,2018
PROVINCE_HUC:Central Luzon:Olongapo:OTHER_CEREAL_PRODUCTS,All surveyed individuals,PROVINCE_HUC,Central Luzon,17,Olongapo,PROVINCE_OR_HUC,OTHER_CEREAL_PRODUCTS,epwt_fg4,Other Cereal Products,2,73.664293,62.332225,1108,140432.503,1.403044,2018
PROVINCE_HUC:Central Luzon:Olongapo:MEAT_PRODUCTS,All surveyed individuals,PROVINCE_HUC,Central Luzon,17,Olongapo,PROVINCE_OR_HUC,MEAT_PRODUCTS,epwt_fg16,Meat and Meat Products,3,58.365178,60.426162,1108,140432.503,1.508391,2018
PROVINCE_HUC:Central Luzon:Olongapo:BEVERAGES,All surveyed individuals,PROVINCE_HUC,Central Luzon,17,Olongapo,PROVINCE_OR_HUC,BEVERAGES,epwt_fg25,Beverages,4,55.736182,40.025448,1108,140432.503,1.553563,2018
PROVINCE_HUC:Central Luzon:Olongapo:OTHER_VEGETABLES,All surveyed individuals,PROVINCE_HUC,Central Luzon,17,Olongapo,PROVINCE_OR_HUC,OTHER_VEGETABLES,epwt_fg10,Other Vegetables,5,55.05759,34.365098,1108,140432.503,1.214037,2018
PROVINCE_HUC:Central Luzon:Olongapo:FISH_PRODUCTS,All surveyed individuals,PROVINCE_HUC,Central Luzon,17,Olongapo,PROVINCE_OR_HUC,FISH_PRODUCTS,epwt_fg15,Fish and Fish Products,6,49.277029,33.749536,1108,140432.503,0.775162,2018
PROVINCE_HUC:Central Luzon:Olongapo:SUGAR_SYRUPS,All surveyed individuals,PROVINCE_HUC,Central Luzon,17,Olongapo,PROVINCE_OR_HUC,SUGAR_SYRUPS,epwt_fg6,Sugar and Syrups,7,37.542159,51.06439,1108,140432.503,1.44487,2018
PROVINCE_HUC:Central Luzon:Olongapo:FATS_OILS,All surveyed individuals,PROVINCE_HUC,Central Luzon,17,Olongapo,PROVINCE_OR_HUC,FATS_OILS,epwt_fg23,Fats and Oils,8,65.196735,7.544072,1108,140432.503,1.401042,2018
PROVINCE_HUC:Central Luzon:Olongapo:GREEN_LEAFY_YELLOW_VEGETABLES,All surveyed individuals,PROVINCE_HUC,Central Luzon,17,Olongapo,PROVINCE_OR_HUC,GREEN_LEAFY_YELLOW_VEGETABLES,epwt_fg9,Green Leafy and Yellow Vegetables,9,41.175526,12.870534,1108,140432.503,0.886327,2018
PROVINCE_HUC:Central Luzon:Olongapo:POULTRY,All surveyed individuals,PROVINCE_HUC,Central Luzon,17,Olongapo,PROVINCE_OR_HUC,POULTRY,epwt_fg17,Poultry,10,29.257886,22.670574,1108,140432.503,1.124326,2018
PROVINCE_HUC:Central Luzon:Olongapo:EGGS,All surveyed individuals,PROVINCE_HUC,Central Luzon,17,Olongapo,PROVINCE_OR_HUC,EGGS,epwt_fg18,Eggs,11,33.6261,14.6613,1108,140432.503,1.083168,2018
PROVINCE_HUC:Central Luzon:Olongapo:DRIED_BEANS,All surveyed individuals,PROVINCE_HUC,Central Luzon,17,Olongapo,PROVINCE_OR_HUC,DRIED_BEANS,epwt_fg7,Dried Beans,12,30.077133,8.845253,1108,140432.503,1.665706,2018
PROVINCE_HUC:Central Luzon:Olongapo:WHOLE_MILK,All surveyed individuals,PROVINCE_HUC,Central Luzon,17,Olongapo,PROVINCE_OR_HUC,WHOLE_MILK,epwt_fg20,Whole Milk,13,16.337992,13.085943,1108,140432.503,1.362917,2018
PROVINCE_HUC:Central Luzon:Olongapo:STARCHY_ROOTS_TUBERS,All surveyed individuals,PROVINCE_HUC,Central Luzon,17,Olongapo,PROVINCE_OR_HUC,STARCHY_ROOTS_TUBERS,epwt_fg5,Starchy Roots and Tubers,14,14.908121,6.584268,1108,140432.503,1.112726,2018
PROVINCE_HUC:Central Luzon:Olongapo:CONDIMENTS_SPICES,All surveyed individuals,PROVINCE_HUC,Central Luzon,17,Olongapo,PROVINCE_OR_HUC,CONDIMENTS_SPICES,epwt_fg26,Condiments and Spices,15,21.809083,2.163433,1108,140432.503,1.237448,2018
PROVINCE_HUC:Central Luzon:Olongapo:OTHER_FRUITS,All surveyed individuals,PROVINCE_HUC,Central Luzon,17,Olongapo,PROVINCE_OR_HUC,OTHER_FRUITS,epwt_fg13,Other Fruits,16,9.800004,10.135899,1108,140432.503,0.703976,2018
PROVINCE_HUC:Central Luzon:Olongapo:OTHER_MISCELLANEOUS,All surveyed individuals,PROVINCE_HUC,Central Luzon,17,Olongapo,PROVINCE_OR_HUC,OTHER_MISCELLANEOUS,epwt_fg27,Other Miscellaneous,17,11.092974,3.967186,1108,140432.503,1.943989,2018
PROVINCE_HUC:Central Luzon:Olongapo:MILK_PRODUCTS,All surveyed individuals,PROVINCE_HUC,Central Luzon,17,Olongapo,PROVINCE_OR_HUC,MILK_PRODUCTS,epwt_fg21,Milk Products,18,6.3265,4.150629,1108,140432.503,1.759062,2018
PROVINCE_HUC:Central Luzon:Olongapo:CORN_PRODUCTS,All surveyed individuals,PROVINCE_HUC,Central Luzon,17,Olongapo,PROVINCE_OR_HUC,CORN_PRODUCTS,epwt_fg3,Corn and Products,19,4.898775,3.247101,1108,140432.503,0.41398,2018
PROVINCE_HUC:Central Luzon:Olongapo:VITAMIN_C_RICH_FRUITS,All surveyed individuals,PROVINCE_HUC,Central Luzon,17,Olongapo,PROVINCE_OR_HUC,VITAMIN_C_RICH_FRUITS,epwt_fg12,Vitamin C-Rich Fruits,20,3.058121,0.746936,1108,140432.503,0.292268,2018
PROVINCE_HUC:Central Luzon:Pampanga:RICE_PRODUCTS,All surveyed individuals,PROVINCE_HUC,Central Luzon,14,Pampanga,PROVINCE_OR_HUC,RICE_PRODUCTS,epwt_fg2,Rice and Products,1,97.270223,198.297429,1898,1307655.849,0.903898,2019
PROVINCE_HUC:Central Luzon:Pampanga:OTHER_CEREAL_PRODUCTS,All surveyed individuals,PROVINCE_HUC,Central Luzon,14,Pampanga,PROVINCE_OR_HUC,OTHER_CEREAL_PRODUCTS,epwt_fg4,Other Cereal Products,2,65.074218,46.458364,1898,1307655.849,1.045738,2019
PROVINCE_HUC:Central Luzon:Pampanga:BEVERAGES,All surveyed individuals,PROVINCE_HUC,Central Luzon,14,Pampanga,PROVINCE_OR_HUC,BEVERAGES,epwt_fg25,Beverages,3,55.457405,31.92439,1898,1307655.849,1.239126,2019
PROVINCE_HUC:Central Luzon:Pampanga:MEAT_PRODUCTS,All surveyed individuals,PROVINCE_HUC,Central Luzon,14,Pampanga,PROVINCE_OR_HUC,MEAT_PRODUCTS,epwt_fg16,Meat and Meat Products,4,48.093821,43.97393,1898,1307655.849,1.097701,2019
PROVINCE_HUC:Central Luzon:Pampanga:FISH_PRODUCTS,All surveyed individuals,PROVINCE_HUC,Central Luzon,14,Pampanga,PROVINCE_OR_HUC,FISH_PRODUCTS,epwt_fg15,Fish and Fish Products,5,47.698722,31.931562,1898,1307655.849,0.733406,2019
PROVINCE_HUC:Central Luzon:Pampanga:OTHER_VEGETABLES,All surveyed individuals,PROVINCE_HUC,Central Luzon,14,Pampanga,PROVINCE_OR_HUC,OTHER_VEGETABLES,epwt_fg10,Other Vegetables,6,45.020069,21.281184,1898,1307655.849,0.751814,2019
PROVINCE_HUC:Central Luzon:Pampanga:FATS_OILS,All surveyed individuals,PROVINCE_HUC,Central Luzon,14,Pampanga,PROVINCE_OR_HUC,FATS_OILS,epwt_fg23,Fats and Oils,7,69.450932,6.152216,1898,1307655.849,1.142554,2019
PROVINCE_HUC:Central Luzon:Pampanga:SUGAR_SYRUPS,All surveyed individuals,PROVINCE_HUC,Central Luzon,14,Pampanga,PROVINCE_OR_HUC,SUGAR_SYRUPS,epwt_fg6,Sugar and Syrups,8,36.87678,35.378423,1898,1307655.849,1.001035,2019
PROVINCE_HUC:Central Luzon:Pampanga:POULTRY,All surveyed individuals,PROVINCE_HUC,Central Luzon,14,Pampanga,PROVINCE_OR_HUC,POULTRY,epwt_fg17,Poultry,9,36.688354,27.929559,1898,1307655.849,1.38514,2019
PROVINCE_HUC:Central Luzon:Pampanga:EGGS,All surveyed individuals,PROVINCE_HUC,Central Luzon,14,Pampanga,PROVINCE_OR_HUC,EGGS,epwt_fg18,Eggs,10,38.374812,16.675473,1898,1307655.849,1.231974,2019
PROVINCE_HUC:Central Luzon:Pampanga:GREEN_LEAFY_YELLOW_VEGETABLES,All surveyed individuals,PROVINCE_HUC,Central Luzon,14,Pampanga,PROVINCE_OR_HUC,GREEN_LEAFY_YELLOW_VEGETABLES,epwt_fg9,Green Leafy and Yellow Vegetables,11,32.054705,9.178248,1898,1307655.849,0.632058,2019
PROVINCE_HUC:Central Luzon:Pampanga:WHOLE_MILK,All surveyed individuals,PROVINCE_HUC,Central Luzon,14,Pampanga,PROVINCE_OR_HUC,WHOLE_MILK,epwt_fg20,Whole Milk,12,17.376711,15.524108,1898,1307655.849,1.616855,2019
PROVINCE_HUC:Central Luzon:Pampanga:DRIED_BEANS,All surveyed individuals,PROVINCE_HUC,Central Luzon,14,Pampanga,PROVINCE_OR_HUC,DRIED_BEANS,epwt_fg7,Dried Beans,13,24.934881,5.06727,1898,1307655.849,0.95425,2019
PROVINCE_HUC:Central Luzon:Pampanga:STARCHY_ROOTS_TUBERS,All surveyed individuals,PROVINCE_HUC,Central Luzon,14,Pampanga,PROVINCE_OR_HUC,STARCHY_ROOTS_TUBERS,epwt_fg5,Starchy Roots and Tubers,14,14.892131,6.245414,1898,1307655.849,1.05546,2019
PROVINCE_HUC:Central Luzon:Pampanga:CONDIMENTS_SPICES,All surveyed individuals,PROVINCE_HUC,Central Luzon,14,Pampanga,PROVINCE_OR_HUC,CONDIMENTS_SPICES,epwt_fg26,Condiments and Spices,15,21.647978,1.925772,1898,1307655.849,1.10151,2019
PROVINCE_HUC:Central Luzon:Pampanga:OTHER_MISCELLANEOUS,All surveyed individuals,PROVINCE_HUC,Central Luzon,14,Pampanga,PROVINCE_OR_HUC,OTHER_MISCELLANEOUS,epwt_fg27,Other Miscellaneous,16,14.447367,3.408727,1898,1307655.849,1.670335,2019
PROVINCE_HUC:Central Luzon:Pampanga:OTHER_FRUITS,All surveyed individuals,PROVINCE_HUC,Central Luzon,14,Pampanga,PROVINCE_OR_HUC,OTHER_FRUITS,epwt_fg13,Other Fruits,17,8.748964,7.469173,1898,1307655.849,0.518762,2019
PROVINCE_HUC:Central Luzon:Pampanga:CORN_PRODUCTS,All surveyed individuals,PROVINCE_HUC,Central Luzon,14,Pampanga,PROVINCE_OR_HUC,CORN_PRODUCTS,epwt_fg3,Corn and Products,18,5.599886,2.682808,1898,1307655.849,0.342037,2019
PROVINCE_HUC:Central Luzon:Pampanga:MILK_PRODUCTS,All surveyed individuals,PROVINCE_HUC,Central Luzon,14,Pampanga,PROVINCE_OR_HUC,MILK_PRODUCTS,epwt_fg21,Milk Products,19,5.403604,2.482366,1898,1307655.849,1.052042,2019
PROVINCE_HUC:Central Luzon:Pampanga:VITAMIN_C_RICH_FRUITS,All surveyed individuals,PROVINCE_HUC,Central Luzon,14,Pampanga,PROVINCE_OR_HUC,VITAMIN_C_RICH_FRUITS,epwt_fg12,Vitamin C-Rich Fruits,20,3.787157,0.965834,1898,1307655.849,0.37792,2019
PROVINCE_HUC:Central Luzon:Tarlac:RICE_PRODUCTS,All surveyed individuals,PROVINCE_HUC,Central Luzon,15,Tarlac,PROVINCE_OR_HUC,RICE_PRODUCTS,epwt_fg2,Rice and Products,1,98.562512,203.829948,2057,910840.857,0.929116,2021
PROVINCE_HUC:Central Luzon:Tarlac:OTHER_CEREAL_PRODUCTS,All surveyed individuals,PROVINCE_HUC,Central Luzon,15,Tarlac,PROVINCE_OR_HUC,OTHER_CEREAL_PRODUCTS,epwt_fg4,Other Cereal Products,2,68.931141,52.225346,2057,910840.857,1.175547,2021
PROVINCE_HUC:Central Luzon:Tarlac:FISH_PRODUCTS,All surveyed individuals,PROVINCE_HUC,Central Luzon,15,Tarlac,PROVINCE_OR_HUC,FISH_PRODUCTS,epwt_fg15,Fish and Fish Products,3,50.569627,34.636275,2057,910840.857,0.795528,2021
PROVINCE_HUC:Central Luzon:Tarlac:BEVERAGES,All surveyed individuals,PROVINCE_HUC,Central Luzon,15,Tarlac,PROVINCE_OR_HUC,BEVERAGES,epwt_fg25,Beverages,4,57.023746,22.59209,2057,910840.857,0.876898,2021
PROVINCE_HUC:Central Luzon:Tarlac:MEAT_PRODUCTS,All surveyed individuals,PROVINCE_HUC,Central Luzon,15,Tarlac,PROVINCE_OR_HUC,MEAT_PRODUCTS,epwt_fg16,Meat and Meat Products,5,44.069146,44.603295,2057,910840.857,1.113412,2021
PROVINCE_HUC:Central Luzon:Tarlac:SUGAR_SYRUPS,All surveyed individuals,PROVINCE_HUC,Central Luzon,15,Tarlac,PROVINCE_OR_HUC,SUGAR_SYRUPS,epwt_fg6,Sugar and Syrups,6,45.239613,40.295095,2057,910840.857,1.140152,2021
PROVINCE_HUC:Central Luzon:Tarlac:OTHER_VEGETABLES,All surveyed individuals,PROVINCE_HUC,Central Luzon,15,Tarlac,PROVINCE_OR_HUC,OTHER_VEGETABLES,epwt_fg10,Other Vegetables,7,48.057382,30.773271,2057,910840.857,1.087147,2021
PROVINCE_HUC:Central Luzon:Tarlac:EGGS,All surveyed individuals,PROVINCE_HUC,Central Luzon,15,Tarlac,PROVINCE_OR_HUC,EGGS,epwt_fg18,Eggs,8,48.128928,21.860009,2057,910840.857,1.615004,2021
PROVINCE_HUC:Central Luzon:Tarlac:FATS_OILS,All surveyed individuals,PROVINCE_HUC,Central Luzon,15,Tarlac,PROVINCE_OR_HUC,FATS_OILS,epwt_fg23,Fats and Oils,9,71.761046,6.131977,2057,910840.857,1.138796,2021
PROVINCE_HUC:Central Luzon:Tarlac:GREEN_LEAFY_YELLOW_VEGETABLES,All surveyed individuals,PROVINCE_HUC,Central Luzon,15,Tarlac,PROVINCE_OR_HUC,GREEN_LEAFY_YELLOW_VEGETABLES,epwt_fg9,Green Leafy and Yellow Vegetables,10,38.394539,10.621273,2057,910840.857,0.731432,2021
PROVINCE_HUC:Central Luzon:Tarlac:POULTRY,All surveyed individuals,PROVINCE_HUC,Central Luzon,15,Tarlac,PROVINCE_OR_HUC,POULTRY,epwt_fg17,Poultry,11,27.297702,25.693407,2057,910840.857,1.274241,2021
PROVINCE_HUC:Central Luzon:Tarlac:WHOLE_MILK,All surveyed individuals,PROVINCE_HUC,Central Luzon,15,Tarlac,PROVINCE_OR_HUC,WHOLE_MILK,epwt_fg20,Whole Milk,12,22.715779,16.171754,2057,910840.857,1.684308,2021
PROVINCE_HUC:Central Luzon:Tarlac:DRIED_BEANS,All surveyed individuals,PROVINCE_HUC,Central Luzon,15,Tarlac,PROVINCE_OR_HUC,DRIED_BEANS,epwt_fg7,Dried Beans,13,27.386535,6.48365,2057,910840.857,1.220978,2021
PROVINCE_HUC:Central Luzon:Tarlac:STARCHY_ROOTS_TUBERS,All surveyed individuals,PROVINCE_HUC,Central Luzon,15,Tarlac,PROVINCE_OR_HUC,STARCHY_ROOTS_TUBERS,epwt_fg5,Starchy Roots and Tubers,14,16.000747,8.62405,2057,910840.857,1.457445,2021
PROVINCE_HUC:Central Luzon:Tarlac:OTHER_FRUITS,All surveyed individuals,PROVINCE_HUC,Central Luzon,15,Tarlac,PROVINCE_OR_HUC,OTHER_FRUITS,epwt_fg13,Other Fruits,15,9.591698,9.874944,2057,910840.857,0.685852,2021
PROVINCE_HUC:Central Luzon:Tarlac:OTHER_MISCELLANEOUS,All surveyed individuals,PROVINCE_HUC,Central Luzon,15,Tarlac,PROVINCE_OR_HUC,OTHER_MISCELLANEOUS,epwt_fg27,Other Miscellaneous,16,13.050891,1.476041,2057,910840.857,0.723285,2021
PROVINCE_HUC:Central Luzon:Tarlac:CONDIMENTS_SPICES,All surveyed individuals,PROVINCE_HUC,Central Luzon,15,Tarlac,PROVINCE_OR_HUC,CONDIMENTS_SPICES,epwt_fg26,Condiments and Spices,17,14.860182,1.171017,2057,910840.857,0.669802,2021
PROVINCE_HUC:Central Luzon:Tarlac:MILK_PRODUCTS,All surveyed individuals,PROVINCE_HUC,Central Luzon,15,Tarlac,PROVINCE_OR_HUC,MILK_PRODUCTS,epwt_fg21,Milk Products,18,4.908015,2.988068,2057,910840.857,1.266362,2021
PROVINCE_HUC:Central Luzon:Tarlac:CORN_PRODUCTS,All surveyed individuals,PROVINCE_HUC,Central Luzon,15,Tarlac,PROVINCE_OR_HUC,CORN_PRODUCTS,epwt_fg3,Corn and Products,19,4.697978,1.963697,2057,910840.857,0.250356,2021
PROVINCE_HUC:Central Luzon:Tarlac:VITAMIN_C_RICH_FRUITS,All surveyed individuals,PROVINCE_HUC,Central Luzon,15,Tarlac,PROVINCE_OR_HUC,VITAMIN_C_RICH_FRUITS,epwt_fg12,Vitamin C-Rich Fruits,20,4.583162,1.447068,2057,910840.857,0.566222,2021
PROVINCE_HUC:Central Luzon:Zambales:RICE_PRODUCTS,All surveyed individuals,PROVINCE_HUC,Central Luzon,16,Zambales,PROVINCE_OR_HUC,RICE_PRODUCTS,epwt_fg2,Rice and Products,1,98.224275,235.872367,2403,475818.062,1.075175,2018
PROVINCE_HUC:Central Luzon:Zambales:OTHER_CEREAL_PRODUCTS,All surveyed individuals,PROVINCE_HUC,Central Luzon,16,Zambales,PROVINCE_OR_HUC,OTHER_CEREAL_PRODUCTS,epwt_fg4,Other Cereal Products,2,68.344444,54.367397,2403,475818.062,1.223763,2018
PROVINCE_HUC:Central Luzon:Zambales:FISH_PRODUCTS,All surveyed individuals,PROVINCE_HUC,Central Luzon,16,Zambales,PROVINCE_OR_HUC,FISH_PRODUCTS,epwt_fg15,Fish and Fish Products,3,59.787911,48.323228,2403,475818.062,1.109891,2018
PROVINCE_HUC:Central Luzon:Zambales:BEVERAGES,All surveyed individuals,PROVINCE_HUC,Central Luzon,16,Zambales,PROVINCE_OR_HUC,BEVERAGES,epwt_fg25,Beverages,4,61.003902,36.178824,2403,475818.062,1.404259,2018
PROVINCE_HUC:Central Luzon:Zambales:SUGAR_SYRUPS,All surveyed individuals,PROVINCE_HUC,Central Luzon,16,Zambales,PROVINCE_OR_HUC,SUGAR_SYRUPS,epwt_fg6,Sugar and Syrups,5,52.049132,45.35627,2403,475818.062,1.283359,2018
PROVINCE_HUC:Central Luzon:Zambales:MEAT_PRODUCTS,All surveyed individuals,PROVINCE_HUC,Central Luzon,16,Zambales,PROVINCE_OR_HUC,MEAT_PRODUCTS,epwt_fg16,Meat and Meat Products,6,48.25251,50.978139,2403,475818.062,1.272544,2018
PROVINCE_HUC:Central Luzon:Zambales:OTHER_VEGETABLES,All surveyed individuals,PROVINCE_HUC,Central Luzon,16,Zambales,PROVINCE_OR_HUC,OTHER_VEGETABLES,epwt_fg10,Other Vegetables,7,49.048772,33.261548,2403,475818.062,1.175051,2018
PROVINCE_HUC:Central Luzon:Zambales:FATS_OILS,All surveyed individuals,PROVINCE_HUC,Central Luzon,16,Zambales,PROVINCE_OR_HUC,FATS_OILS,epwt_fg23,Fats and Oils,8,65.382526,6.156298,2403,475818.062,1.143313,2018
PROVINCE_HUC:Central Luzon:Zambales:GREEN_LEAFY_YELLOW_VEGETABLES,All surveyed individuals,PROVINCE_HUC,Central Luzon,16,Zambales,PROVINCE_OR_HUC,GREEN_LEAFY_YELLOW_VEGETABLES,epwt_fg9,Green Leafy and Yellow Vegetables,9,44.236339,13.195085,2403,475818.062,0.908677,2018
PROVINCE_HUC:Central Luzon:Zambales:POULTRY,All surveyed individuals,PROVINCE_HUC,Central Luzon,16,Zambales,PROVINCE_OR_HUC,POULTRY,epwt_fg17,Poultry,10,28.222086,25.235817,2403,475818.062,1.251547,2018
PROVINCE_HUC:Central Luzon:Zambales:EGGS,All surveyed individuals,PROVINCE_HUC,Central Luzon,16,Zambales,PROVINCE_OR_HUC,EGGS,epwt_fg18,Eggs,11,32.441117,14.510062,2403,475818.062,1.071994,2018
PROVINCE_HUC:Central Luzon:Zambales:WHOLE_MILK,All surveyed individuals,PROVINCE_HUC,Central Luzon,16,Zambales,PROVINCE_OR_HUC,WHOLE_MILK,epwt_fg20,Whole Milk,12,20.663903,11.518534,2403,475818.062,1.19967,2018
PROVINCE_HUC:Central Luzon:Zambales:DRIED_BEANS,All surveyed individuals,PROVINCE_HUC,Central Luzon,16,Zambales,PROVINCE_OR_HUC,DRIED_BEANS,epwt_fg7,Dried Beans,13,25.60004,5.333047,2403,475818.062,1.0043,2018
PROVINCE_HUC:Central Luzon:Zambales:STARCHY_ROOTS_TUBERS,All surveyed individuals,PROVINCE_HUC,Central Luzon,16,Zambales,PROVINCE_OR_HUC,STARCHY_ROOTS_TUBERS,epwt_fg5,Starchy Roots and Tubers,14,14.885931,8.234841,2403,475818.062,1.391669,2018
PROVINCE_HUC:Central Luzon:Zambales:CONDIMENTS_SPICES,All surveyed individuals,PROVINCE_HUC,Central Luzon,16,Zambales,PROVINCE_OR_HUC,CONDIMENTS_SPICES,epwt_fg26,Condiments and Spices,15,22.704769,2.271744,2403,475818.062,1.2994,2018
PROVINCE_HUC:Central Luzon:Zambales:OTHER_MISCELLANEOUS,All surveyed individuals,PROVINCE_HUC,Central Luzon,16,Zambales,PROVINCE_OR_HUC,OTHER_MISCELLANEOUS,epwt_fg27,Other Miscellaneous,16,16.78963,3.484851,2403,475818.062,1.707637,2018
PROVINCE_HUC:Central Luzon:Zambales:OTHER_FRUITS,All surveyed individuals,PROVINCE_HUC,Central Luzon,16,Zambales,PROVINCE_OR_HUC,OTHER_FRUITS,epwt_fg13,Other Fruits,17,9.148454,9.91712,2403,475818.062,0.688781,2018
PROVINCE_HUC:Central Luzon:Zambales:MILK_PRODUCTS,All surveyed individuals,PROVINCE_HUC,Central Luzon,16,Zambales,PROVINCE_OR_HUC,MILK_PRODUCTS,epwt_fg21,Milk Products,18,7.234384,5.817523,2403,475818.062,2.465502,2018
PROVINCE_HUC:Central Luzon:Zambales:VITAMIN_C_RICH_FRUITS,All surveyed individuals,PROVINCE_HUC,Central Luzon,16,Zambales,PROVINCE_OR_HUC,VITAMIN_C_RICH_FRUITS,epwt_fg12,Vitamin C-Rich Fruits,19,4.606215,2.417861,2403,475818.062,0.946083,2018
PROVINCE_HUC:Central Luzon:Zambales:CORN_PRODUCTS,All surveyed individuals,PROVINCE_HUC,Central Luzon,16,Zambales,PROVINCE_OR_HUC,CORN_PRODUCTS,epwt_fg3,Corn and Products,20,4.142463,1.850717,2403,475818.062,0.235952,2018
PROVINCE_HUC:Central Visayas:Bohol:RICE_PRODUCTS,All surveyed individuals,PROVINCE_HUC,Central Visayas,45,Bohol,PROVINCE_OR_HUC,RICE_PRODUCTS,epwt_fg2,Rice and Products,1,98.886868,240.778707,2130,850828.14,1.09754,2021
PROVINCE_HUC:Central Visayas:Bohol:FISH_PRODUCTS,All surveyed individuals,PROVINCE_HUC,Central Visayas,45,Bohol,PROVINCE_OR_HUC,FISH_PRODUCTS,epwt_fg15,Fish and Fish Products,2,80.144156,63.017612,2130,850828.14,1.447393,2021
PROVINCE_HUC:Central Visayas:Bohol:GREEN_LEAFY_YELLOW_VEGETABLES,All surveyed individuals,PROVINCE_HUC,Central Visayas,45,Bohol,PROVINCE_OR_HUC,GREEN_LEAFY_YELLOW_VEGETABLES,epwt_fg9,Green Leafy and Yellow Vegetables,3,53.455603,21.025611,2130,850828.14,1.447925,2021
PROVINCE_HUC:Central Visayas:Bohol:OTHER_CEREAL_PRODUCTS,All surveyed individuals,PROVINCE_HUC,Central Visayas,45,Bohol,PROVINCE_OR_HUC,OTHER_CEREAL_PRODUCTS,epwt_fg4,Other Cereal Products,4,44.828882,28.140148,2130,850828.14,0.63341,2021
PROVINCE_HUC:Central Visayas:Bohol:OTHER_VEGETABLES,All surveyed individuals,PROVINCE_HUC,Central Visayas,45,Bohol,PROVINCE_OR_HUC,OTHER_VEGETABLES,epwt_fg10,Other Vegetables,5,41.489154,29.553526,2130,850828.14,1.044056,2021
PROVINCE_HUC:Central Visayas:Bohol:FATS_OILS,All surveyed individuals,PROVINCE_HUC,Central Visayas,45,Bohol,PROVINCE_OR_HUC,FATS_OILS,epwt_fg23,Fats and Oils,6,61.618587,4.77086,2130,850828.14,0.886017,2021
PROVINCE_HUC:Central Visayas:Bohol:EGGS,All surveyed individuals,PROVINCE_HUC,Central Visayas,45,Bohol,PROVINCE_OR_HUC,EGGS,epwt_fg18,Eggs,7,32.96626,13.773287,2130,850828.14,1.017562,2021
PROVINCE_HUC:Central Visayas:Bohol:MEAT_PRODUCTS,All surveyed individuals,PROVINCE_HUC,Central Visayas,45,Bohol,PROVINCE_OR_HUC,MEAT_PRODUCTS,epwt_fg16,Meat and Meat Products,8,26.095135,23.941656,2130,850828.14,0.597645,2021
PROVINCE_HUC:Central Visayas:Bohol:BEVERAGES,All surveyed individuals,PROVINCE_HUC,Central Visayas,45,Bohol,PROVINCE_OR_HUC,BEVERAGES,epwt_fg25,Beverages,9,31.767711,9.241947,2130,850828.14,0.358721,2021
PROVINCE_HUC:Central Visayas:Bohol:SUGAR_SYRUPS,All surveyed individuals,PROVINCE_HUC,Central Visayas,45,Bohol,PROVINCE_OR_HUC,SUGAR_SYRUPS,epwt_fg6,Sugar and Syrups,10,22.798376,14.624552,2130,850828.14,0.413803,2021
PROVINCE_HUC:Central Visayas:Bohol:POULTRY,All surveyed individuals,PROVINCE_HUC,Central Visayas,45,Bohol,PROVINCE_OR_HUC,POULTRY,epwt_fg17,Poultry,11,18.172926,15.2542,2130,850828.14,0.756518,2021
PROVINCE_HUC:Central Visayas:Bohol:CONDIMENTS_SPICES,All surveyed individuals,PROVINCE_HUC,Central Visayas,45,Bohol,PROVINCE_OR_HUC,CONDIMENTS_SPICES,epwt_fg26,Condiments and Spices,12,26.218668,2.053683,2130,850828.14,1.174673,2021
PROVINCE_HUC:Central Visayas:Bohol:WHOLE_MILK,All surveyed individuals,PROVINCE_HUC,Central Visayas,45,Bohol,PROVINCE_OR_HUC,WHOLE_MILK,epwt_fg20,Whole Milk,13,15.729928,5.393931,2130,850828.14,0.561785,2021
PROVINCE_HUC:Central Visayas:Bohol:DRIED_BEANS,All surveyed individuals,PROVINCE_HUC,Central Visayas,45,Bohol,PROVINCE_OR_HUC,DRIED_BEANS,epwt_fg7,Dried Beans,14,17.872989,2.820396,2130,850828.14,0.531127,2021
PROVINCE_HUC:Central Visayas:Bohol:OTHER_FRUITS,All surveyed individuals,PROVINCE_HUC,Central Visayas,45,Bohol,PROVINCE_OR_HUC,OTHER_FRUITS,epwt_fg13,Other Fruits,15,8.831933,8.800222,2130,850828.14,0.611208,2021
PROVINCE_HUC:Central Visayas:Bohol:STARCHY_ROOTS_TUBERS,All surveyed individuals,PROVINCE_HUC,Central Visayas,45,Bohol,PROVINCE_OR_HUC,STARCHY_ROOTS_TUBERS,epwt_fg5,Starchy Roots and Tubers,16,6.458619,4.316718,2130,850828.14,0.729515,2021
PROVINCE_HUC:Central Visayas:Bohol:CORN_PRODUCTS,All surveyed individuals,PROVINCE_HUC,Central Visayas,45,Bohol,PROVINCE_OR_HUC,CORN_PRODUCTS,epwt_fg3,Corn and Products,17,1.648389,1.568179,2130,850828.14,0.19993,2021
PROVINCE_HUC:Central Visayas:Bohol:OTHER_MISCELLANEOUS,All surveyed individuals,PROVINCE_HUC,Central Visayas,45,Bohol,PROVINCE_OR_HUC,OTHER_MISCELLANEOUS,epwt_fg27,Other Miscellaneous,18,1.331404,1.898094,2130,850828.14,0.930099,2021
PROVINCE_HUC:Central Visayas:Bohol:VITAMIN_C_RICH_FRUITS,All surveyed individuals,PROVINCE_HUC,Central Visayas,45,Bohol,PROVINCE_OR_HUC,VITAMIN_C_RICH_FRUITS,epwt_fg12,Vitamin C-Rich Fruits,19,1.399469,1.312432,2130,850828.14,0.51354,2021
PROVINCE_HUC:Central Visayas:Bohol:MILK_PRODUCTS,All surveyed individuals,PROVINCE_HUC,Central Visayas,45,Bohol,PROVINCE_OR_HUC,MILK_PRODUCTS,epwt_fg21,Milk Products,20,0.710351,0.318835,2130,850828.14,0.135124,2021
PROVINCE_HUC:Central Visayas:Cebu:RICE_PRODUCTS,All surveyed individuals,PROVINCE_HUC,Central Visayas,48,Cebu,PROVINCE_OR_HUC,RICE_PRODUCTS,epwt_fg2,Rice and Products,1,74.059096,162.809336,2565,2351937.131,0.742133,2019
PROVINCE_HUC:Central Visayas:Cebu:FISH_PRODUCTS,All surveyed individuals,PROVINCE_HUC,Central Visayas,48,Cebu,PROVINCE_OR_HUC,FISH_PRODUCTS,epwt_fg15,Fish and Fish Products,2,73.274477,45.38536,2565,2351937.131,1.042414,2019
PROVINCE_HUC:Central Visayas:Cebu:OTHER_CEREAL_PRODUCTS,All surveyed individuals,PROVINCE_HUC,Central Visayas,48,Cebu,PROVINCE_OR_HUC,OTHER_CEREAL_PRODUCTS,epwt_fg4,Other Cereal Products,3,57.555498,38.74505,2565,2351937.131,0.872118,2019
PROVINCE_HUC:Central Visayas:Cebu:CORN_PRODUCTS,All surveyed individuals,PROVINCE_HUC,Central Visayas,48,Cebu,PROVINCE_OR_HUC,CORN_PRODUCTS,epwt_fg3,Corn and Products,4,39.873353,55.52372,2565,2351937.131,7.078836,2019
PROVINCE_HUC:Central Visayas:Cebu:MEAT_PRODUCTS,All surveyed individuals,PROVINCE_HUC,Central Visayas,48,Cebu,PROVINCE_OR_HUC,MEAT_PRODUCTS,epwt_fg16,Meat and Meat Products,5,40.966596,38.553773,2565,2351937.131,0.9624,2019
PROVINCE_HUC:Central Visayas:Cebu:SUGAR_SYRUPS,All surveyed individuals,PROVINCE_HUC,Central Visayas,48,Cebu,PROVINCE_OR_HUC,SUGAR_SYRUPS,epwt_fg6,Sugar and Syrups,6,36.836283,45.658499,2565,2351937.131,1.29191,2019
PROVINCE_HUC:Central Visayas:Cebu:BEVERAGES,All surveyed individuals,PROVINCE_HUC,Central Visayas,48,Cebu,PROVINCE_OR_HUC,BEVERAGES,epwt_fg25,Beverages,7,42.207628,26.988885,2565,2351937.131,1.047557,2019
PROVINCE_HUC:Central Visayas:Cebu:GREEN_LEAFY_YELLOW_VEGETABLES,All surveyed individuals,PROVINCE_HUC,Central Visayas,48,Cebu,PROVINCE_OR_HUC,GREEN_LEAFY_YELLOW_VEGETABLES,epwt_fg9,Green Leafy and Yellow Vegetables,8,40.832786,13.596445,2565,2351937.131,0.936317,2019
PROVINCE_HUC:Central Visayas:Cebu:OTHER_VEGETABLES,All surveyed individuals,PROVINCE_HUC,Central Visayas,48,Cebu,PROVINCE_OR_HUC,OTHER_VEGETABLES,epwt_fg10,Other Vegetables,9,35.577023,19.757826,2565,2351937.131,0.697997,2019
PROVINCE_HUC:Central Visayas:Cebu:FATS_OILS,All surveyed individuals,PROVINCE_HUC,Central Visayas,48,Cebu,PROVINCE_OR_HUC,FATS_OILS,epwt_fg23,Fats and Oils,10,59.778605,4.075419,2565,2351937.131,0.756864,2019
PROVINCE_HUC:Central Visayas:Cebu:POULTRY,All surveyed individuals,PROVINCE_HUC,Central Visayas,48,Cebu,PROVINCE_OR_HUC,POULTRY,epwt_fg17,Poultry,11,18.935074,15.975319,2565,2351937.131,0.792281,2019
PROVINCE_HUC:Central Visayas:Cebu:EGGS,All surveyed individuals,PROVINCE_HUC,Central Visayas,48,Cebu,PROVINCE_OR_HUC,EGGS,epwt_fg18,Eggs,12,22.505453,8.705735,2565,2351937.131,0.643174,2019
PROVINCE_HUC:Central Visayas:Cebu:DRIED_BEANS,All surveyed individuals,PROVINCE_HUC,Central Visayas,48,Cebu,PROVINCE_OR_HUC,DRIED_BEANS,epwt_fg7,Dried Beans,13,23.986565,5.648143,2565,2351937.131,1.063638,2019
PROVINCE_HUC:Central Visayas:Cebu:WHOLE_MILK,All surveyed individuals,PROVINCE_HUC,Central Visayas,48,Cebu,PROVINCE_OR_HUC,WHOLE_MILK,epwt_fg20,Whole Milk,14,17.323793,7.615471,2565,2351937.131,0.793161,2019
PROVINCE_HUC:Central Visayas:Cebu:OTHER_FRUITS,All surveyed individuals,PROVINCE_HUC,Central Visayas,48,Cebu,PROVINCE_OR_HUC,OTHER_FRUITS,epwt_fg13,Other Fruits,15,10.577843,11.698066,2565,2351937.131,0.812474,2019
PROVINCE_HUC:Central Visayas:Cebu:STARCHY_ROOTS_TUBERS,All surveyed individuals,PROVINCE_HUC,Central Visayas,48,Cebu,PROVINCE_OR_HUC,STARCHY_ROOTS_TUBERS,epwt_fg5,Starchy Roots and Tubers,16,12.429066,7.185342,2565,2351937.131,1.214306,2019
PROVINCE_HUC:Central Visayas:Cebu:CONDIMENTS_SPICES,All surveyed individuals,PROVINCE_HUC,Central Visayas,48,Cebu,PROVINCE_OR_HUC,CONDIMENTS_SPICES,epwt_fg26,Condiments and Spices,17,23.195567,1.807446,2565,2351937.131,1.033829,2019
PROVINCE_HUC:Central Visayas:Cebu:OTHER_MISCELLANEOUS,All surveyed individuals,PROVINCE_HUC,Central Visayas,48,Cebu,PROVINCE_OR_HUC,OTHER_MISCELLANEOUS,epwt_fg27,Other Miscellaneous,18,1.916848,1.706486,2565,2351937.131,0.836207,2019
PROVINCE_HUC:Central Visayas:Cebu:VITAMIN_C_RICH_FRUITS,All surveyed individuals,PROVINCE_HUC,Central Visayas,48,Cebu,PROVINCE_OR_HUC,VITAMIN_C_RICH_FRUITS,epwt_fg12,Vitamin C-Rich Fruits,19,1.411346,1.010071,2565,2351937.131,0.39523,2019
PROVINCE_HUC:Central Visayas:Cebu:MILK_PRODUCTS,All surveyed individuals,PROVINCE_HUC,Central Visayas,48,Cebu,PROVINCE_OR_HUC,MILK_PRODUCTS,epwt_fg21,Milk Products,20,1.370127,0.872914,2565,2351937.131,0.369946,2019
PROVINCE_HUC:Central Visayas:Cebu City:RICE_PRODUCTS,All surveyed individuals,PROVINCE_HUC,Central Visayas,49,Cebu City,PROVINCE_OR_HUC,RICE_PRODUCTS,epwt_fg2,Rice and Products,1,94.804228,231.426978,813,274422.3,1.054912,2021
PROVINCE_HUC:Central Visayas:Cebu City:OTHER_CEREAL_PRODUCTS,All surveyed individuals,PROVINCE_HUC,Central Visayas,49,Cebu City,PROVINCE_OR_HUC,OTHER_CEREAL_PRODUCTS,epwt_fg4,Other Cereal Products,2,61.542803,50.218849,813,274422.3,1.130383,2021
PROVINCE_HUC:Central Visayas:Cebu City:FISH_PRODUCTS,All surveyed individuals,PROVINCE_HUC,Central Visayas,49,Cebu City,PROVINCE_OR_HUC,FISH_PRODUCTS,epwt_fg15,Fish and Fish Products,3,62.920535,42.816332,813,274422.3,0.983408,2021
PROVINCE_HUC:Central Visayas:Cebu City:MEAT_PRODUCTS,All surveyed individuals,PROVINCE_HUC,Central Visayas,49,Cebu City,PROVINCE_OR_HUC,MEAT_PRODUCTS,epwt_fg16,Meat and Meat Products,4,47.987063,45.554894,813,274422.3,1.137166,2021
PROVINCE_HUC:Central Visayas:Cebu City:GREEN_LEAFY_YELLOW_VEGETABLES,All surveyed individuals,PROVINCE_HUC,Central Visayas,49,Cebu City,PROVINCE_OR_HUC,GREEN_LEAFY_YELLOW_VEGETABLES,epwt_fg9,Green Leafy and Yellow Vegetables,5,51.458144,21.090994,813,274422.3,1.452427,2021
PROVINCE_HUC:Central Visayas:Cebu City:OTHER_VEGETABLES,All surveyed individuals,PROVINCE_HUC,Central Visayas,49,Cebu City,PROVINCE_OR_HUC,OTHER_VEGETABLES,epwt_fg10,Other Vegetables,6,43.569453,24.456631,813,274422.3,0.863995,2021
PROVINCE_HUC:Central Visayas:Cebu City:BEVERAGES,All surveyed individuals,PROVINCE_HUC,Central Visayas,49,Cebu City,PROVINCE_OR_HUC,BEVERAGES,epwt_fg25,Beverages,7,42.933713,24.104831,813,274422.3,0.935614,2021
PROVINCE_HUC:Central Visayas:Cebu City:FATS_OILS,All surveyed individuals,PROVINCE_HUC,Central Visayas,49,Cebu City,PROVINCE_OR_HUC,FATS_OILS,epwt_fg23,Fats and Oils,8,68.169963,5.056353,813,274422.3,0.939037,2021
PROVINCE_HUC:Central Visayas:Cebu City:SUGAR_SYRUPS,All surveyed individuals,PROVINCE_HUC,Central Visayas,49,Cebu City,PROVINCE_OR_HUC,SUGAR_SYRUPS,epwt_fg6,Sugar and Syrups,9,29.503724,38.558287,813,274422.3,1.091009,2021
PROVINCE_HUC:Central Visayas:Cebu City:EGGS,All surveyed individuals,PROVINCE_HUC,Central Visayas,49,Cebu City,PROVINCE_OR_HUC,EGGS,epwt_fg18,Eggs,10,30.54438,12.890835,813,274422.3,0.952367,2021
PROVINCE_HUC:Central Visayas:Cebu City:POULTRY,All surveyed individuals,PROVINCE_HUC,Central Visayas,49,Cebu City,PROVINCE_OR_HUC,POULTRY,epwt_fg17,Poultry,11,23.596438,20.891885,813,274422.3,1.036114,2021
PROVINCE_HUC:Central Visayas:Cebu City:WHOLE_MILK,All surveyed individuals,PROVINCE_HUC,Central Visayas,49,Cebu City,PROVINCE_OR_HUC,WHOLE_MILK,epwt_fg20,Whole Milk,12,18.725844,9.117155,813,274422.3,0.949563,2021
PROVINCE_HUC:Central Visayas:Cebu City:DRIED_BEANS,All surveyed individuals,PROVINCE_HUC,Central Visayas,49,Cebu City,PROVINCE_OR_HUC,DRIED_BEANS,epwt_fg7,Dried Beans,13,21.384677,4.936349,813,274422.3,0.929596,2021
PROVINCE_HUC:Central Visayas:Cebu City:OTHER_FRUITS,All surveyed individuals,PROVINCE_HUC,Central Visayas,49,Cebu City,PROVINCE_OR_HUC,OTHER_FRUITS,epwt_fg13,Other Fruits,14,12.391585,13.632629,813,274422.3,0.946837,2021
PROVINCE_HUC:Central Visayas:Cebu City:STARCHY_ROOTS_TUBERS,All surveyed individuals,PROVINCE_HUC,Central Visayas,49,Cebu City,PROVINCE_OR_HUC,STARCHY_ROOTS_TUBERS,epwt_fg5,Starchy Roots and Tubers,15,11.848663,5.835865,813,274422.3,0.986248,2021
PROVINCE_HUC:Central Visayas:Cebu City:CORN_PRODUCTS,All surveyed individuals,PROVINCE_HUC,Central Visayas,49,Cebu City,PROVINCE_OR_HUC,CORN_PRODUCTS,epwt_fg3,Corn and Products,16,8.088923,11.217152,813,274422.3,1.430098,2021
PROVINCE_HUC:Central Visayas:Cebu City:CONDIMENTS_SPICES,All surveyed individuals,PROVINCE_HUC,Central Visayas,49,Cebu City,PROVINCE_OR_HUC,CONDIMENTS_SPICES,epwt_fg26,Condiments and Spices,17,18.477045,1.349308,813,274422.3,0.771782,2021
PROVINCE_HUC:Central Visayas:Cebu City:MILK_PRODUCTS,All surveyed individuals,PROVINCE_HUC,Central Visayas,49,Cebu City,PROVINCE_OR_HUC,MILK_PRODUCTS,epwt_fg21,Milk Products,18,3.239156,1.697688,813,274422.3,0.719491,2021
PROVINCE_HUC:Central Visayas:Cebu City:VITAMIN_C_RICH_FRUITS,All surveyed individuals,PROVINCE_HUC,Central Visayas,49,Cebu City,PROVINCE_OR_HUC,VITAMIN_C_RICH_FRUITS,epwt_fg12,Vitamin C-Rich Fruits,19,1.210663,0.718811,813,274422.3,0.281263,2021
PROVINCE_HUC:Central Visayas:Cebu City:OTHER_MISCELLANEOUS,All surveyed individuals,PROVINCE_HUC,Central Visayas,49,Cebu City,PROVINCE_OR_HUC,OTHER_MISCELLANEOUS,epwt_fg27,Other Miscellaneous,20,0.765029,0.113671,813,274422.3,0.055701,2021
PROVINCE_HUC:Central Visayas:Lapu-Lapu:RICE_PRODUCTS,All surveyed individuals,PROVINCE_HUC,Central Visayas,47,Lapu-Lapu,PROVINCE_OR_HUC,RICE_PRODUCTS,epwt_fg2,Rice and Products,1,93.457119,220.65041,1778,293369.223,1.005789,2019
PROVINCE_HUC:Central Visayas:Lapu-Lapu:OTHER_CEREAL_PRODUCTS,All surveyed individuals,PROVINCE_HUC,Central Visayas,47,Lapu-Lapu,PROVINCE_OR_HUC,OTHER_CEREAL_PRODUCTS,epwt_fg4,Other Cereal Products,2,69.460466,46.905261,1778,293369.223,1.055797,2019
PROVINCE_HUC:Central Visayas:Lapu-Lapu:FISH_PRODUCTS,All surveyed individuals,PROVINCE_HUC,Central Visayas,47,Lapu-Lapu,PROVINCE_OR_HUC,FISH_PRODUCTS,epwt_fg15,Fish and Fish Products,3,63.296885,43.743325,1778,293369.223,1.0047,2019
PROVINCE_HUC:Central Visayas:Lapu-Lapu:MEAT_PRODUCTS,All surveyed individuals,PROVINCE_HUC,Central Visayas,47,Lapu-Lapu,PROVINCE_OR_HUC,MEAT_PRODUCTS,epwt_fg16,Meat and Meat Products,4,56.59677,47.496809,1778,293369.223,1.185641,2019
PROVINCE_HUC:Central Visayas:Lapu-Lapu:SUGAR_SYRUPS,All surveyed individuals,PROVINCE_HUC,Central Visayas,47,Lapu-Lapu,PROVINCE_OR_HUC,SUGAR_SYRUPS,epwt_fg6,Sugar and Syrups,5,35.300704,53.181399,1778,293369.223,1.504771,2019
PROVINCE_HUC:Central Visayas:Lapu-Lapu:BEVERAGES,All surveyed individuals,PROVINCE_HUC,Central Visayas,47,Lapu-Lapu,PROVINCE_OR_HUC,BEVERAGES,epwt_fg25,Beverages,6,39.498683,28.938176,1778,293369.223,1.123218,2019
PROVINCE_HUC:Central Visayas:Lapu-Lapu:OTHER_VEGETABLES,All surveyed individuals,PROVINCE_HUC,Central Visayas,47,Lapu-Lapu,PROVINCE_OR_HUC,OTHER_VEGETABLES,epwt_fg10,Other Vegetables,7,39.122424,18.59466,1778,293369.223,0.656905,2019
PROVINCE_HUC:Central Visayas:Lapu-Lapu:FATS_OILS,All surveyed individuals,PROVINCE_HUC,Central Visayas,47,Lapu-Lapu,PROVINCE_OR_HUC,FATS_OILS,epwt_fg23,Fats and Oils,8,66.716957,4.342538,1778,293369.223,0.806471,2019
PROVINCE_HUC:Central Visayas:Lapu-Lapu:GREEN_LEAFY_YELLOW_VEGETABLES,All surveyed individuals,PROVINCE_HUC,Central Visayas,47,Lapu-Lapu,PROVINCE_OR_HUC,GREEN_LEAFY_YELLOW_VEGETABLES,epwt_fg9,Green Leafy and Yellow Vegetables,9,38.367358,11.196581,1778,293369.223,0.77105,2019
PROVINCE_HUC:Central Visayas:Lapu-Lapu:POULTRY,All surveyed individuals,PROVINCE_HUC,Central Visayas,47,Lapu-Lapu,PROVINCE_OR_HUC,POULTRY,epwt_fg17,Poultry,10,30.090867,21.910254,1778,293369.223,1.086619,2019
PROVINCE_HUC:Central Visayas:Lapu-Lapu:EGGS,All surveyed individuals,PROVINCE_HUC,Central Visayas,47,Lapu-Lapu,PROVINCE_OR_HUC,EGGS,epwt_fg18,Eggs,11,30.151389,11.643697,1778,293369.223,0.860229,2019
PROVINCE_HUC:Central Visayas:Lapu-Lapu:WHOLE_MILK,All surveyed individuals,PROVINCE_HUC,Central Visayas,47,Lapu-Lapu,PROVINCE_OR_HUC,WHOLE_MILK,epwt_fg20,Whole Milk,12,22.546155,12.338089,1778,293369.223,1.285027,2019
PROVINCE_HUC:Central Visayas:Lapu-Lapu:DRIED_BEANS,All surveyed individuals,PROVINCE_HUC,Central Visayas,47,Lapu-Lapu,PROVINCE_OR_HUC,DRIED_BEANS,epwt_fg7,Dried Beans,13,27.4342,6.37209,1778,293369.223,1.199969,2019
PROVINCE_HUC:Central Visayas:Lapu-Lapu:OTHER_FRUITS,All surveyed individuals,PROVINCE_HUC,Central Visayas,47,Lapu-Lapu,PROVINCE_OR_HUC,OTHER_FRUITS,epwt_fg13,Other Fruits,14,12.076141,11.906178,1778,293369.223,0.826928,2019
PROVINCE_HUC:Central Visayas:Lapu-Lapu:CORN_PRODUCTS,All surveyed individuals,PROVINCE_HUC,Central Visayas,47,Lapu-Lapu,PROVINCE_OR_HUC,CORN_PRODUCTS,epwt_fg3,Corn and Products,15,11.326491,11.590516,1778,293369.223,1.477699,2019
PROVINCE_HUC:Central Visayas:Lapu-Lapu:CONDIMENTS_SPICES,All surveyed individuals,PROVINCE_HUC,Central Visayas,47,Lapu-Lapu,PROVINCE_OR_HUC,CONDIMENTS_SPICES,epwt_fg26,Condiments and Spices,16,21.970812,1.706855,1778,293369.223,0.976293,2019
PROVINCE_HUC:Central Visayas:Lapu-Lapu:STARCHY_ROOTS_TUBERS,All surveyed individuals,PROVINCE_HUC,Central Visayas,47,Lapu-Lapu,PROVINCE_OR_HUC,STARCHY_ROOTS_TUBERS,epwt_fg5,Starchy Roots and Tubers,17,11.945206,4.368038,1778,293369.223,0.738188,2019
PROVINCE_HUC:Central Visayas:Lapu-Lapu:MILK_PRODUCTS,All surveyed individuals,PROVINCE_HUC,Central Visayas,47,Lapu-Lapu,PROVINCE_OR_HUC,MILK_PRODUCTS,epwt_fg21,Milk Products,18,5.450407,3.225931,1778,293369.223,1.36717,2019
PROVINCE_HUC:Central Visayas:Lapu-Lapu:OTHER_MISCELLANEOUS,All surveyed individuals,PROVINCE_HUC,Central Visayas,47,Lapu-Lapu,PROVINCE_OR_HUC,OTHER_MISCELLANEOUS,epwt_fg27,Other Miscellaneous,19,2.592723,2.598175,1778,293369.223,1.27315,2019
PROVINCE_HUC:Central Visayas:Lapu-Lapu:VITAMIN_C_RICH_FRUITS,All surveyed individuals,PROVINCE_HUC,Central Visayas,47,Lapu-Lapu,PROVINCE_OR_HUC,VITAMIN_C_RICH_FRUITS,epwt_fg12,Vitamin C-Rich Fruits,20,2.74519,1.274585,1778,293369.223,0.498731,2019
PROVINCE_HUC:Central Visayas:Mandaue:RICE_PRODUCTS,All surveyed individuals,PROVINCE_HUC,Central Visayas,46,Mandaue,PROVINCE_OR_HUC,RICE_PRODUCTS,epwt_fg2,Rice and Products,1,97.891326,225.554871,1782,269185.413,1.028145,2018
PROVINCE_HUC:Central Visayas:Mandaue:OTHER_CEREAL_PRODUCTS,All surveyed individuals,PROVINCE_HUC,Central Visayas,46,Mandaue,PROVINCE_OR_HUC,OTHER_CEREAL_PRODUCTS,epwt_fg4,Other Cereal Products,2,64.747549,41.927972,1782,269185.413,0.943762,2018
PROVINCE_HUC:Central Visayas:Mandaue:MEAT_PRODUCTS,All surveyed individuals,PROVINCE_HUC,Central Visayas,46,Mandaue,PROVINCE_OR_HUC,MEAT_PRODUCTS,epwt_fg16,Meat and Meat Products,3,55.905129,55.99086,1782,269185.413,1.397674,2018
PROVINCE_HUC:Central Visayas:Mandaue:FISH_PRODUCTS,All surveyed individuals,PROVINCE_HUC,Central Visayas,46,Mandaue,PROVINCE_OR_HUC,FISH_PRODUCTS,epwt_fg15,Fish and Fish Products,4,56.832788,35.195737,1782,269185.413,0.808378,2018
PROVINCE_HUC:Central Visayas:Mandaue:BEVERAGES,All surveyed individuals,PROVINCE_HUC,Central Visayas,46,Mandaue,PROVINCE_OR_HUC,BEVERAGES,epwt_fg25,Beverages,5,38.947859,31.984112,1782,269185.413,1.241444,2018
PROVINCE_HUC:Central Visayas:Mandaue:OTHER_VEGETABLES,All surveyed individuals,PROVINCE_HUC,Central Visayas,46,Mandaue,PROVINCE_OR_HUC,OTHER_VEGETABLES,epwt_fg10,Other Vegetables,6,37.768275,18.976654,1782,269185.413,0.6704,2018
PROVINCE_HUC:Central Visayas:Mandaue:FATS_OILS,All surveyed individuals,PROVINCE_HUC,Central Visayas,46,Mandaue,PROVINCE_OR_HUC,FATS_OILS,epwt_fg23,Fats and Oils,7,67.052214,4.229504,1782,269185.413,0.785479,2018
PROVINCE_HUC:Central Visayas:Mandaue:GREEN_LEAFY_YELLOW_VEGETABLES,All surveyed individuals,PROVINCE_HUC,Central Visayas,46,Mandaue,PROVINCE_OR_HUC,GREEN_LEAFY_YELLOW_VEGETABLES,epwt_fg9,Green Leafy and Yellow Vegetables,8,41.479785,12.537701,1782,269185.413,0.863406,2018
PROVINCE_HUC:Central Visayas:Mandaue:SUGAR_SYRUPS,All surveyed individuals,PROVINCE_HUC,Central Visayas,46,Mandaue,PROVINCE_OR_HUC,SUGAR_SYRUPS,epwt_fg6,Sugar and Syrups,9,26.623993,45.954775,1782,269185.413,1.300293,2018
PROVINCE_HUC:Central Visayas:Mandaue:POULTRY,All surveyed individuals,PROVINCE_HUC,Central Visayas,46,Mandaue,PROVINCE_OR_HUC,POULTRY,epwt_fg17,Poultry,10,29.407621,21.188925,1782,269185.413,1.050845,2018
PROVINCE_HUC:Central Visayas:Mandaue:EGGS,All surveyed individuals,PROVINCE_HUC,Central Visayas,46,Mandaue,PROVINCE_OR_HUC,EGGS,epwt_fg18,Eggs,11,30.539287,13.649841,1782,269185.413,1.008442,2018
PROVINCE_HUC:Central Visayas:Mandaue:WHOLE_MILK,All surveyed individuals,PROVINCE_HUC,Central Visayas,46,Mandaue,PROVINCE_OR_HUC,WHOLE_MILK,epwt_fg20,Whole Milk,12,17.800093,10.916024,1782,269185.413,1.136918,2018
PROVINCE_HUC:Central Visayas:Mandaue:DRIED_BEANS,All surveyed individuals,PROVINCE_HUC,Central Visayas,46,Mandaue,PROVINCE_OR_HUC,DRIED_BEANS,epwt_fg7,Dried Beans,13,20.001112,4.619782,1782,269185.413,0.869981,2018
PROVINCE_HUC:Central Visayas:Mandaue:OTHER_FRUITS,All surveyed individuals,PROVINCE_HUC,Central Visayas,46,Mandaue,PROVINCE_OR_HUC,OTHER_FRUITS,epwt_fg13,Other Fruits,14,11.296623,13.049373,1782,269185.413,0.906328,2018
PROVINCE_HUC:Central Visayas:Mandaue:STARCHY_ROOTS_TUBERS,All surveyed individuals,PROVINCE_HUC,Central Visayas,46,Mandaue,PROVINCE_OR_HUC,STARCHY_ROOTS_TUBERS,epwt_fg5,Starchy Roots and Tubers,15,9.783813,4.086107,1782,269185.413,0.690543,2018
PROVINCE_HUC:Central Visayas:Mandaue:CONDIMENTS_SPICES,All surveyed individuals,PROVINCE_HUC,Central Visayas,46,Mandaue,PROVINCE_OR_HUC,CONDIMENTS_SPICES,epwt_fg26,Condiments and Spices,16,15.39537,1.201416,1782,269185.413,0.68719,2018
PROVINCE_HUC:Central Visayas:Mandaue:CORN_PRODUCTS,All surveyed individuals,PROVINCE_HUC,Central Visayas,46,Mandaue,PROVINCE_OR_HUC,CORN_PRODUCTS,epwt_fg3,Corn and Products,17,3.66606,1.911941,1782,269185.413,0.243757,2018
PROVINCE_HUC:Central Visayas:Mandaue:MILK_PRODUCTS,All surveyed individuals,PROVINCE_HUC,Central Visayas,46,Mandaue,PROVINCE_OR_HUC,MILK_PRODUCTS,epwt_fg21,Milk Products,18,3.108754,2.13006,1782,269185.413,0.902733,2018
PROVINCE_HUC:Central Visayas:Mandaue:VITAMIN_C_RICH_FRUITS,All surveyed individuals,PROVINCE_HUC,Central Visayas,46,Mandaue,PROVINCE_OR_HUC,VITAMIN_C_RICH_FRUITS,epwt_fg12,Vitamin C-Rich Fruits,19,2.551454,2.602993,1782,269185.413,1.018523,2018
PROVINCE_HUC:Central Visayas:Mandaue:OTHER_MISCELLANEOUS,All surveyed individuals,PROVINCE_HUC,Central Visayas,46,Mandaue,PROVINCE_OR_HUC,OTHER_MISCELLANEOUS,epwt_fg27,Other Miscellaneous,20,1.379306,1.040004,1782,269185.413,0.50962,2018
PROVINCE_HUC:Cordillera Administrative Region:Abra:RICE_PRODUCTS,All surveyed individuals,PROVINCE_HUC,Cordillera Administrative Region,100,Abra,PROVINCE_OR_HUC,RICE_PRODUCTS,epwt_fg2,Rice and Products,1,99.225234,233.944908,2498,182666.44,1.066389,2018
PROVINCE_HUC:Cordillera Administrative Region:Abra:SUGAR_SYRUPS,All surveyed individuals,PROVINCE_HUC,Cordillera Administrative Region,100,Abra,PROVINCE_OR_HUC,SUGAR_SYRUPS,epwt_fg6,Sugar and Syrups,2,53.940977,76.280877,2498,182666.44,2.158372,2018
PROVINCE_HUC:Cordillera Administrative Region:Abra:OTHER_CEREAL_PRODUCTS,All surveyed individuals,PROVINCE_HUC,Cordillera Administrative Region,100,Abra,PROVINCE_OR_HUC,OTHER_CEREAL_PRODUCTS,epwt_fg4,Other Cereal Products,3,59.649696,41.561867,2498,182666.44,0.935522,2018
PROVINCE_HUC:Cordillera Administrative Region:Abra:BEVERAGES,All surveyed individuals,PROVINCE_HUC,Cordillera Administrative Region,100,Abra,PROVINCE_OR_HUC,BEVERAGES,epwt_fg25,Beverages,4,59.826617,37.576311,2498,182666.44,1.458502,2018
PROVINCE_HUC:Cordillera Administrative Region:Abra:MEAT_PRODUCTS,All surveyed individuals,PROVINCE_HUC,Cordillera Administrative Region,100,Abra,PROVINCE_OR_HUC,MEAT_PRODUCTS,epwt_fg16,Meat and Meat Products,5,52.31602,58.827024,2498,182666.44,1.468472,2018
PROVINCE_HUC:Cordillera Administrative Region:Abra:OTHER_VEGETABLES,All surveyed individuals,PROVINCE_HUC,Cordillera Administrative Region,100,Abra,PROVINCE_OR_HUC,OTHER_VEGETABLES,epwt_fg10,Other Vegetables,6,55.244144,37.342827,2498,182666.44,1.319233,2018
PROVINCE_HUC:Cordillera Administrative Region:Abra:FISH_PRODUCTS,All surveyed individuals,PROVINCE_HUC,Cordillera Administrative Region,100,Abra,PROVINCE_OR_HUC,FISH_PRODUCTS,epwt_fg15,Fish and Fish Products,7,48.864596,28.152647,2498,182666.44,0.646612,2018
PROVINCE_HUC:Cordillera Administrative Region:Abra:GREEN_LEAFY_YELLOW_VEGETABLES,All surveyed individuals,PROVINCE_HUC,Cordillera Administrative Region,100,Abra,PROVINCE_OR_HUC,GREEN_LEAFY_YELLOW_VEGETABLES,epwt_fg9,Green Leafy and Yellow Vegetables,8,52.723654,19.690692,2498,182666.44,1.355996,2018
PROVINCE_HUC:Cordillera Administrative Region:Abra:EGGS,All surveyed individuals,PROVINCE_HUC,Cordillera Administrative Region,100,Abra,PROVINCE_OR_HUC,EGGS,epwt_fg18,Eggs,9,36.534398,16.298836,2498,182666.44,1.204148,2018
PROVINCE_HUC:Cordillera Administrative Region:Abra:FATS_OILS,All surveyed individuals,PROVINCE_HUC,Cordillera Administrative Region,100,Abra,PROVINCE_OR_HUC,FATS_OILS,epwt_fg23,Fats and Oils,10,50.930967,3.93411,2498,182666.44,0.73062,2018
PROVINCE_HUC:Cordillera Administrative Region:Abra:POULTRY,All surveyed individuals,PROVINCE_HUC,Cordillera Administrative Region,100,Abra,PROVINCE_OR_HUC,POULTRY,epwt_fg17,Poultry,11,21.032857,20.770924,2498,182666.44,1.030115,2018
PROVINCE_HUC:Cordillera Administrative Region:Abra:DRIED_BEANS,All surveyed individuals,PROVINCE_HUC,Cordillera Administrative Region,100,Abra,PROVINCE_OR_HUC,DRIED_BEANS,epwt_fg7,Dried Beans,12,17.865543,4.317903,2498,182666.44,0.813132,2018
PROVINCE_HUC:Cordillera Administrative Region:Abra:WHOLE_MILK,All surveyed individuals,PROVINCE_HUC,Cordillera Administrative Region,100,Abra,PROVINCE_OR_HUC,WHOLE_MILK,epwt_fg20,Whole Milk,13,13.751567,5.345435,2498,182666.44,0.556734,2018
PROVINCE_HUC:Cordillera Administrative Region:Abra:STARCHY_ROOTS_TUBERS,All surveyed individuals,PROVINCE_HUC,Cordillera Administrative Region,100,Abra,PROVINCE_OR_HUC,STARCHY_ROOTS_TUBERS,epwt_fg5,Starchy Roots and Tubers,14,9.826098,5.79011,2498,182666.44,0.978515,2018
PROVINCE_HUC:Cordillera Administrative Region:Abra:OTHER_MISCELLANEOUS,All surveyed individuals,PROVINCE_HUC,Cordillera Administrative Region,100,Abra,PROVINCE_OR_HUC,OTHER_MISCELLANEOUS,epwt_fg27,Other Miscellaneous,15,12.658309,2.79445,2498,182666.44,1.369329,2018
PROVINCE_HUC:Cordillera Administrative Region:Abra:OTHER_FRUITS,All surveyed individuals,PROVINCE_HUC,Cordillera Administrative Region,100,Abra,PROVINCE_OR_HUC,OTHER_FRUITS,epwt_fg13,Other Fruits,16,5.588846,5.187763,2498,182666.44,0.36031,2018
PROVINCE_HUC:Cordillera Administrative Region:Abra:CONDIMENTS_SPICES,All surveyed individuals,PROVINCE_HUC,Cordillera Administrative Region,100,Abra,PROVINCE_OR_HUC,CONDIMENTS_SPICES,epwt_fg26,Condiments and Spices,17,9.483655,0.800455,2498,182666.44,0.457847,2018
PROVINCE_HUC:Cordillera Administrative Region:Abra:CORN_PRODUCTS,All surveyed individuals,PROVINCE_HUC,Cordillera Administrative Region,100,Abra,PROVINCE_OR_HUC,CORN_PRODUCTS,epwt_fg3,Corn and Products,18,3.339474,1.687218,2498,182666.44,0.215107,2018
PROVINCE_HUC:Cordillera Administrative Region:Abra:MILK_PRODUCTS,All surveyed individuals,PROVINCE_HUC,Cordillera Administrative Region,100,Abra,PROVINCE_OR_HUC,MILK_PRODUCTS,epwt_fg21,Milk Products,19,3.275674,1.123122,2498,182666.44,0.475986,2018
PROVINCE_HUC:Cordillera Administrative Region:Abra:VITAMIN_C_RICH_FRUITS,All surveyed individuals,PROVINCE_HUC,Cordillera Administrative Region,100,Abra,PROVINCE_OR_HUC,VITAMIN_C_RICH_FRUITS,epwt_fg12,Vitamin C-Rich Fruits,20,1.578913,1.416519,2498,182666.44,0.554269,2018
PROVINCE_HUC:Cordillera Administrative Region:Apayao:RICE_PRODUCTS,All surveyed individuals,PROVINCE_HUC,Cordillera Administrative Region,106,Apayao,PROVINCE_OR_HUC,RICE_PRODUCTS,epwt_fg2,Rice and Products,1,99.683748,253.256339,1409,98835.693,1.154416,2021
PROVINCE_HUC:Cordillera Administrative Region:Apayao:OTHER_VEGETABLES,All surveyed individuals,PROVINCE_HUC,Cordillera Administrative Region,106,Apayao,PROVINCE_OR_HUC,OTHER_VEGETABLES,epwt_fg10,Other Vegetables,2,64.978732,58.995973,1409,98835.693,2.084188,2021
PROVINCE_HUC:Cordillera Administrative Region:Apayao:FISH_PRODUCTS,All surveyed individuals,PROVINCE_HUC,Cordillera Administrative Region,106,Apayao,PROVINCE_OR_HUC,FISH_PRODUCTS,epwt_fg15,Fish and Fish Products,3,58.596452,39.291583,1409,98835.693,0.902452,2021
PROVINCE_HUC:Cordillera Administrative Region:Apayao:SUGAR_SYRUPS,All surveyed individuals,PROVINCE_HUC,Cordillera Administrative Region,106,Apayao,PROVINCE_OR_HUC,SUGAR_SYRUPS,epwt_fg6,Sugar and Syrups,4,54.121029,52.103373,1409,98835.693,1.474268,2021
PROVINCE_HUC:Cordillera Administrative Region:Apayao:OTHER_CEREAL_PRODUCTS,All surveyed individuals,PROVINCE_HUC,Cordillera Administrative Region,106,Apayao,PROVINCE_OR_HUC,OTHER_CEREAL_PRODUCTS,epwt_fg4,Other Cereal Products,5,55.483223,37.228544,1409,98835.693,0.837982,2021
PROVINCE_HUC:Cordillera Administrative Region:Apayao:BEVERAGES,All surveyed individuals,PROVINCE_HUC,Cordillera Administrative Region,106,Apayao,PROVINCE_OR_HUC,BEVERAGES,epwt_fg25,Beverages,6,55.917592,22.234263,1409,98835.693,0.863009,2021
PROVINCE_HUC:Cordillera Administrative Region:Apayao:GREEN_LEAFY_YELLOW_VEGETABLES,All surveyed individuals,PROVINCE_HUC,Cordillera Administrative Region,106,Apayao,PROVINCE_OR_HUC,GREEN_LEAFY_YELLOW_VEGETABLES,epwt_fg9,Green Leafy and Yellow Vegetables,7,45.005186,15.910931,1409,98835.693,1.095703,2021
PROVINCE_HUC:Cordillera Administrative Region:Apayao:MEAT_PRODUCTS,All surveyed individuals,PROVINCE_HUC,Cordillera Administrative Region,106,Apayao,PROVINCE_OR_HUC,MEAT_PRODUCTS,epwt_fg16,Meat and Meat Products,8,31.391146,33.3823,1409,98835.693,0.833307,2021
PROVINCE_HUC:Cordillera Administrative Region:Apayao:EGGS,All surveyed individuals,PROVINCE_HUC,Cordillera Administrative Region,106,Apayao,PROVINCE_OR_HUC,EGGS,epwt_fg18,Eggs,9,34.508642,15.242146,1409,98835.693,1.12608,2021
PROVINCE_HUC:Cordillera Administrative Region:Apayao:POULTRY,All surveyed individuals,PROVINCE_HUC,Cordillera Administrative Region,106,Apayao,PROVINCE_OR_HUC,POULTRY,epwt_fg17,Poultry,10,26.54336,23.409588,1409,98835.693,1.160977,2021
PROVINCE_HUC:Cordillera Administrative Region:Apayao:FATS_OILS,All surveyed individuals,PROVINCE_HUC,Cordillera Administrative Region,106,Apayao,PROVINCE_OR_HUC,FATS_OILS,epwt_fg23,Fats and Oils,11,52.909708,3.284986,1409,98835.693,0.610069,2021
PROVINCE_HUC:Cordillera Administrative Region:Apayao:DRIED_BEANS,All surveyed individuals,PROVINCE_HUC,Cordillera Administrative Region,106,Apayao,PROVINCE_OR_HUC,DRIED_BEANS,epwt_fg7,Dried Beans,12,23.060515,6.153789,1409,98835.693,1.158859,2021
PROVINCE_HUC:Cordillera Administrative Region:Apayao:WHOLE_MILK,All surveyed individuals,PROVINCE_HUC,Cordillera Administrative Region,106,Apayao,PROVINCE_OR_HUC,WHOLE_MILK,epwt_fg20,Whole Milk,13,17.149432,7.326594,1409,98835.693,0.763074,2021
PROVINCE_HUC:Cordillera Administrative Region:Apayao:OTHER_FRUITS,All surveyed individuals,PROVINCE_HUC,Cordillera Administrative Region,106,Apayao,PROVINCE_OR_HUC,OTHER_FRUITS,epwt_fg13,Other Fruits,14,11.687802,13.965501,1409,98835.693,0.969956,2021
PROVINCE_HUC:Cordillera Administrative Region:Apayao:VITAMIN_C_RICH_FRUITS,All surveyed individuals,PROVINCE_HUC,Cordillera Administrative Region,106,Apayao,PROVINCE_OR_HUC,VITAMIN_C_RICH_FRUITS,epwt_fg12,Vitamin C-Rich Fruits,15,9.604291,9.87259,1409,98835.693,3.863038,2021
PROVINCE_HUC:Cordillera Administrative Region:Apayao:STARCHY_ROOTS_TUBERS,All surveyed individuals,PROVINCE_HUC,Cordillera Administrative Region,106,Apayao,PROVINCE_OR_HUC,STARCHY_ROOTS_TUBERS,epwt_fg5,Starchy Roots and Tubers,16,10.473993,6.841396,1409,98835.693,1.15618,2021
PROVINCE_HUC:Cordillera Administrative Region:Apayao:OTHER_MISCELLANEOUS,All surveyed individuals,PROVINCE_HUC,Cordillera Administrative Region,106,Apayao,PROVINCE_OR_HUC,OTHER_MISCELLANEOUS,epwt_fg27,Other Miscellaneous,17,14.578363,1.21269,1409,98835.693,0.594239,2021
PROVINCE_HUC:Cordillera Administrative Region:Apayao:MILK_PRODUCTS,All surveyed individuals,PROVINCE_HUC,Cordillera Administrative Region,106,Apayao,PROVINCE_OR_HUC,MILK_PRODUCTS,epwt_fg21,Milk Products,18,3.073671,2.596526,1409,98835.693,1.100424,2021
PROVINCE_HUC:Cordillera Administrative Region:Apayao:CORN_PRODUCTS,All surveyed individuals,PROVINCE_HUC,Cordillera Administrative Region,106,Apayao,PROVINCE_OR_HUC,CORN_PRODUCTS,epwt_fg3,Corn and Products,19,2.540741,1.677707,1409,98835.693,0.213894,2021
PROVINCE_HUC:Cordillera Administrative Region:Apayao:CONDIMENTS_SPICES,All surveyed individuals,PROVINCE_HUC,Cordillera Administrative Region,106,Apayao,PROVINCE_OR_HUC,CONDIMENTS_SPICES,epwt_fg26,Condiments and Spices,20,5.890971,0.311873,1409,98835.693,0.178386,2021
PROVINCE_HUC:Cordillera Administrative Region:Baguio:RICE_PRODUCTS,All surveyed individuals,PROVINCE_HUC,Cordillera Administrative Region,101,Baguio,PROVINCE_OR_HUC,RICE_PRODUCTS,epwt_fg2,Rice and Products,1,97.409102,179.311439,1144,182647.647,0.817354,2018
PROVINCE_HUC:Cordillera Administrative Region:Baguio:OTHER_CEREAL_PRODUCTS,All surveyed individuals,PROVINCE_HUC,Cordillera Administrative Region,101,Baguio,PROVINCE_OR_HUC,OTHER_CEREAL_PRODUCTS,epwt_fg4,Other Cereal Products,2,69.276184,57.407199,1144,182647.647,1.292186,2018
PROVINCE_HUC:Cordillera Administrative Region:Baguio:MEAT_PRODUCTS,All surveyed individuals,PROVINCE_HUC,Cordillera Administrative Region,101,Baguio,PROVINCE_OR_HUC,MEAT_PRODUCTS,epwt_fg16,Meat and Meat Products,3,63.046893,78.679915,1144,182647.647,1.964051,2018
PROVINCE_HUC:Cordillera Administrative Region:Baguio:BEVERAGES,All surveyed individuals,PROVINCE_HUC,Cordillera Administrative Region,101,Baguio,PROVINCE_OR_HUC,BEVERAGES,epwt_fg25,Beverages,4,49.359106,33.63128,1144,182647.647,1.305378,2018
PROVINCE_HUC:Cordillera Administrative Region:Baguio:OTHER_VEGETABLES,All surveyed individuals,PROVINCE_HUC,Cordillera Administrative Region,101,Baguio,PROVINCE_OR_HUC,OTHER_VEGETABLES,epwt_fg10,Other Vegetables,5,48.078259,34.005036,1144,182647.647,1.201317,2018
PROVINCE_HUC:Cordillera Administrative Region:Baguio:POULTRY,All surveyed individuals,PROVINCE_HUC,Cordillera Administrative Region,101,Baguio,PROVINCE_OR_HUC,POULTRY,epwt_fg17,Poultry,6,37.62627,34.667812,1144,182647.647,1.719318,2018
PROVINCE_HUC:Cordillera Administrative Region:Baguio:SUGAR_SYRUPS,All surveyed individuals,PROVINCE_HUC,Cordillera Administrative Region,101,Baguio,PROVINCE_OR_HUC,SUGAR_SYRUPS,epwt_fg6,Sugar and Syrups,7,36.988704,27.949789,1144,182647.647,0.790841,2018
PROVINCE_HUC:Cordillera Administrative Region:Baguio:GREEN_LEAFY_YELLOW_VEGETABLES,All surveyed individuals,PROVINCE_HUC,Cordillera Administrative Region,101,Baguio,PROVINCE_OR_HUC,GREEN_LEAFY_YELLOW_VEGETABLES,epwt_fg9,Green Leafy and Yellow Vegetables,8,42.691774,15.909229,1144,182647.647,1.095586,2018
PROVINCE_HUC:Cordillera Administrative Region:Baguio:FISH_PRODUCTS,All surveyed individuals,PROVINCE_HUC,Cordillera Administrative Region,101,Baguio,PROVINCE_OR_HUC,FISH_PRODUCTS,epwt_fg15,Fish and Fish Products,9,34.634393,22.068068,1144,182647.647,0.506861,2018
PROVINCE_HUC:Cordillera Administrative Region:Baguio:FATS_OILS,All surveyed individuals,PROVINCE_HUC,Cordillera Administrative Region,101,Baguio,PROVINCE_OR_HUC,FATS_OILS,epwt_fg23,Fats and Oils,10,53.26848,5.034644,1144,182647.647,0.935005,2018
PROVINCE_HUC:Cordillera Administrative Region:Baguio:EGGS,All surveyed individuals,PROVINCE_HUC,Cordillera Administrative Region,101,Baguio,PROVINCE_OR_HUC,EGGS,epwt_fg18,Eggs,11,31.020778,15.130887,1144,182647.647,1.11786,2018
PROVINCE_HUC:Cordillera Administrative Region:Baguio:WHOLE_MILK,All surveyed individuals,PROVINCE_HUC,Cordillera Administrative Region,101,Baguio,PROVINCE_OR_HUC,WHOLE_MILK,epwt_fg20,Whole Milk,12,21.184008,9.565005,1144,182647.647,0.996207,2018
PROVINCE_HUC:Cordillera Administrative Region:Baguio:OTHER_FRUITS,All surveyed individuals,PROVINCE_HUC,Cordillera Administrative Region,101,Baguio,PROVINCE_OR_HUC,OTHER_FRUITS,epwt_fg13,Other Fruits,13,14.329304,14.567093,1144,182647.647,1.011739,2018
PROVINCE_HUC:Cordillera Administrative Region:Baguio:STARCHY_ROOTS_TUBERS,All surveyed individuals,PROVINCE_HUC,Cordillera Administrative Region,101,Baguio,PROVINCE_OR_HUC,STARCHY_ROOTS_TUBERS,epwt_fg5,Starchy Roots and Tubers,14,17.264938,8.627421,1144,182647.647,1.458014,2018
PROVINCE_HUC:Cordillera Administrative Region:Baguio:DRIED_BEANS,All surveyed individuals,PROVINCE_HUC,Cordillera Administrative Region,101,Baguio,PROVINCE_OR_HUC,DRIED_BEANS,epwt_fg7,Dried Beans,15,22.003814,4.355637,1144,182647.647,0.820238,2018
PROVINCE_HUC:Cordillera Administrative Region:Baguio:MILK_PRODUCTS,All surveyed individuals,PROVINCE_HUC,Cordillera Administrative Region,101,Baguio,PROVINCE_OR_HUC,MILK_PRODUCTS,epwt_fg21,Milk Products,16,11.675257,8.582315,1144,182647.647,3.637239,2018
PROVINCE_HUC:Cordillera Administrative Region:Baguio:OTHER_MISCELLANEOUS,All surveyed individuals,PROVINCE_HUC,Cordillera Administrative Region,101,Baguio,PROVINCE_OR_HUC,OTHER_MISCELLANEOUS,epwt_fg27,Other Miscellaneous,17,11.840461,2.624502,1144,182647.647,1.286051,2018
PROVINCE_HUC:Cordillera Administrative Region:Baguio:VITAMIN_C_RICH_FRUITS,All surveyed individuals,PROVINCE_HUC,Cordillera Administrative Region,101,Baguio,PROVINCE_OR_HUC,VITAMIN_C_RICH_FRUITS,epwt_fg12,Vitamin C-Rich Fruits,18,5.100801,2.854118,1144,182647.647,1.116786,2018
PROVINCE_HUC:Cordillera Administrative Region:Baguio:CONDIMENTS_SPICES,All surveyed individuals,PROVINCE_HUC,Cordillera Administrative Region,101,Baguio,PROVINCE_OR_HUC,CONDIMENTS_SPICES,epwt_fg26,Condiments and Spices,19,9.961575,0.875813,1144,182647.647,0.500951,2018
PROVINCE_HUC:Cordillera Administrative Region:Baguio:CORN_PRODUCTS,All surveyed individuals,PROVINCE_HUC,Cordillera Administrative Region,101,Baguio,PROVINCE_OR_HUC,CORN_PRODUCTS,epwt_fg3,Corn and Products,20,2.821809,1.783676,1144,182647.647,0.227405,2018
PROVINCE_HUC:Cordillera Administrative Region:Benguet:RICE_PRODUCTS,All surveyed individuals,PROVINCE_HUC,Cordillera Administrative Region,102,Benguet,PROVINCE_OR_HUC,RICE_PRODUCTS,epwt_fg2,Rice and Products,1,99.007725,230.682699,1790,290240.182,1.051519,2019
PROVINCE_HUC:Cordillera Administrative Region:Benguet:OTHER_CEREAL_PRODUCTS,All surveyed individuals,PROVINCE_HUC,Cordillera Administrative Region,102,Benguet,PROVINCE_OR_HUC,OTHER_CEREAL_PRODUCTS,epwt_fg4,Other Cereal Products,2,56.428653,42.364788,1790,290240.182,0.953595,2019
PROVINCE_HUC:Cordillera Administrative Region:Benguet:MEAT_PRODUCTS,All surveyed individuals,PROVINCE_HUC,Cordillera Administrative Region,102,Benguet,PROVINCE_OR_HUC,MEAT_PRODUCTS,epwt_fg16,Meat and Meat Products,3,46.199836,56.417393,1790,290240.182,1.408322,2019
PROVINCE_HUC:Cordillera Administrative Region:Benguet:OTHER_VEGETABLES,All surveyed individuals,PROVINCE_HUC,Cordillera Administrative Region,102,Benguet,PROVINCE_OR_HUC,OTHER_VEGETABLES,epwt_fg10,Other Vegetables,4,48.090631,44.62704,1790,290240.182,1.576567,2019
PROVINCE_HUC:Cordillera Administrative Region:Benguet:BEVERAGES,All surveyed individuals,PROVINCE_HUC,Cordillera Administrative Region,102,Benguet,PROVINCE_OR_HUC,BEVERAGES,epwt_fg25,Beverages,5,53.473111,22.65953,1790,290240.182,0.879516,2019
PROVINCE_HUC:Cordillera Administrative Region:Benguet:SUGAR_SYRUPS,All surveyed individuals,PROVINCE_HUC,Cordillera Administrative Region,102,Benguet,PROVINCE_OR_HUC,SUGAR_SYRUPS,epwt_fg6,Sugar and Syrups,6,45.470971,20.475493,1790,290240.182,0.579355,2019
PROVINCE_HUC:Cordillera Administrative Region:Benguet:GREEN_LEAFY_YELLOW_VEGETABLES,All surveyed individuals,PROVINCE_HUC,Cordillera Administrative Region,102,Benguet,PROVINCE_OR_HUC,GREEN_LEAFY_YELLOW_VEGETABLES,epwt_fg9,Green Leafy and Yellow Vegetables,7,37.13068,20.951795,1790,290240.182,1.442841,2019
PROVINCE_HUC:Cordillera Administrative Region:Benguet:POULTRY,All surveyed individuals,PROVINCE_HUC,Cordillera Administrative Region,102,Benguet,PROVINCE_OR_HUC,POULTRY,epwt_fg17,Poultry,8,31.968565,32.690791,1790,290240.182,1.621269,2019
PROVINCE_HUC:Cordillera Administrative Region:Benguet:FISH_PRODUCTS,All surveyed individuals,PROVINCE_HUC,Cordillera Administrative Region,102,Benguet,PROVINCE_OR_HUC,FISH_PRODUCTS,epwt_fg15,Fish and Fish Products,9,29.863703,18.110903,1790,290240.182,0.415972,2019
PROVINCE_HUC:Cordillera Administrative Region:Benguet:FATS_OILS,All surveyed individuals,PROVINCE_HUC,Cordillera Administrative Region,102,Benguet,PROVINCE_OR_HUC,FATS_OILS,epwt_fg23,Fats and Oils,10,51.697377,4.275875,1790,290240.182,0.794091,2019
PROVINCE_HUC:Cordillera Administrative Region:Benguet:EGGS,All surveyed individuals,PROVINCE_HUC,Cordillera Administrative Region,102,Benguet,PROVINCE_OR_HUC,EGGS,epwt_fg18,Eggs,11,27.600372,13.491525,1790,290240.182,0.996745,2019
PROVINCE_HUC:Cordillera Administrative Region:Benguet:WHOLE_MILK,All surveyed individuals,PROVINCE_HUC,Cordillera Administrative Region,102,Benguet,PROVINCE_OR_HUC,WHOLE_MILK,epwt_fg20,Whole Milk,12,24.541257,10.159458,1790,290240.182,1.05812,2019
PROVINCE_HUC:Cordillera Administrative Region:Benguet:STARCHY_ROOTS_TUBERS,All surveyed individuals,PROVINCE_HUC,Cordillera Administrative Region,102,Benguet,PROVINCE_OR_HUC,STARCHY_ROOTS_TUBERS,epwt_fg5,Starchy Roots and Tubers,13,15.784753,12.351959,1790,290240.182,2.087453,2019
PROVINCE_HUC:Cordillera Administrative Region:Benguet:DRIED_BEANS,All surveyed individuals,PROVINCE_HUC,Cordillera Administrative Region,102,Benguet,PROVINCE_OR_HUC,DRIED_BEANS,epwt_fg7,Dried Beans,14,17.959339,5.276605,1790,290240.182,0.993671,2019
PROVINCE_HUC:Cordillera Administrative Region:Benguet:OTHER_FRUITS,All surveyed individuals,PROVINCE_HUC,Cordillera Administrative Region,102,Benguet,PROVINCE_OR_HUC,OTHER_FRUITS,epwt_fg13,Other Fruits,15,8.629532,10.390139,1790,290240.182,0.721634,2019
PROVINCE_HUC:Cordillera Administrative Region:Benguet:VITAMIN_C_RICH_FRUITS,All surveyed individuals,PROVINCE_HUC,Cordillera Administrative Region,102,Benguet,PROVINCE_OR_HUC,VITAMIN_C_RICH_FRUITS,epwt_fg12,Vitamin C-Rich Fruits,16,8.425221,10.606471,1790,290240.182,4.150198,2019
PROVINCE_HUC:Cordillera Administrative Region:Benguet:MILK_PRODUCTS,All surveyed individuals,PROVINCE_HUC,Cordillera Administrative Region,102,Benguet,PROVINCE_OR_HUC,MILK_PRODUCTS,epwt_fg21,Milk Products,17,3.874247,2.975738,1790,290240.182,1.261136,2019
PROVINCE_HUC:Cordillera Administrative Region:Benguet:CONDIMENTS_SPICES,All surveyed individuals,PROVINCE_HUC,Cordillera Administrative Region,102,Benguet,PROVINCE_OR_HUC,CONDIMENTS_SPICES,epwt_fg26,Condiments and Spices,18,8.728445,0.764914,1790,290240.182,0.437518,2019
PROVINCE_HUC:Cordillera Administrative Region:Benguet:CORN_PRODUCTS,All surveyed individuals,PROVINCE_HUC,Cordillera Administrative Region,102,Benguet,PROVINCE_OR_HUC,CORN_PRODUCTS,epwt_fg3,Corn and Products,19,3.492328,3.053356,1790,290240.182,0.389279,2019
PROVINCE_HUC:Cordillera Administrative Region:Benguet:OTHER_MISCELLANEOUS,All surveyed individuals,PROVINCE_HUC,Cordillera Administrative Region,102,Benguet,PROVINCE_OR_HUC,OTHER_MISCELLANEOUS,epwt_fg27,Other Miscellaneous,20,4.855488,0.691574,1790,290240.182,0.338883,2019
PROVINCE_HUC:Cordillera Administrative Region:Ifugao:RICE_PRODUCTS,All surveyed individuals,PROVINCE_HUC,Cordillera Administrative Region,103,Ifugao,PROVINCE_OR_HUC,RICE_PRODUCTS,epwt_fg2,Rice and Products,1,99.714062,238.777394,2657,160003.553,1.088417,2021
PROVINCE_HUC:Cordillera Administrative Region:Ifugao:GREEN_LEAFY_YELLOW_VEGETABLES,All surveyed individuals,PROVINCE_HUC,Cordillera Administrative Region,103,Ifugao,PROVINCE_OR_HUC,GREEN_LEAFY_YELLOW_VEGETABLES,epwt_fg9,Green Leafy and Yellow Vegetables,2,51.521999,37.05766,2657,160003.553,2.551969,2021
PROVINCE_HUC:Cordillera Administrative Region:Ifugao:OTHER_VEGETABLES,All surveyed individuals,PROVINCE_HUC,Cordillera Administrative Region,103,Ifugao,PROVINCE_OR_HUC,OTHER_VEGETABLES,epwt_fg10,Other Vegetables,3,46.616559,43.361762,2657,160003.553,1.531868,2021
PROVINCE_HUC:Cordillera Administrative Region:Ifugao:OTHER_CEREAL_PRODUCTS,All surveyed individuals,PROVINCE_HUC,Cordillera Administrative Region,103,Ifugao,PROVINCE_OR_HUC,OTHER_CEREAL_PRODUCTS,epwt_fg4,Other Cereal Products,4,44.886513,29.103932,2657,160003.553,0.655104,2021
PROVINCE_HUC:Cordillera Administrative Region:Ifugao:MEAT_PRODUCTS,All surveyed individuals,PROVINCE_HUC,Cordillera Administrative Region,103,Ifugao,PROVINCE_OR_HUC,MEAT_PRODUCTS,epwt_fg16,Meat and Meat Products,5,36.945633,40.53712,2657,160003.553,1.01191,2021
PROVINCE_HUC:Cordillera Administrative Region:Ifugao:BEVERAGES,All surveyed individuals,PROVINCE_HUC,Cordillera Administrative Region,103,Ifugao,PROVINCE_OR_HUC,BEVERAGES,epwt_fg25,Beverages,6,41.912399,19.917374,2657,160003.553,0.773081,2021
PROVINCE_HUC:Cordillera Administrative Region:Ifugao:FISH_PRODUCTS,All surveyed individuals,PROVINCE_HUC,Cordillera Administrative Region,103,Ifugao,PROVINCE_OR_HUC,FISH_PRODUCTS,epwt_fg15,Fish and Fish Products,7,39.474952,23.009841,2657,160003.553,0.528492,2021
PROVINCE_HUC:Cordillera Administrative Region:Ifugao:SUGAR_SYRUPS,All surveyed individuals,PROVINCE_HUC,Cordillera Administrative Region,103,Ifugao,PROVINCE_OR_HUC,SUGAR_SYRUPS,epwt_fg6,Sugar and Syrups,8,35.475195,26.617574,2657,160003.553,0.753146,2021
PROVINCE_HUC:Cordillera Administrative Region:Ifugao:EGGS,All surveyed individuals,PROVINCE_HUC,Cordillera Administrative Region,103,Ifugao,PROVINCE_OR_HUC,EGGS,epwt_fg18,Eggs,9,35.02992,15.712559,2657,160003.553,1.160834,2021
PROVINCE_HUC:Cordillera Administrative Region:Ifugao:FATS_OILS,All surveyed individuals,PROVINCE_HUC,Cordillera Administrative Region,103,Ifugao,PROVINCE_OR_HUC,FATS_OILS,epwt_fg23,Fats and Oils,10,55.047031,3.796428,2657,160003.553,0.705051,2021
PROVINCE_HUC:Cordillera Administrative Region:Ifugao:POULTRY,All surveyed individuals,PROVINCE_HUC,Cordillera Administrative Region,103,Ifugao,PROVINCE_OR_HUC,POULTRY,epwt_fg17,Poultry,11,26.282602,23.852557,2657,160003.553,1.182945,2021
PROVINCE_HUC:Cordillera Administrative Region:Ifugao:DRIED_BEANS,All surveyed individuals,PROVINCE_HUC,Cordillera Administrative Region,103,Ifugao,PROVINCE_OR_HUC,DRIED_BEANS,epwt_fg7,Dried Beans,12,25.437988,7.793796,2657,160003.553,1.4677,2021
PROVINCE_HUC:Cordillera Administrative Region:Ifugao:WHOLE_MILK,All surveyed individuals,PROVINCE_HUC,Cordillera Administrative Region,103,Ifugao,PROVINCE_OR_HUC,WHOLE_MILK,epwt_fg20,Whole Milk,13,16.708531,6.339814,2657,160003.553,0.6603,2021
PROVINCE_HUC:Cordillera Administrative Region:Ifugao:STARCHY_ROOTS_TUBERS,All surveyed individuals,PROVINCE_HUC,Cordillera Administrative Region,103,Ifugao,PROVINCE_OR_HUC,STARCHY_ROOTS_TUBERS,epwt_fg5,Starchy Roots and Tubers,14,9.54055,6.765561,2657,160003.553,1.143364,2021
PROVINCE_HUC:Cordillera Administrative Region:Ifugao:OTHER_FRUITS,All surveyed individuals,PROVINCE_HUC,Cordillera Administrative Region,103,Ifugao,PROVINCE_OR_HUC,OTHER_FRUITS,epwt_fg13,Other Fruits,15,7.806705,8.679556,2657,160003.553,0.602828,2021
PROVINCE_HUC:Cordillera Administrative Region:Ifugao:VITAMIN_C_RICH_FRUITS,All surveyed individuals,PROVINCE_HUC,Cordillera Administrative Region,103,Ifugao,PROVINCE_OR_HUC,VITAMIN_C_RICH_FRUITS,epwt_fg12,Vitamin C-Rich Fruits,16,5.377885,4.112751,2657,160003.553,1.609275,2021
PROVINCE_HUC:Cordillera Administrative Region:Ifugao:OTHER_MISCELLANEOUS,All surveyed individuals,PROVINCE_HUC,Cordillera Administrative Region,103,Ifugao,PROVINCE_OR_HUC,OTHER_MISCELLANEOUS,epwt_fg27,Other Miscellaneous,17,9.937442,1.39196,2657,160003.553,0.682084,2021
PROVINCE_HUC:Cordillera Administrative Region:Ifugao:MILK_PRODUCTS,All surveyed individuals,PROVINCE_HUC,Cordillera Administrative Region,103,Ifugao,PROVINCE_OR_HUC,MILK_PRODUCTS,epwt_fg21,Milk Products,18,2.168343,1.501299,2657,160003.553,0.63626,2021
PROVINCE_HUC:Cordillera Administrative Region:Ifugao:CONDIMENTS_SPICES,All surveyed individuals,PROVINCE_HUC,Cordillera Administrative Region,103,Ifugao,PROVINCE_OR_HUC,CONDIMENTS_SPICES,epwt_fg26,Condiments and Spices,19,5.719888,0.350326,2657,160003.553,0.20038,2021
PROVINCE_HUC:Cordillera Administrative Region:Ifugao:CORN_PRODUCTS,All surveyed individuals,PROVINCE_HUC,Cordillera Administrative Region,103,Ifugao,PROVINCE_OR_HUC,CORN_PRODUCTS,epwt_fg3,Corn and Products,20,1.44117,0.623596,2657,160003.553,0.079504,2021
PROVINCE_HUC:Cordillera Administrative Region:Kalinga:RICE_PRODUCTS,All surveyed individuals,PROVINCE_HUC,Cordillera Administrative Region,104,Kalinga,PROVINCE_OR_HUC,RICE_PRODUCTS,epwt_fg2,Rice and Products,1,98.936734,261.025615,2663,154356.672,1.189831,2019
PROVINCE_HUC:Cordillera Administrative Region:Kalinga:OTHER_VEGETABLES,All surveyed individuals,PROVINCE_HUC,Cordillera Administrative Region,104,Kalinga,PROVINCE_OR_HUC,OTHER_VEGETABLES,epwt_fg10,Other Vegetables,2,64.82373,64.579254,2663,154356.672,2.281432,2019
PROVINCE_HUC:Cordillera Administrative Region:Kalinga:SUGAR_SYRUPS,All surveyed individuals,PROVINCE_HUC,Cordillera Administrative Region,104,Kalinga,PROVINCE_OR_HUC,SUGAR_SYRUPS,epwt_fg6,Sugar and Syrups,3,61.818477,35.23614,2663,154356.672,0.997009,2019
PROVINCE_HUC:Cordillera Administrative Region:Kalinga:BEVERAGES,All surveyed individuals,PROVINCE_HUC,Cordillera Administrative Region,104,Kalinga,PROVINCE_OR_HUC,BEVERAGES,epwt_fg25,Beverages,4,64.403587,29.845995,2663,154356.672,1.158454,2019
PROVINCE_HUC:Cordillera Administrative Region:Kalinga:OTHER_CEREAL_PRODUCTS,All surveyed individuals,PROVINCE_HUC,Cordillera Administrative Region,104,Kalinga,PROVINCE_OR_HUC,OTHER_CEREAL_PRODUCTS,epwt_fg4,Other Cereal Products,5,50.574751,32.102558,2663,154356.672,0.722601,2019
PROVINCE_HUC:Cordillera Administrative Region:Kalinga:MEAT_PRODUCTS,All surveyed individuals,PROVINCE_HUC,Cordillera Administrative Region,104,Kalinga,PROVINCE_OR_HUC,MEAT_PRODUCTS,epwt_fg16,Meat and Meat Products,6,40.181737,45.558459,2663,154356.672,1.137255,2019
PROVINCE_HUC:Cordillera Administrative Region:Kalinga:FISH_PRODUCTS,All surveyed individuals,PROVINCE_HUC,Cordillera Administrative Region,104,Kalinga,PROVINCE_OR_HUC,FISH_PRODUCTS,epwt_fg15,Fish and Fish Products,7,34.623833,19.823272,2663,154356.672,0.455302,2019
PROVINCE_HUC:Cordillera Administrative Region:Kalinga:GREEN_LEAFY_YELLOW_VEGETABLES,All surveyed individuals,PROVINCE_HUC,Cordillera Administrative Region,104,Kalinga,PROVINCE_OR_HUC,GREEN_LEAFY_YELLOW_VEGETABLES,epwt_fg9,Green Leafy and Yellow Vegetables,8,35.218106,16.971896,2663,154356.672,1.168766,2019
PROVINCE_HUC:Cordillera Administrative Region:Kalinga:DRIED_BEANS,All surveyed individuals,PROVINCE_HUC,Cordillera Administrative Region,104,Kalinga,PROVINCE_OR_HUC,DRIED_BEANS,epwt_fg7,Dried Beans,9,31.673551,13.098845,2663,154356.672,2.466727,2019
PROVINCE_HUC:Cordillera Administrative Region:Kalinga:EGGS,All surveyed individuals,PROVINCE_HUC,Cordillera Administrative Region,104,Kalinga,PROVINCE_OR_HUC,EGGS,epwt_fg18,Eggs,10,27.648251,12.247545,2663,154356.672,0.904841,2019
PROVINCE_HUC:Cordillera Administrative Region:Kalinga:FATS_OILS,All surveyed individuals,PROVINCE_HUC,Cordillera Administrative Region,104,Kalinga,PROVINCE_OR_HUC,FATS_OILS,epwt_fg23,Fats and Oils,11,45.832307,3.211801,2663,154356.672,0.596477,2019
PROVINCE_HUC:Cordillera Administrative Region:Kalinga:POULTRY,All surveyed individuals,PROVINCE_HUC,Cordillera Administrative Region,104,Kalinga,PROVINCE_OR_HUC,POULTRY,epwt_fg17,Poultry,12,21.188814,19.798549,2663,154356.672,0.981891,2019
PROVINCE_HUC:Cordillera Administrative Region:Kalinga:WHOLE_MILK,All surveyed individuals,PROVINCE_HUC,Cordillera Administrative Region,104,Kalinga,PROVINCE_OR_HUC,WHOLE_MILK,epwt_fg20,Whole Milk,13,14.459614,6.67179,2663,154356.672,0.694875,2019
PROVINCE_HUC:Cordillera Administrative Region:Kalinga:STARCHY_ROOTS_TUBERS,All surveyed individuals,PROVINCE_HUC,Cordillera Administrative Region,104,Kalinga,PROVINCE_OR_HUC,STARCHY_ROOTS_TUBERS,epwt_fg5,Starchy Roots and Tubers,14,8.935049,4.771047,2663,154356.672,0.806296,2019
PROVINCE_HUC:Cordillera Administrative Region:Kalinga:OTHER_FRUITS,All surveyed individuals,PROVINCE_HUC,Cordillera Administrative Region,104,Kalinga,PROVINCE_OR_HUC,OTHER_FRUITS,epwt_fg13,Other Fruits,15,6.554135,9.101771,2663,154356.672,0.632152,2019
PROVINCE_HUC:Cordillera Administrative Region:Kalinga:MILK_PRODUCTS,All surveyed individuals,PROVINCE_HUC,Cordillera Administrative Region,104,Kalinga,PROVINCE_OR_HUC,MILK_PRODUCTS,epwt_fg21,Milk Products,16,3.996388,2.861147,2663,154356.672,1.212572,2019
PROVINCE_HUC:Cordillera Administrative Region:Kalinga:CONDIMENTS_SPICES,All surveyed individuals,PROVINCE_HUC,Cordillera Administrative Region,104,Kalinga,PROVINCE_OR_HUC,CONDIMENTS_SPICES,epwt_fg26,Condiments and Spices,17,9.765628,0.731721,2663,154356.672,0.418533,2019
PROVINCE_HUC:Cordillera Administrative Region:Kalinga:VITAMIN_C_RICH_FRUITS,All surveyed individuals,PROVINCE_HUC,Cordillera Administrative Region,104,Kalinga,PROVINCE_OR_HUC,VITAMIN_C_RICH_FRUITS,epwt_fg12,Vitamin C-Rich Fruits,18,3.606914,2.754201,2663,154356.672,1.077689,2019
PROVINCE_HUC:Cordillera Administrative Region:Kalinga:OTHER_MISCELLANEOUS,All surveyed individuals,PROVINCE_HUC,Cordillera Administrative Region,104,Kalinga,PROVINCE_OR_HUC,OTHER_MISCELLANEOUS,epwt_fg27,Other Miscellaneous,19,4.630892,1.686054,2663,154356.672,0.826195,2019
PROVINCE_HUC:Cordillera Administrative Region:Kalinga:CORN_PRODUCTS,All surveyed individuals,PROVINCE_HUC,Cordillera Administrative Region,104,Kalinga,PROVINCE_OR_HUC,CORN_PRODUCTS,epwt_fg3,Corn and Products,20,2.69623,1.928974,2663,154356.672,0.245929,2019
PROVINCE_HUC:Cordillera Administrative Region:Mountain Province:RICE_PRODUCTS,All surveyed individuals,PROVINCE_HUC,Cordillera Administrative Region,105,Mountain Province,PROVINCE_OR_HUC,RICE_PRODUCTS,epwt_fg2,Rice and Products,1,99.22806,272.155044,2231,110637.765,1.240562,2018
PROVINCE_HUC:Cordillera Administrative Region:Mountain Province:OTHER_VEGETABLES,All surveyed individuals,PROVINCE_HUC,Cordillera Administrative Region,105,Mountain Province,PROVINCE_OR_HUC,OTHER_VEGETABLES,epwt_fg10,Other Vegetables,2,49.495619,71.084607,2231,110637.765,2.51125,2018
PROVINCE_HUC:Cordillera Administrative Region:Mountain Province:OTHER_CEREAL_PRODUCTS,All surveyed individuals,PROVINCE_HUC,Cordillera Administrative Region,105,Mountain Province,PROVINCE_OR_HUC,OTHER_CEREAL_PRODUCTS,epwt_fg4,Other Cereal Products,3,47.761458,38.116441,2231,110637.765,0.857968,2018
PROVINCE_HUC:Cordillera Administrative Region:Mountain Province:BEVERAGES,All surveyed individuals,PROVINCE_HUC,Cordillera Administrative Region,105,Mountain Province,PROVINCE_OR_HUC,BEVERAGES,epwt_fg25,Beverages,4,50.634264,21.810332,2231,110637.765,0.846555,2018
PROVINCE_HUC:Cordillera Administrative Region:Mountain Province:GREEN_LEAFY_YELLOW_VEGETABLES,All surveyed individuals,PROVINCE_HUC,Cordillera Administrative Region,105,Mountain Province,PROVINCE_OR_HUC,GREEN_LEAFY_YELLOW_VEGETABLES,epwt_fg9,Green Leafy and Yellow Vegetables,5,43.781542,34.885588,2231,110637.765,2.402389,2018
PROVINCE_HUC:Cordillera Administrative Region:Mountain Province:SUGAR_SYRUPS,All surveyed individuals,PROVINCE_HUC,Cordillera Administrative Region,105,Mountain Province,PROVINCE_OR_HUC,SUGAR_SYRUPS,epwt_fg6,Sugar and Syrups,6,49.950758,17.441145,2231,110637.765,0.493498,2018
PROVINCE_HUC:Cordillera Administrative Region:Mountain Province:MEAT_PRODUCTS,All surveyed individuals,PROVINCE_HUC,Cordillera Administrative Region,105,Mountain Province,PROVINCE_OR_HUC,MEAT_PRODUCTS,epwt_fg16,Meat and Meat Products,7,35.138237,38.443233,2231,110637.765,0.959641,2018
PROVINCE_HUC:Cordillera Administrative Region:Mountain Province:FISH_PRODUCTS,All surveyed individuals,PROVINCE_HUC,Cordillera Administrative Region,105,Mountain Province,PROVINCE_OR_HUC,FISH_PRODUCTS,epwt_fg15,Fish and Fish Products,8,37.653902,23.997739,2231,110637.765,0.551182,2018
PROVINCE_HUC:Cordillera Administrative Region:Mountain Province:FATS_OILS,All surveyed individuals,PROVINCE_HUC,Cordillera Administrative Region,105,Mountain Province,PROVINCE_OR_HUC,FATS_OILS,epwt_fg23,Fats and Oils,9,48.754838,4.473456,2231,110637.765,0.830785,2018
PROVINCE_HUC:Cordillera Administrative Region:Mountain Province:EGGS,All surveyed individuals,PROVINCE_HUC,Cordillera Administrative Region,105,Mountain Province,PROVINCE_OR_HUC,EGGS,epwt_fg18,Eggs,10,25.191143,13.797987,2231,110637.765,1.019387,2018
PROVINCE_HUC:Cordillera Administrative Region:Mountain Province:POULTRY,All surveyed individuals,PROVINCE_HUC,Cordillera Administrative Region,105,Mountain Province,PROVINCE_OR_HUC,POULTRY,epwt_fg17,Poultry,11,19.043049,19.419061,2231,110637.765,0.96307,2018
PROVINCE_HUC:Cordillera Administrative Region:Mountain Province:DRIED_BEANS,All surveyed individuals,PROVINCE_HUC,Cordillera Administrative Region,105,Mountain Province,PROVINCE_OR_HUC,DRIED_BEANS,epwt_fg7,Dried Beans,12,23.315878,10.22309,2231,110637.765,1.925176,2018
PROVINCE_HUC:Cordillera Administrative Region:Mountain Province:OTHER_FRUITS,All surveyed individuals,PROVINCE_HUC,Cordillera Administrative Region,105,Mountain Province,PROVINCE_OR_HUC,OTHER_FRUITS,epwt_fg13,Other Fruits,13,16.531811,23.546232,2231,110637.765,1.635374,2018
PROVINCE_HUC:Cordillera Administrative Region:Mountain Province:STARCHY_ROOTS_TUBERS,All surveyed individuals,PROVINCE_HUC,Cordillera Administrative Region,105,Mountain Province,PROVINCE_OR_HUC,STARCHY_ROOTS_TUBERS,epwt_fg5,Starchy Roots and Tubers,14,17.233918,17.282807,2231,110637.765,2.920754,2018
PROVINCE_HUC:Cordillera Administrative Region:Mountain Province:WHOLE_MILK,All surveyed individuals,PROVINCE_HUC,Cordillera Administrative Region,105,Mountain Province,PROVINCE_OR_HUC,WHOLE_MILK,epwt_fg20,Whole Milk,15,16.379487,4.411508,2231,110637.765,0.459464,2018
PROVINCE_HUC:Cordillera Administrative Region:Mountain Province:OTHER_MISCELLANEOUS,All surveyed individuals,PROVINCE_HUC,Cordillera Administrative Region,105,Mountain Province,PROVINCE_OR_HUC,OTHER_MISCELLANEOUS,epwt_fg27,Other Miscellaneous,16,6.741553,2.450354,2231,110637.765,1.200716,2018
PROVINCE_HUC:Cordillera Administrative Region:Mountain Province:CORN_PRODUCTS,All surveyed individuals,PROVINCE_HUC,Cordillera Administrative Region,105,Mountain Province,PROVINCE_OR_HUC,CORN_PRODUCTS,epwt_fg3,Corn and Products,17,4.078335,4.832929,2231,110637.765,0.61616,2018
PROVINCE_HUC:Cordillera Administrative Region:Mountain Province:VITAMIN_C_RICH_FRUITS,All surveyed individuals,PROVINCE_HUC,Cordillera Administrative Region,105,Mountain Province,PROVINCE_OR_HUC,VITAMIN_C_RICH_FRUITS,epwt_fg12,Vitamin C-Rich Fruits,18,3.635361,4.067276,2231,110637.765,1.591482,2018
PROVINCE_HUC:Cordillera Administrative Region:Mountain Province:MILK_PRODUCTS,All surveyed individuals,PROVINCE_HUC,Cordillera Administrative Region,105,Mountain Province,PROVINCE_OR_HUC,MILK_PRODUCTS,epwt_fg21,Milk Products,19,3.757812,2.489018,2231,110637.765,1.054861,2018
PROVINCE_HUC:Cordillera Administrative Region:Mountain Province:CONDIMENTS_SPICES,All surveyed individuals,PROVINCE_HUC,Cordillera Administrative Region,105,Mountain Province,PROVINCE_OR_HUC,CONDIMENTS_SPICES,epwt_fg26,Condiments and Spices,20,7.316965,0.591234,2231,110637.765,0.338176,2018
PROVINCE_HUC:Davao Region:Davao City:RICE_PRODUCTS,All surveyed individuals,PROVINCE_HUC,Davao Region,72,Davao City,PROVINCE_OR_HUC,RICE_PRODUCTS,epwt_fg2,Rice and Products,1,95.260507,224.664178,1711,1035392.571,1.024085,2018
PROVINCE_HUC:Davao Region:Davao City:FISH_PRODUCTS,All surveyed individuals,PROVINCE_HUC,Davao Region,72,Davao City,PROVINCE_OR_HUC,FISH_PRODUCTS,epwt_fg15,Fish and Fish Products,2,62.964115,42.810511,1711,1035392.571,0.983275,2018
PROVINCE_HUC:Davao Region:Davao City:OTHER_CEREAL_PRODUCTS,All surveyed individuals,PROVINCE_HUC,Davao Region,72,Davao City,PROVINCE_OR_HUC,OTHER_CEREAL_PRODUCTS,epwt_fg4,Other Cereal Products,3,61.992064,38.155717,1711,1035392.571,0.858852,2018
PROVINCE_HUC:Davao Region:Davao City:MEAT_PRODUCTS,All surveyed individuals,PROVINCE_HUC,Davao Region,72,Davao City,PROVINCE_OR_HUC,MEAT_PRODUCTS,epwt_fg16,Meat and Meat Products,4,48.56395,45.554508,1711,1035392.571,1.137156,2018
PROVINCE_HUC:Davao Region:Davao City:OTHER_VEGETABLES,All surveyed individuals,PROVINCE_HUC,Davao Region,72,Davao City,PROVINCE_OR_HUC,OTHER_VEGETABLES,epwt_fg10,Other Vegetables,5,50.117733,32.454088,1711,1035392.571,1.146526,2018
PROVINCE_HUC:Davao Region:Davao City:BEVERAGES,All surveyed individuals,PROVINCE_HUC,Davao Region,72,Davao City,PROVINCE_OR_HUC,BEVERAGES,epwt_fg25,Beverages,6,51.499666,26.548947,1711,1035392.571,1.030481,2018
PROVINCE_HUC:Davao Region:Davao City:SUGAR_SYRUPS,All surveyed individuals,PROVINCE_HUC,Davao Region,72,Davao City,PROVINCE_OR_HUC,SUGAR_SYRUPS,epwt_fg6,Sugar and Syrups,7,42.767959,40.380061,1711,1035392.571,1.142556,2018
PROVINCE_HUC:Davao Region:Davao City:GREEN_LEAFY_YELLOW_VEGETABLES,All surveyed individuals,PROVINCE_HUC,Davao Region,72,Davao City,PROVINCE_OR_HUC,GREEN_LEAFY_YELLOW_VEGETABLES,epwt_fg9,Green Leafy and Yellow Vegetables,8,50.558772,16.345915,1711,1035392.571,1.125658,2018
PROVINCE_HUC:Davao Region:Davao City:FATS_OILS,All surveyed individuals,PROVINCE_HUC,Davao Region,72,Davao City,PROVINCE_OR_HUC,FATS_OILS,epwt_fg23,Fats and Oils,9,69.804436,5.368564,1711,1035392.571,0.997019,2018
PROVINCE_HUC:Davao Region:Davao City:POULTRY,All surveyed individuals,PROVINCE_HUC,Davao Region,72,Davao City,PROVINCE_OR_HUC,POULTRY,epwt_fg17,Poultry,10,31.958877,29.487979,1711,1035392.571,1.462429,2018
PROVINCE_HUC:Davao Region:Davao City:EGGS,All surveyed individuals,PROVINCE_HUC,Davao Region,72,Davao City,PROVINCE_OR_HUC,EGGS,epwt_fg18,Eggs,11,34.434334,13.694306,1711,1035392.571,1.011727,2018
PROVINCE_HUC:Davao Region:Davao City:DRIED_BEANS,All surveyed individuals,PROVINCE_HUC,Davao Region,72,Davao City,PROVINCE_OR_HUC,DRIED_BEANS,epwt_fg7,Dried Beans,12,28.626996,6.014008,1711,1035392.571,1.132537,2018
PROVINCE_HUC:Davao Region:Davao City:OTHER_FRUITS,All surveyed individuals,PROVINCE_HUC,Davao Region,72,Davao City,PROVINCE_OR_HUC,OTHER_FRUITS,epwt_fg13,Other Fruits,13,17.066682,21.304051,1711,1035392.571,1.479646,2018
PROVINCE_HUC:Davao Region:Davao City:WHOLE_MILK,All surveyed individuals,PROVINCE_HUC,Davao Region,72,Davao City,PROVINCE_OR_HUC,WHOLE_MILK,epwt_fg20,Whole Milk,14,21.616556,9.920172,1711,1035392.571,1.033198,2018
PROVINCE_HUC:Davao Region:Davao City:CONDIMENTS_SPICES,All surveyed individuals,PROVINCE_HUC,Davao Region,72,Davao City,PROVINCE_OR_HUC,CONDIMENTS_SPICES,epwt_fg26,Condiments and Spices,15,23.965153,2.655305,1711,1035392.571,1.518791,2018
PROVINCE_HUC:Davao Region:Davao City:STARCHY_ROOTS_TUBERS,All surveyed individuals,PROVINCE_HUC,Davao Region,72,Davao City,PROVINCE_OR_HUC,STARCHY_ROOTS_TUBERS,epwt_fg5,Starchy Roots and Tubers,16,11.475386,7.306823,1711,1035392.571,1.234836,2018
PROVINCE_HUC:Davao Region:Davao City:CORN_PRODUCTS,All surveyed individuals,PROVINCE_HUC,Davao Region,72,Davao City,PROVINCE_OR_HUC,CORN_PRODUCTS,epwt_fg3,Corn and Products,17,8.879768,9.139814,1711,1035392.571,1.165254,2018
PROVINCE_HUC:Davao Region:Davao City:MILK_PRODUCTS,All surveyed individuals,PROVINCE_HUC,Davao Region,72,Davao City,PROVINCE_OR_HUC,MILK_PRODUCTS,epwt_fg21,Milk Products,18,4.98467,2.929081,1711,1035392.571,1.241363,2018
PROVINCE_HUC:Davao Region:Davao City:VITAMIN_C_RICH_FRUITS,All surveyed individuals,PROVINCE_HUC,Davao Region,72,Davao City,PROVINCE_OR_HUC,VITAMIN_C_RICH_FRUITS,epwt_fg12,Vitamin C-Rich Fruits,19,4.114567,3.785757,1711,1035392.571,1.481326,2018
PROVINCE_HUC:Davao Region:Davao City:OTHER_MISCELLANEOUS,All surveyed individuals,PROVINCE_HUC,Davao Region,72,Davao City,PROVINCE_OR_HUC,OTHER_MISCELLANEOUS,epwt_fg27,Other Miscellaneous,20,5.312172,2.275427,1711,1035392.571,1.114998,2018
PROVINCE_HUC:Davao Region:Davao de Oro:RICE_PRODUCTS,All surveyed individuals,PROVINCE_HUC,Davao Region,75,Davao de Oro,PROVINCE_OR_HUC,RICE_PRODUCTS,epwt_fg2,Rice and Products,1,94.719683,231.34104,2345,561788.8,1.05452,2021
PROVINCE_HUC:Davao Region:Davao de Oro:FISH_PRODUCTS,All surveyed individuals,PROVINCE_HUC,Davao Region,75,Davao de Oro,PROVINCE_OR_HUC,FISH_PRODUCTS,epwt_fg15,Fish and Fish Products,2,72.978881,36.93782,2345,561788.8,0.84839,2021
PROVINCE_HUC:Davao Region:Davao de Oro:GREEN_LEAFY_YELLOW_VEGETABLES,All surveyed individuals,PROVINCE_HUC,Davao Region,75,Davao de Oro,PROVINCE_OR_HUC,GREEN_LEAFY_YELLOW_VEGETABLES,epwt_fg9,Green Leafy and Yellow Vegetables,3,60.825551,22.572175,2345,561788.8,1.554429,2021
PROVINCE_HUC:Davao Region:Davao de Oro:OTHER_VEGETABLES,All surveyed individuals,PROVINCE_HUC,Davao Region,75,Davao de Oro,PROVINCE_OR_HUC,OTHER_VEGETABLES,epwt_fg10,Other Vegetables,4,50.944392,33.125198,2345,561788.8,1.170235,2021
PROVINCE_HUC:Davao Region:Davao de Oro:OTHER_CEREAL_PRODUCTS,All surveyed individuals,PROVINCE_HUC,Davao Region,75,Davao de Oro,PROVINCE_OR_HUC,OTHER_CEREAL_PRODUCTS,epwt_fg4,Other Cereal Products,5,44.349738,24.759666,2345,561788.8,0.557319,2021
PROVINCE_HUC:Davao Region:Davao de Oro:SUGAR_SYRUPS,All surveyed individuals,PROVINCE_HUC,Davao Region,75,Davao de Oro,PROVINCE_OR_HUC,SUGAR_SYRUPS,epwt_fg6,Sugar and Syrups,6,38.328221,24.271032,2345,561788.8,0.68675,2021
PROVINCE_HUC:Davao Region:Davao de Oro:FATS_OILS,All surveyed individuals,PROVINCE_HUC,Davao Region,75,Davao de Oro,PROVINCE_OR_HUC,FATS_OILS,epwt_fg23,Fats and Oils,7,59.521867,3.232627,2345,561788.8,0.600345,2021
PROVINCE_HUC:Davao Region:Davao de Oro:MEAT_PRODUCTS,All surveyed individuals,PROVINCE_HUC,Davao Region,75,Davao de Oro,PROVINCE_OR_HUC,MEAT_PRODUCTS,epwt_fg16,Meat and Meat Products,8,25.107955,20.48877,2345,561788.8,0.511452,2021
PROVINCE_HUC:Davao Region:Davao de Oro:BEVERAGES,All surveyed individuals,PROVINCE_HUC,Davao Region,75,Davao de Oro,PROVINCE_OR_HUC,BEVERAGES,epwt_fg25,Beverages,9,36.449732,6.225766,2345,561788.8,0.241649,2021
PROVINCE_HUC:Davao Region:Davao de Oro:EGGS,All surveyed individuals,PROVINCE_HUC,Davao Region,75,Davao de Oro,PROVINCE_OR_HUC,EGGS,epwt_fg18,Eggs,10,26.960856,11.81505,2345,561788.8,0.872888,2021
PROVINCE_HUC:Davao Region:Davao de Oro:OTHER_FRUITS,All surveyed individuals,PROVINCE_HUC,Davao Region,75,Davao de Oro,PROVINCE_OR_HUC,OTHER_FRUITS,epwt_fg13,Other Fruits,11,15.859431,24.389714,2345,561788.8,1.693957,2021
PROVINCE_HUC:Davao Region:Davao de Oro:WHOLE_MILK,All surveyed individuals,PROVINCE_HUC,Davao Region,75,Davao de Oro,PROVINCE_OR_HUC,WHOLE_MILK,epwt_fg20,Whole Milk,12,22.456379,8.602983,2345,561788.8,0.896011,2021
PROVINCE_HUC:Davao Region:Davao de Oro:POULTRY,All surveyed individuals,PROVINCE_HUC,Davao Region,75,Davao de Oro,PROVINCE_OR_HUC,POULTRY,epwt_fg17,Poultry,13,18.122574,14.145094,2345,561788.8,0.701513,2021
PROVINCE_HUC:Davao Region:Davao de Oro:DRIED_BEANS,All surveyed individuals,PROVINCE_HUC,Davao Region,75,Davao de Oro,PROVINCE_OR_HUC,DRIED_BEANS,epwt_fg7,Dried Beans,14,27.991805,3.117031,2345,561788.8,0.586988,2021
PROVINCE_HUC:Davao Region:Davao de Oro:CONDIMENTS_SPICES,All surveyed individuals,PROVINCE_HUC,Davao Region,75,Davao de Oro,PROVINCE_OR_HUC,CONDIMENTS_SPICES,epwt_fg26,Condiments and Spices,15,31.510933,2.192081,2345,561788.8,1.253834,2021
PROVINCE_HUC:Davao Region:Davao de Oro:STARCHY_ROOTS_TUBERS,All surveyed individuals,PROVINCE_HUC,Davao Region,75,Davao de Oro,PROVINCE_OR_HUC,STARCHY_ROOTS_TUBERS,epwt_fg5,Starchy Roots and Tubers,16,10.874984,7.549632,2345,561788.8,1.27587,2021
PROVINCE_HUC:Davao Region:Davao de Oro:CORN_PRODUCTS,All surveyed individuals,PROVINCE_HUC,Davao Region,75,Davao de Oro,PROVINCE_OR_HUC,CORN_PRODUCTS,epwt_fg3,Corn and Products,17,6.822748,8.649025,2345,561788.8,1.102682,2021
PROVINCE_HUC:Davao Region:Davao de Oro:VITAMIN_C_RICH_FRUITS,All surveyed individuals,PROVINCE_HUC,Davao Region,75,Davao de Oro,PROVINCE_OR_HUC,VITAMIN_C_RICH_FRUITS,epwt_fg12,Vitamin C-Rich Fruits,18,3.225761,2.320771,2345,561788.8,0.908093,2021
PROVINCE_HUC:Davao Region:Davao de Oro:OTHER_MISCELLANEOUS,All surveyed individuals,PROVINCE_HUC,Davao Region,75,Davao de Oro,PROVINCE_OR_HUC,OTHER_MISCELLANEOUS,epwt_fg27,Other Miscellaneous,19,2.360532,0.249418,2345,561788.8,0.122219,2021
PROVINCE_HUC:Davao Region:Davao de Oro:MILK_PRODUCTS,All surveyed individuals,PROVINCE_HUC,Davao Region,75,Davao de Oro,PROVINCE_OR_HUC,MILK_PRODUCTS,epwt_fg21,Milk Products,20,0.895301,0.355202,2345,561788.8,0.150537,2021
PROVINCE_HUC:Davao Region:Davao del Norte:RICE_PRODUCTS,All surveyed individuals,PROVINCE_HUC,Davao Region,71,Davao del Norte,PROVINCE_OR_HUC,RICE_PRODUCTS,epwt_fg2,Rice and Products,1,92.576818,232.519538,2363,774517.564,1.059892,2019
PROVINCE_HUC:Davao Region:Davao del Norte:FISH_PRODUCTS,All surveyed individuals,PROVINCE_HUC,Davao Region,71,Davao del Norte,PROVINCE_OR_HUC,FISH_PRODUCTS,epwt_fg15,Fish and Fish Products,2,66.583666,42.15364,2363,774517.564,0.968188,2019
PROVINCE_HUC:Davao Region:Davao del Norte:OTHER_CEREAL_PRODUCTS,All surveyed individuals,PROVINCE_HUC,Davao Region,71,Davao del Norte,PROVINCE_OR_HUC,OTHER_CEREAL_PRODUCTS,epwt_fg4,Other Cereal Products,3,58.992907,41.090169,2363,774517.564,0.924904,2019
PROVINCE_HUC:Davao Region:Davao del Norte:SUGAR_SYRUPS,All surveyed individuals,PROVINCE_HUC,Davao Region,71,Davao del Norte,PROVINCE_OR_HUC,SUGAR_SYRUPS,epwt_fg6,Sugar and Syrups,4,49.077424,63.72177,2363,774517.564,1.803012,2019
PROVINCE_HUC:Davao Region:Davao del Norte:MEAT_PRODUCTS,All surveyed individuals,PROVINCE_HUC,Davao Region,71,Davao del Norte,PROVINCE_OR_HUC,MEAT_PRODUCTS,epwt_fg16,Meat and Meat Products,5,46.061467,48.541496,2363,774517.564,1.211719,2019
PROVINCE_HUC:Davao Region:Davao del Norte:OTHER_VEGETABLES,All surveyed individuals,PROVINCE_HUC,Davao Region,71,Davao del Norte,PROVINCE_OR_HUC,OTHER_VEGETABLES,epwt_fg10,Other Vegetables,6,47.744336,33.021721,2363,774517.564,1.166579,2019
PROVINCE_HUC:Davao Region:Davao del Norte:BEVERAGES,All surveyed individuals,PROVINCE_HUC,Davao Region,71,Davao del Norte,PROVINCE_OR_HUC,BEVERAGES,epwt_fg25,Beverages,7,45.738621,31.410849,2363,774517.564,1.219193,2019
PROVINCE_HUC:Davao Region:Davao del Norte:GREEN_LEAFY_YELLOW_VEGETABLES,All surveyed individuals,PROVINCE_HUC,Davao Region,71,Davao del Norte,PROVINCE_OR_HUC,GREEN_LEAFY_YELLOW_VEGETABLES,epwt_fg9,Green Leafy and Yellow Vegetables,8,51.384402,20.939152,2363,774517.564,1.441971,2019
PROVINCE_HUC:Davao Region:Davao del Norte:FATS_OILS,All surveyed individuals,PROVINCE_HUC,Davao Region,71,Davao del Norte,PROVINCE_OR_HUC,FATS_OILS,epwt_fg23,Fats and Oils,9,64.00921,4.456672,2363,774517.564,0.827668,2019
PROVINCE_HUC:Davao Region:Davao del Norte:EGGS,All surveyed individuals,PROVINCE_HUC,Davao Region,71,Davao del Norte,PROVINCE_OR_HUC,EGGS,epwt_fg18,Eggs,10,30.008259,14.586449,2363,774517.564,1.077638,2019
PROVINCE_HUC:Davao Region:Davao del Norte:POULTRY,All surveyed individuals,PROVINCE_HUC,Davao Region,71,Davao del Norte,PROVINCE_OR_HUC,POULTRY,epwt_fg17,Poultry,11,22.656765,18.508803,2363,774517.564,0.917927,2019
PROVINCE_HUC:Davao Region:Davao del Norte:WHOLE_MILK,All surveyed individuals,PROVINCE_HUC,Davao Region,71,Davao del Norte,PROVINCE_OR_HUC,WHOLE_MILK,epwt_fg20,Whole Milk,12,25.54574,11.537462,2363,774517.564,1.201641,2019
PROVINCE_HUC:Davao Region:Davao del Norte:OTHER_FRUITS,All surveyed individuals,PROVINCE_HUC,Davao Region,71,Davao del Norte,PROVINCE_OR_HUC,OTHER_FRUITS,epwt_fg13,Other Fruits,13,14.396959,17.468256,2363,774517.564,1.213236,2019
PROVINCE_HUC:Davao Region:Davao del Norte:DRIED_BEANS,All surveyed individuals,PROVINCE_HUC,Davao Region,71,Davao del Norte,PROVINCE_OR_HUC,DRIED_BEANS,epwt_fg7,Dried Beans,14,22.171123,3.705899,2363,774517.564,0.697882,2019
PROVINCE_HUC:Davao Region:Davao del Norte:CORN_PRODUCTS,All surveyed individuals,PROVINCE_HUC,Davao Region,71,Davao del Norte,PROVINCE_OR_HUC,CORN_PRODUCTS,epwt_fg3,Corn and Products,15,11.217023,15.485801,2363,774517.564,1.974317,2019
PROVINCE_HUC:Davao Region:Davao del Norte:CONDIMENTS_SPICES,All surveyed individuals,PROVINCE_HUC,Davao Region,71,Davao del Norte,PROVINCE_OR_HUC,CONDIMENTS_SPICES,epwt_fg26,Condiments and Spices,16,24.262291,2.24547,2363,774517.564,1.284372,2019
PROVINCE_HUC:Davao Region:Davao del Norte:STARCHY_ROOTS_TUBERS,All surveyed individuals,PROVINCE_HUC,Davao Region,71,Davao del Norte,PROVINCE_OR_HUC,STARCHY_ROOTS_TUBERS,epwt_fg5,Starchy Roots and Tubers,17,10.263433,6.343611,2363,774517.564,1.072056,2019
PROVINCE_HUC:Davao Region:Davao del Norte:OTHER_MISCELLANEOUS,All surveyed individuals,PROVINCE_HUC,Davao Region,71,Davao del Norte,PROVINCE_OR_HUC,OTHER_MISCELLANEOUS,epwt_fg27,Other Miscellaneous,18,5.012147,3.111221,2363,774517.564,1.524552,2019
PROVINCE_HUC:Davao Region:Davao del Norte:VITAMIN_C_RICH_FRUITS,All surveyed individuals,PROVINCE_HUC,Davao Region,71,Davao del Norte,PROVINCE_OR_HUC,VITAMIN_C_RICH_FRUITS,epwt_fg12,Vitamin C-Rich Fruits,19,3.542072,2.331504,2363,774517.564,0.912293,2019
PROVINCE_HUC:Davao Region:Davao del Norte:MILK_PRODUCTS,All surveyed individuals,PROVINCE_HUC,Davao Region,71,Davao del Norte,PROVINCE_OR_HUC,MILK_PRODUCTS,epwt_fg21,Milk Products,20,3.148569,2.051081,2363,774517.564,0.869261,2019
PROVINCE_HUC:Davao Region:Davao del Sur:RICE_PRODUCTS,All surveyed individuals,PROVINCE_HUC,Davao Region,73,Davao del Sur,PROVINCE_OR_HUC,RICE_PRODUCTS,epwt_fg2,Rice and Products,1,89.972931,210.309625,2192,525098.103,0.958653,2021
PROVINCE_HUC:Davao Region:Davao del Sur:FISH_PRODUCTS,All surveyed individuals,PROVINCE_HUC,Davao Region,73,Davao del Sur,PROVINCE_OR_HUC,FISH_PRODUCTS,epwt_fg15,Fish and Fish Products,2,74.224997,44.989386,2192,525098.103,1.033319,2021
PROVINCE_HUC:Davao Region:Davao del Sur:GREEN_LEAFY_YELLOW_VEGETABLES,All surveyed individuals,PROVINCE_HUC,Davao Region,73,Davao del Sur,PROVINCE_OR_HUC,GREEN_LEAFY_YELLOW_VEGETABLES,epwt_fg9,Green Leafy and Yellow Vegetables,3,60.542791,22.893538,2192,525098.103,1.576559,2021
PROVINCE_HUC:Davao Region:Davao del Sur:OTHER_VEGETABLES,All surveyed individuals,PROVINCE_HUC,Davao Region,73,Davao del Sur,PROVINCE_OR_HUC,OTHER_VEGETABLES,epwt_fg10,Other Vegetables,4,47.629057,29.824532,2192,525098.103,1.05363,2021
PROVINCE_HUC:Davao Region:Davao del Sur:OTHER_CEREAL_PRODUCTS,All surveyed individuals,PROVINCE_HUC,Davao Region,73,Davao del Sur,PROVINCE_OR_HUC,OTHER_CEREAL_PRODUCTS,epwt_fg4,Other Cereal Products,5,47.865732,29.132165,2192,525098.103,0.65574,2021
PROVINCE_HUC:Davao Region:Davao del Sur:SUGAR_SYRUPS,All surveyed individuals,PROVINCE_HUC,Davao Region,73,Davao del Sur,PROVINCE_OR_HUC,SUGAR_SYRUPS,epwt_fg6,Sugar and Syrups,6,46.865148,29.940313,2192,525098.103,0.847163,2021
PROVINCE_HUC:Davao Region:Davao del Sur:BEVERAGES,All surveyed individuals,PROVINCE_HUC,Davao Region,73,Davao del Sur,PROVINCE_OR_HUC,BEVERAGES,epwt_fg25,Beverages,7,45.696239,11.782402,2192,525098.103,0.457327,2021
PROVINCE_HUC:Davao Region:Davao del Sur:FATS_OILS,All surveyed individuals,PROVINCE_HUC,Davao Region,73,Davao del Sur,PROVINCE_OR_HUC,FATS_OILS,epwt_fg23,Fats and Oils,8,63.752862,3.757786,2192,525098.103,0.697874,2021
PROVINCE_HUC:Davao Region:Davao del Sur:EGGS,All surveyed individuals,PROVINCE_HUC,Davao Region,73,Davao del Sur,PROVINCE_OR_HUC,EGGS,epwt_fg18,Eggs,9,31.059178,13.156037,2192,525098.103,0.97196,2021
PROVINCE_HUC:Davao Region:Davao del Sur:MEAT_PRODUCTS,All surveyed individuals,PROVINCE_HUC,Davao Region,73,Davao del Sur,PROVINCE_OR_HUC,MEAT_PRODUCTS,epwt_fg16,Meat and Meat Products,10,24.905759,20.029186,2192,525098.103,0.499979,2021
PROVINCE_HUC:Davao Region:Davao del Sur:OTHER_FRUITS,All surveyed individuals,PROVINCE_HUC,Davao Region,73,Davao del Sur,PROVINCE_OR_HUC,OTHER_FRUITS,epwt_fg13,Other Fruits,11,17.549693,24.373762,2192,525098.103,1.692849,2021
PROVINCE_HUC:Davao Region:Davao del Sur:POULTRY,All surveyed individuals,PROVINCE_HUC,Davao Region,73,Davao del Sur,PROVINCE_OR_HUC,POULTRY,epwt_fg17,Poultry,12,19.940545,15.838107,2192,525098.103,0.785476,2021
PROVINCE_HUC:Davao Region:Davao del Sur:DRIED_BEANS,All surveyed individuals,PROVINCE_HUC,Davao Region,73,Davao del Sur,PROVINCE_OR_HUC,DRIED_BEANS,epwt_fg7,Dried Beans,13,27.466501,3.526803,2192,525098.103,0.664155,2021
PROVINCE_HUC:Davao Region:Davao del Sur:CONDIMENTS_SPICES,All surveyed individuals,PROVINCE_HUC,Davao Region,73,Davao del Sur,PROVINCE_OR_HUC,CONDIMENTS_SPICES,epwt_fg26,Condiments and Spices,14,32.586815,2.193259,2192,525098.103,1.254508,2021
PROVINCE_HUC:Davao Region:Davao del Sur:WHOLE_MILK,All surveyed individuals,PROVINCE_HUC,Davao Region,73,Davao del Sur,PROVINCE_OR_HUC,WHOLE_MILK,epwt_fg20,Whole Milk,15,18.503569,6.461824,2192,525098.103,0.673007,2021
PROVINCE_HUC:Davao Region:Davao del Sur:CORN_PRODUCTS,All surveyed individuals,PROVINCE_HUC,Davao Region,73,Davao del Sur,PROVINCE_OR_HUC,CORN_PRODUCTS,epwt_fg3,Corn and Products,16,12.723309,16.268346,2192,525098.103,2.074086,2021
PROVINCE_HUC:Davao Region:Davao del Sur:STARCHY_ROOTS_TUBERS,All surveyed individuals,PROVINCE_HUC,Davao Region,73,Davao del Sur,PROVINCE_OR_HUC,STARCHY_ROOTS_TUBERS,epwt_fg5,Starchy Roots and Tubers,17,10.402535,7.301519,2192,525098.103,1.23394,2021
PROVINCE_HUC:Davao Region:Davao del Sur:VITAMIN_C_RICH_FRUITS,All surveyed individuals,PROVINCE_HUC,Davao Region,73,Davao del Sur,PROVINCE_OR_HUC,VITAMIN_C_RICH_FRUITS,epwt_fg12,Vitamin C-Rich Fruits,18,3.193595,2.16491,2192,525098.103,0.847106,2021
PROVINCE_HUC:Davao Region:Davao del Sur:OTHER_MISCELLANEOUS,All surveyed individuals,PROVINCE_HUC,Davao Region,73,Davao del Sur,PROVINCE_OR_HUC,OTHER_MISCELLANEOUS,epwt_fg27,Other Miscellaneous,19,3.203596,0.46769,2192,525098.103,0.229176,2021
PROVINCE_HUC:Davao Region:Davao del Sur:MILK_PRODUCTS,All surveyed individuals,PROVINCE_HUC,Davao Region,73,Davao del Sur,PROVINCE_OR_HUC,MILK_PRODUCTS,epwt_fg21,Milk Products,20,1.012757,0.34203,2192,525098.103,0.144955,2021
PROVINCE_HUC:Davao Region:Davao Occidental:RICE_PRODUCTS,All surveyed individuals,PROVINCE_HUC,Davao Region,76,Davao Occidental,PROVINCE_OR_HUC,RICE_PRODUCTS,epwt_fg2,Rice and Products,1,88.269837,217.77859,2556,240487.155,0.992698,2018
PROVINCE_HUC:Davao Region:Davao Occidental:FISH_PRODUCTS,All surveyed individuals,PROVINCE_HUC,Davao Region,76,Davao Occidental,PROVINCE_OR_HUC,FISH_PRODUCTS,epwt_fg15,Fish and Fish Products,2,78.332712,62.915931,2556,240487.155,1.445057,2018
PROVINCE_HUC:Davao Region:Davao Occidental:GREEN_LEAFY_YELLOW_VEGETABLES,All surveyed individuals,PROVINCE_HUC,Davao Region,76,Davao Occidental,PROVINCE_OR_HUC,GREEN_LEAFY_YELLOW_VEGETABLES,epwt_fg9,Green Leafy and Yellow Vegetables,3,65.914937,27.968066,2556,240487.155,1.926016,2018
PROVINCE_HUC:Davao Region:Davao Occidental:OTHER_VEGETABLES,All surveyed individuals,PROVINCE_HUC,Davao Region,76,Davao Occidental,PROVINCE_OR_HUC,OTHER_VEGETABLES,epwt_fg10,Other Vegetables,4,50.122575,40.432286,2556,240487.155,1.428377,2018
PROVINCE_HUC:Davao Region:Davao Occidental:SUGAR_SYRUPS,All surveyed individuals,PROVINCE_HUC,Davao Region,76,Davao Occidental,PROVINCE_OR_HUC,SUGAR_SYRUPS,epwt_fg6,Sugar and Syrups,5,53.999928,24.200203,2556,240487.155,0.684746,2018
PROVINCE_HUC:Davao Region:Davao Occidental:BEVERAGES,All surveyed individuals,PROVINCE_HUC,Davao Region,76,Davao Occidental,PROVINCE_OR_HUC,BEVERAGES,epwt_fg25,Beverages,6,60.931639,15.723682,2556,240487.155,0.610305,2018
PROVINCE_HUC:Davao Region:Davao Occidental:OTHER_CEREAL_PRODUCTS,All surveyed individuals,PROVINCE_HUC,Davao Region,76,Davao Occidental,PROVINCE_OR_HUC,OTHER_CEREAL_PRODUCTS,epwt_fg4,Other Cereal Products,7,50.073891,26.615408,2556,240487.155,0.59909,2018
PROVINCE_HUC:Davao Region:Davao Occidental:FATS_OILS,All surveyed individuals,PROVINCE_HUC,Davao Region,76,Davao Occidental,PROVINCE_OR_HUC,FATS_OILS,epwt_fg23,Fats and Oils,8,58.196825,5.881044,2556,240487.155,1.092194,2018
PROVINCE_HUC:Davao Region:Davao Occidental:OTHER_FRUITS,All surveyed individuals,PROVINCE_HUC,Davao Region,76,Davao Occidental,PROVINCE_OR_HUC,OTHER_FRUITS,epwt_fg13,Other Fruits,9,24.013337,39.12564,2556,240487.155,2.717422,2018
PROVINCE_HUC:Davao Region:Davao Occidental:CORN_PRODUCTS,All surveyed individuals,PROVINCE_HUC,Davao Region,76,Davao Occidental,PROVINCE_OR_HUC,CORN_PRODUCTS,epwt_fg3,Corn and Products,10,16.25668,24.114218,2556,240487.155,3.074373,2018
PROVINCE_HUC:Davao Region:Davao Occidental:EGGS,All surveyed individuals,PROVINCE_HUC,Davao Region,76,Davao Occidental,PROVINCE_OR_HUC,EGGS,epwt_fg18,Eggs,11,20.554913,8.028932,2556,240487.155,0.593172,2018
PROVINCE_HUC:Davao Region:Davao Occidental:MEAT_PRODUCTS,All surveyed individuals,PROVINCE_HUC,Davao Region,76,Davao Occidental,PROVINCE_OR_HUC,MEAT_PRODUCTS,epwt_fg16,Meat and Meat Products,12,15.503026,14.910955,2556,240487.155,0.372215,2018
PROVINCE_HUC:Davao Region:Davao Occidental:STARCHY_ROOTS_TUBERS,All surveyed individuals,PROVINCE_HUC,Davao Region,76,Davao Occidental,PROVINCE_OR_HUC,STARCHY_ROOTS_TUBERS,epwt_fg5,Starchy Roots and Tubers,13,12.697915,17.403962,2556,240487.155,2.941229,2018
PROVINCE_HUC:Davao Region:Davao Occidental:DRIED_BEANS,All surveyed individuals,PROVINCE_HUC,Davao Region,76,Davao Occidental,PROVINCE_OR_HUC,DRIED_BEANS,epwt_fg7,Dried Beans,14,17.870008,3.071443,2556,240487.155,0.578403,2018
PROVINCE_HUC:Davao Region:Davao Occidental:POULTRY,All surveyed individuals,PROVINCE_HUC,Davao Region,76,Davao Occidental,PROVINCE_OR_HUC,POULTRY,epwt_fg17,Poultry,15,10.358946,9.330741,2556,240487.155,0.462749,2018
PROVINCE_HUC:Davao Region:Davao Occidental:WHOLE_MILK,All surveyed individuals,PROVINCE_HUC,Davao Region,76,Davao Occidental,PROVINCE_OR_HUC,WHOLE_MILK,epwt_fg20,Whole Milk,16,12.213225,5.10554,2556,240487.155,0.531748,2018
PROVINCE_HUC:Davao Region:Davao Occidental:CONDIMENTS_SPICES,All surveyed individuals,PROVINCE_HUC,Davao Region,76,Davao Occidental,PROVINCE_OR_HUC,CONDIMENTS_SPICES,epwt_fg26,Condiments and Spices,17,16.80062,1.775623,2556,240487.155,1.015627,2018
PROVINCE_HUC:Davao Region:Davao Occidental:OTHER_MISCELLANEOUS,All surveyed individuals,PROVINCE_HUC,Davao Region,76,Davao Occidental,PROVINCE_OR_HUC,OTHER_MISCELLANEOUS,epwt_fg27,Other Miscellaneous,18,2.209621,1.579414,2556,240487.155,0.77394,2018
PROVINCE_HUC:Davao Region:Davao Occidental:VITAMIN_C_RICH_FRUITS,All surveyed individuals,PROVINCE_HUC,Davao Region,76,Davao Occidental,PROVINCE_OR_HUC,VITAMIN_C_RICH_FRUITS,epwt_fg12,Vitamin C-Rich Fruits,19,2.31524,1.454364,2556,240487.155,0.569077,2018
PROVINCE_HUC:Davao Region:Davao Occidental:MILK_PRODUCTS,All surveyed individuals,PROVINCE_HUC,Davao Region,76,Davao Occidental,PROVINCE_OR_HUC,MILK_PRODUCTS,epwt_fg21,Milk Products,20,0.238425,0.348828,2556,240487.155,0.147835,2018
PROVINCE_HUC:Davao Region:Davao Oriental:RICE_PRODUCTS,All surveyed individuals,PROVINCE_HUC,Davao Region,74,Davao Oriental,PROVINCE_OR_HUC,RICE_PRODUCTS,epwt_fg2,Rice and Products,1,85.700606,228.222404,2520,424582.425,1.040304,2019
PROVINCE_HUC:Davao Region:Davao Oriental:FISH_PRODUCTS,All surveyed individuals,PROVINCE_HUC,Davao Region,74,Davao Oriental,PROVINCE_OR_HUC,FISH_PRODUCTS,epwt_fg15,Fish and Fish Products,2,71.639348,50.894002,2520,424582.425,1.168937,2019
PROVINCE_HUC:Davao Region:Davao Oriental:OTHER_CEREAL_PRODUCTS,All surveyed individuals,PROVINCE_HUC,Davao Region,74,Davao Oriental,PROVINCE_OR_HUC,OTHER_CEREAL_PRODUCTS,epwt_fg4,Other Cereal Products,3,55.133352,32.586124,2520,424582.425,0.733485,2019
PROVINCE_HUC:Davao Region:Davao Oriental:OTHER_VEGETABLES,All surveyed individuals,PROVINCE_HUC,Davao Region,74,Davao Oriental,PROVINCE_OR_HUC,OTHER_VEGETABLES,epwt_fg10,Other Vegetables,4,48.78824,34.437765,2520,424582.425,1.216604,2019
PROVINCE_HUC:Davao Region:Davao Oriental:GREEN_LEAFY_YELLOW_VEGETABLES,All surveyed individuals,PROVINCE_HUC,Davao Region,74,Davao Oriental,PROVINCE_OR_HUC,GREEN_LEAFY_YELLOW_VEGETABLES,epwt_fg9,Green Leafy and Yellow Vegetables,5,53.106465,21.387194,2520,424582.425,1.472825,2019
PROVINCE_HUC:Davao Region:Davao Oriental:BEVERAGES,All surveyed individuals,PROVINCE_HUC,Davao Region,74,Davao Oriental,PROVINCE_OR_HUC,BEVERAGES,epwt_fg25,Beverages,6,53.047371,20.260566,2520,424582.425,0.786402,2019
PROVINCE_HUC:Davao Region:Davao Oriental:SUGAR_SYRUPS,All surveyed individuals,PROVINCE_HUC,Davao Region,74,Davao Oriental,PROVINCE_OR_HUC,SUGAR_SYRUPS,epwt_fg6,Sugar and Syrups,7,46.805573,25.429962,2520,424582.425,0.719542,2019
PROVINCE_HUC:Davao Region:Davao Oriental:MEAT_PRODUCTS,All surveyed individuals,PROVINCE_HUC,Davao Region,74,Davao Oriental,PROVINCE_OR_HUC,MEAT_PRODUCTS,epwt_fg16,Meat and Meat Products,8,29.167934,28.685392,2520,424582.425,0.71606,2019
PROVINCE_HUC:Davao Region:Davao Oriental:FATS_OILS,All surveyed individuals,PROVINCE_HUC,Davao Region,74,Davao Oriental,PROVINCE_OR_HUC,FATS_OILS,epwt_fg23,Fats and Oils,9,54.956621,3.188365,2520,424582.425,0.592125,2019
PROVINCE_HUC:Davao Region:Davao Oriental:EGGS,All surveyed individuals,PROVINCE_HUC,Davao Region,74,Davao Oriental,PROVINCE_OR_HUC,EGGS,epwt_fg18,Eggs,10,27.670557,11.846091,2520,424582.425,0.875182,2019
PROVINCE_HUC:Davao Region:Davao Oriental:CORN_PRODUCTS,All surveyed individuals,PROVINCE_HUC,Davao Region,74,Davao Oriental,PROVINCE_OR_HUC,CORN_PRODUCTS,epwt_fg3,Corn and Products,11,19.715322,30.219288,2520,424582.425,3.852721,2019
PROVINCE_HUC:Davao Region:Davao Oriental:OTHER_FRUITS,All surveyed individuals,PROVINCE_HUC,Davao Region,74,Davao Oriental,PROVINCE_OR_HUC,OTHER_FRUITS,epwt_fg13,Other Fruits,12,19.851973,27.62504,2520,424582.425,1.918662,2019
PROVINCE_HUC:Davao Region:Davao Oriental:WHOLE_MILK,All surveyed individuals,PROVINCE_HUC,Davao Region,74,Davao Oriental,PROVINCE_OR_HUC,WHOLE_MILK,epwt_fg20,Whole Milk,13,22.084759,7.917371,2520,424582.425,0.824604,2019
PROVINCE_HUC:Davao Region:Davao Oriental:POULTRY,All surveyed individuals,PROVINCE_HUC,Davao Region,74,Davao Oriental,PROVINCE_OR_HUC,POULTRY,epwt_fg17,Poultry,14,16.65043,12.306877,2520,424582.425,0.610348,2019
PROVINCE_HUC:Davao Region:Davao Oriental:DRIED_BEANS,All surveyed individuals,PROVINCE_HUC,Davao Region,74,Davao Oriental,PROVINCE_OR_HUC,DRIED_BEANS,epwt_fg7,Dried Beans,15,22.176844,3.373679,2520,424582.425,0.635319,2019
PROVINCE_HUC:Davao Region:Davao Oriental:CONDIMENTS_SPICES,All surveyed individuals,PROVINCE_HUC,Davao Region,74,Davao Oriental,PROVINCE_OR_HUC,CONDIMENTS_SPICES,epwt_fg26,Condiments and Spices,16,21.694712,1.835928,2520,424582.425,1.050121,2019
PROVINCE_HUC:Davao Region:Davao Oriental:STARCHY_ROOTS_TUBERS,All surveyed individuals,PROVINCE_HUC,Davao Region,74,Davao Oriental,PROVINCE_OR_HUC,STARCHY_ROOTS_TUBERS,epwt_fg5,Starchy Roots and Tubers,17,5.33469,4.055809,2520,424582.425,0.685422,2019
PROVINCE_HUC:Davao Region:Davao Oriental:VITAMIN_C_RICH_FRUITS,All surveyed individuals,PROVINCE_HUC,Davao Region,74,Davao Oriental,PROVINCE_OR_HUC,VITAMIN_C_RICH_FRUITS,epwt_fg12,Vitamin C-Rich Fruits,18,2.78839,2.614327,2520,424582.425,1.022958,2019
PROVINCE_HUC:Davao Region:Davao Oriental:OTHER_MISCELLANEOUS,All surveyed individuals,PROVINCE_HUC,Davao Region,74,Davao Oriental,PROVINCE_OR_HUC,OTHER_MISCELLANEOUS,epwt_fg27,Other Miscellaneous,19,4.364476,1.179638,2520,424582.425,0.578043,2019
PROVINCE_HUC:Davao Region:Davao Oriental:MILK_PRODUCTS,All surveyed individuals,PROVINCE_HUC,Davao Region,74,Davao Oriental,PROVINCE_OR_HUC,MILK_PRODUCTS,epwt_fg21,Milk Products,20,0.983621,0.643599,2520,424582.425,0.272761,2019
PROVINCE_HUC:Eastern Visayas:Biliran:RICE_PRODUCTS,All surveyed individuals,PROVINCE_HUC,Eastern Visayas,58,Biliran,PROVINCE_OR_HUC,RICE_PRODUCTS,epwt_fg2,Rice and Products,1,99.60282,254.734546,2614,140272.967,1.161154,2019
PROVINCE_HUC:Eastern Visayas:Biliran:FISH_PRODUCTS,All surveyed individuals,PROVINCE_HUC,Eastern Visayas,58,Biliran,PROVINCE_OR_HUC,FISH_PRODUCTS,epwt_fg15,Fish and Fish Products,2,77.840239,62.029609,2614,140272.967,1.4247,2019
PROVINCE_HUC:Eastern Visayas:Biliran:OTHER_CEREAL_PRODUCTS,All surveyed individuals,PROVINCE_HUC,Eastern Visayas,58,Biliran,PROVINCE_OR_HUC,OTHER_CEREAL_PRODUCTS,epwt_fg4,Other Cereal Products,3,64.30436,49.112618,2614,140272.967,1.105482,2019
PROVINCE_HUC:Eastern Visayas:Biliran:BEVERAGES,All surveyed individuals,PROVINCE_HUC,Eastern Visayas,58,Biliran,PROVINCE_OR_HUC,BEVERAGES,epwt_fg25,Beverages,4,53.984169,29.541998,2614,140272.967,1.146655,2019
PROVINCE_HUC:Eastern Visayas:Biliran:SUGAR_SYRUPS,All surveyed individuals,PROVINCE_HUC,Eastern Visayas,58,Biliran,PROVINCE_OR_HUC,SUGAR_SYRUPS,epwt_fg6,Sugar and Syrups,5,44.092446,26.358656,2614,140272.967,0.74582,2019
PROVINCE_HUC:Eastern Visayas:Biliran:MEAT_PRODUCTS,All surveyed individuals,PROVINCE_HUC,Eastern Visayas,58,Biliran,PROVINCE_OR_HUC,MEAT_PRODUCTS,epwt_fg16,Meat and Meat Products,6,32.393605,30.425563,2614,140272.967,0.759499,2019
PROVINCE_HUC:Eastern Visayas:Biliran:FATS_OILS,All surveyed individuals,PROVINCE_HUC,Eastern Visayas,58,Biliran,PROVINCE_OR_HUC,FATS_OILS,epwt_fg23,Fats and Oils,7,60.757505,4.642272,2614,140272.967,0.862136,2019
PROVINCE_HUC:Eastern Visayas:Biliran:GREEN_LEAFY_YELLOW_VEGETABLES,All surveyed individuals,PROVINCE_HUC,Eastern Visayas,58,Biliran,PROVINCE_OR_HUC,GREEN_LEAFY_YELLOW_VEGETABLES,epwt_fg9,Green Leafy and Yellow Vegetables,8,39.340094,12.280196,2614,140272.967,0.845673,2019
PROVINCE_HUC:Eastern Visayas:Biliran:OTHER_VEGETABLES,All surveyed individuals,PROVINCE_HUC,Eastern Visayas,58,Biliran,PROVINCE_OR_HUC,OTHER_VEGETABLES,epwt_fg10,Other Vegetables,9,30.831428,17.142629,2614,140272.967,0.605608,2019
PROVINCE_HUC:Eastern Visayas:Biliran:WHOLE_MILK,All surveyed individuals,PROVINCE_HUC,Eastern Visayas,58,Biliran,PROVINCE_OR_HUC,WHOLE_MILK,epwt_fg20,Whole Milk,10,22.509978,9.751918,2614,140272.967,1.015674,2019
PROVINCE_HUC:Eastern Visayas:Biliran:POULTRY,All surveyed individuals,PROVINCE_HUC,Eastern Visayas,58,Biliran,PROVINCE_OR_HUC,POULTRY,epwt_fg17,Poultry,11,18.704733,14.112862,2614,140272.967,0.699914,2019
PROVINCE_HUC:Eastern Visayas:Biliran:EGGS,All surveyed individuals,PROVINCE_HUC,Eastern Visayas,58,Biliran,PROVINCE_OR_HUC,EGGS,epwt_fg18,Eggs,12,18.072812,7.049166,2614,140272.967,0.520788,2019
PROVINCE_HUC:Eastern Visayas:Biliran:CONDIMENTS_SPICES,All surveyed individuals,PROVINCE_HUC,Eastern Visayas,58,Biliran,PROVINCE_OR_HUC,CONDIMENTS_SPICES,epwt_fg26,Condiments and Spices,13,26.996421,1.940239,2614,140272.967,1.109785,2019
PROVINCE_HUC:Eastern Visayas:Biliran:OTHER_FRUITS,All surveyed individuals,PROVINCE_HUC,Eastern Visayas,58,Biliran,PROVINCE_OR_HUC,OTHER_FRUITS,epwt_fg13,Other Fruits,14,9.540232,12.511043,2614,140272.967,0.868939,2019
PROVINCE_HUC:Eastern Visayas:Biliran:DRIED_BEANS,All surveyed individuals,PROVINCE_HUC,Eastern Visayas,58,Biliran,PROVINCE_OR_HUC,DRIED_BEANS,epwt_fg7,Dried Beans,15,17.09925,2.373133,2614,140272.967,0.4469,2019
PROVINCE_HUC:Eastern Visayas:Biliran:VITAMIN_C_RICH_FRUITS,All surveyed individuals,PROVINCE_HUC,Eastern Visayas,58,Biliran,PROVINCE_OR_HUC,VITAMIN_C_RICH_FRUITS,epwt_fg12,Vitamin C-Rich Fruits,16,4.319266,4.573558,2614,140272.967,1.789584,2019
PROVINCE_HUC:Eastern Visayas:Biliran:STARCHY_ROOTS_TUBERS,All surveyed individuals,PROVINCE_HUC,Eastern Visayas,58,Biliran,PROVINCE_OR_HUC,STARCHY_ROOTS_TUBERS,epwt_fg5,Starchy Roots and Tubers,17,4.923938,2.637358,2614,140272.967,0.445707,2019
PROVINCE_HUC:Eastern Visayas:Biliran:OTHER_MISCELLANEOUS,All surveyed individuals,PROVINCE_HUC,Eastern Visayas,58,Biliran,PROVINCE_OR_HUC,OTHER_MISCELLANEOUS,epwt_fg27,Other Miscellaneous,18,4.173054,1.348718,2614,140272.967,0.660895,2019
PROVINCE_HUC:Eastern Visayas:Biliran:CORN_PRODUCTS,All surveyed individuals,PROVINCE_HUC,Eastern Visayas,58,Biliran,PROVINCE_OR_HUC,CORN_PRODUCTS,epwt_fg3,Corn and Products,19,3.213186,1.684234,2614,140272.967,0.214727,2019
PROVINCE_HUC:Eastern Visayas:Biliran:MILK_PRODUCTS,All surveyed individuals,PROVINCE_HUC,Eastern Visayas,58,Biliran,PROVINCE_OR_HUC,MILK_PRODUCTS,epwt_fg21,Milk Products,20,2.276278,1.448216,2614,140272.967,0.613763,2019
PROVINCE_HUC:Eastern Visayas:Eastern Samar:RICE_PRODUCTS,All surveyed individuals,PROVINCE_HUC,Eastern Visayas,52,Eastern Samar,PROVINCE_OR_HUC,RICE_PRODUCTS,epwt_fg2,Rice and Products,1,99.022771,290.47333,2966,410351.329,1.324062,2018
PROVINCE_HUC:Eastern Visayas:Eastern Samar:FISH_PRODUCTS,All surveyed individuals,PROVINCE_HUC,Eastern Visayas,52,Eastern Samar,PROVINCE_OR_HUC,FISH_PRODUCTS,epwt_fg15,Fish and Fish Products,2,75.805407,59.597752,2966,410351.329,1.368845,2018
PROVINCE_HUC:Eastern Visayas:Eastern Samar:OTHER_CEREAL_PRODUCTS,All surveyed individuals,PROVINCE_HUC,Eastern Visayas,52,Eastern Samar,PROVINCE_OR_HUC,OTHER_CEREAL_PRODUCTS,epwt_fg4,Other Cereal Products,3,64.253194,58.995951,2966,410351.329,1.327948,2018
PROVINCE_HUC:Eastern Visayas:Eastern Samar:BEVERAGES,All surveyed individuals,PROVINCE_HUC,Eastern Visayas,52,Eastern Samar,PROVINCE_OR_HUC,BEVERAGES,epwt_fg25,Beverages,4,54.177265,21.303797,2966,410351.329,0.826894,2018
PROVINCE_HUC:Eastern Visayas:Eastern Samar:FATS_OILS,All surveyed individuals,PROVINCE_HUC,Eastern Visayas,52,Eastern Samar,PROVINCE_OR_HUC,FATS_OILS,epwt_fg23,Fats and Oils,5,66.60603,6.18359,2966,410351.329,1.148381,2018
PROVINCE_HUC:Eastern Visayas:Eastern Samar:MEAT_PRODUCTS,All surveyed individuals,PROVINCE_HUC,Eastern Visayas,52,Eastern Samar,PROVINCE_OR_HUC,MEAT_PRODUCTS,epwt_fg16,Meat and Meat Products,6,32.476038,31.188424,2966,410351.329,0.778542,2018
PROVINCE_HUC:Eastern Visayas:Eastern Samar:SUGAR_SYRUPS,All surveyed individuals,PROVINCE_HUC,Eastern Visayas,52,Eastern Samar,PROVINCE_OR_HUC,SUGAR_SYRUPS,epwt_fg6,Sugar and Syrups,7,34.048281,25.884803,2966,410351.329,0.732412,2018
PROVINCE_HUC:Eastern Visayas:Eastern Samar:GREEN_LEAFY_YELLOW_VEGETABLES,All surveyed individuals,PROVINCE_HUC,Eastern Visayas,52,Eastern Samar,PROVINCE_OR_HUC,GREEN_LEAFY_YELLOW_VEGETABLES,epwt_fg9,Green Leafy and Yellow Vegetables,8,29.894784,10.546344,2966,410351.329,0.726272,2018
PROVINCE_HUC:Eastern Visayas:Eastern Samar:OTHER_VEGETABLES,All surveyed individuals,PROVINCE_HUC,Eastern Visayas,52,Eastern Samar,PROVINCE_OR_HUC,OTHER_VEGETABLES,epwt_fg10,Other Vegetables,9,24.345014,13.431156,2966,410351.329,0.474491,2018
PROVINCE_HUC:Eastern Visayas:Eastern Samar:EGGS,All surveyed individuals,PROVINCE_HUC,Eastern Visayas,52,Eastern Samar,PROVINCE_OR_HUC,EGGS,epwt_fg18,Eggs,10,16.126303,6.856429,2966,410351.329,0.506549,2018
PROVINCE_HUC:Eastern Visayas:Eastern Samar:POULTRY,All surveyed individuals,PROVINCE_HUC,Eastern Visayas,52,Eastern Samar,PROVINCE_OR_HUC,POULTRY,epwt_fg17,Poultry,11,12.480913,10.559111,2966,410351.329,0.523669,2018
PROVINCE_HUC:Eastern Visayas:Eastern Samar:CONDIMENTS_SPICES,All surveyed individuals,PROVINCE_HUC,Eastern Visayas,52,Eastern Samar,PROVINCE_OR_HUC,CONDIMENTS_SPICES,epwt_fg26,Condiments and Spices,12,24.198626,2.084647,2966,410351.329,1.192384,2018
PROVINCE_HUC:Eastern Visayas:Eastern Samar:WHOLE_MILK,All surveyed individuals,PROVINCE_HUC,Eastern Visayas,52,Eastern Samar,PROVINCE_OR_HUC,WHOLE_MILK,epwt_fg20,Whole Milk,13,13.733337,5.468631,2966,410351.329,0.569565,2018
PROVINCE_HUC:Eastern Visayas:Eastern Samar:OTHER_FRUITS,All surveyed individuals,PROVINCE_HUC,Eastern Visayas,52,Eastern Samar,PROVINCE_OR_HUC,OTHER_FRUITS,epwt_fg13,Other Fruits,14,8.695026,12.470723,2966,410351.329,0.866138,2018
PROVINCE_HUC:Eastern Visayas:Eastern Samar:DRIED_BEANS,All surveyed individuals,PROVINCE_HUC,Eastern Visayas,52,Eastern Samar,PROVINCE_OR_HUC,DRIED_BEANS,epwt_fg7,Dried Beans,15,16.955101,2.436311,2966,410351.329,0.458797,2018
PROVINCE_HUC:Eastern Visayas:Eastern Samar:STARCHY_ROOTS_TUBERS,All surveyed individuals,PROVINCE_HUC,Eastern Visayas,52,Eastern Samar,PROVINCE_OR_HUC,STARCHY_ROOTS_TUBERS,epwt_fg5,Starchy Roots and Tubers,16,5.034076,5.377993,2966,410351.329,0.908868,2018
PROVINCE_HUC:Eastern Visayas:Eastern Samar:OTHER_MISCELLANEOUS,All surveyed individuals,PROVINCE_HUC,Eastern Visayas,52,Eastern Samar,PROVINCE_OR_HUC,OTHER_MISCELLANEOUS,epwt_fg27,Other Miscellaneous,17,4.564941,6.128668,2966,410351.329,3.003153,2018
PROVINCE_HUC:Eastern Visayas:Eastern Samar:MILK_PRODUCTS,All surveyed individuals,PROVINCE_HUC,Eastern Visayas,52,Eastern Samar,PROVINCE_OR_HUC,MILK_PRODUCTS,epwt_fg21,Milk Products,18,2.49812,0.948473,2966,410351.329,0.401969,2018
PROVINCE_HUC:Eastern Visayas:Eastern Samar:CORN_PRODUCTS,All surveyed individuals,PROVINCE_HUC,Eastern Visayas,52,Eastern Samar,PROVINCE_OR_HUC,CORN_PRODUCTS,epwt_fg3,Corn and Products,19,1.769745,0.952906,2966,410351.329,0.121488,2018
PROVINCE_HUC:Eastern Visayas:Eastern Samar:VITAMIN_C_RICH_FRUITS,All surveyed individuals,PROVINCE_HUC,Eastern Visayas,52,Eastern Samar,PROVINCE_OR_HUC,VITAMIN_C_RICH_FRUITS,epwt_fg12,Vitamin C-Rich Fruits,20,1.174434,0.975233,2966,410351.329,0.381598,2018
PROVINCE_HUC:Eastern Visayas:Leyte:RICE_PRODUCTS,All surveyed individuals,PROVINCE_HUC,Eastern Visayas,54,Leyte,PROVINCE_OR_HUC,RICE_PRODUCTS,epwt_fg2,Rice and Products,1,98.902314,260.806412,1839,992610.922,1.188832,2021
PROVINCE_HUC:Eastern Visayas:Leyte:FISH_PRODUCTS,All surveyed individuals,PROVINCE_HUC,Eastern Visayas,54,Leyte,PROVINCE_OR_HUC,FISH_PRODUCTS,epwt_fg15,Fish and Fish Products,2,83.37127,64.773801,1839,992610.922,1.487729,2021
PROVINCE_HUC:Eastern Visayas:Leyte:OTHER_CEREAL_PRODUCTS,All surveyed individuals,PROVINCE_HUC,Eastern Visayas,54,Leyte,PROVINCE_OR_HUC,OTHER_CEREAL_PRODUCTS,epwt_fg4,Other Cereal Products,3,48.644551,39.394087,1839,992610.922,0.886727,2021
PROVINCE_HUC:Eastern Visayas:Leyte:GREEN_LEAFY_YELLOW_VEGETABLES,All surveyed individuals,PROVINCE_HUC,Eastern Visayas,54,Leyte,PROVINCE_OR_HUC,GREEN_LEAFY_YELLOW_VEGETABLES,epwt_fg9,Green Leafy and Yellow Vegetables,4,46.202612,18.063797,1839,992610.922,1.24396,2021
PROVINCE_HUC:Eastern Visayas:Leyte:BEVERAGES,All surveyed individuals,PROVINCE_HUC,Eastern Visayas,54,Leyte,PROVINCE_OR_HUC,BEVERAGES,epwt_fg25,Beverages,5,43.239977,17.267752,1839,992610.922,0.670237,2021
PROVINCE_HUC:Eastern Visayas:Leyte:FATS_OILS,All surveyed individuals,PROVINCE_HUC,Eastern Visayas,54,Leyte,PROVINCE_OR_HUC,FATS_OILS,epwt_fg23,Fats and Oils,6,65.897648,4.718939,1839,992610.922,0.876374,2021
PROVINCE_HUC:Eastern Visayas:Leyte:OTHER_VEGETABLES,All surveyed individuals,PROVINCE_HUC,Eastern Visayas,54,Leyte,PROVINCE_OR_HUC,OTHER_VEGETABLES,epwt_fg10,Other Vegetables,7,30.279392,17.762561,1839,992610.922,0.627509,2021
PROVINCE_HUC:Eastern Visayas:Leyte:MEAT_PRODUCTS,All surveyed individuals,PROVINCE_HUC,Eastern Visayas,54,Leyte,PROVINCE_OR_HUC,MEAT_PRODUCTS,epwt_fg16,Meat and Meat Products,8,25.144177,23.548587,1839,992610.922,0.587833,2021
PROVINCE_HUC:Eastern Visayas:Leyte:SUGAR_SYRUPS,All surveyed individuals,PROVINCE_HUC,Eastern Visayas,54,Leyte,PROVINCE_OR_HUC,SUGAR_SYRUPS,epwt_fg6,Sugar and Syrups,9,25.524521,16.320195,1839,992610.922,0.461781,2021
PROVINCE_HUC:Eastern Visayas:Leyte:EGGS,All surveyed individuals,PROVINCE_HUC,Eastern Visayas,54,Leyte,PROVINCE_OR_HUC,EGGS,epwt_fg18,Eggs,10,26.866571,12.452572,1839,992610.922,0.919988,2021
PROVINCE_HUC:Eastern Visayas:Leyte:POULTRY,All surveyed individuals,PROVINCE_HUC,Eastern Visayas,54,Leyte,PROVINCE_OR_HUC,POULTRY,epwt_fg17,Poultry,11,20.835033,17.203351,1839,992610.922,0.853184,2021
PROVINCE_HUC:Eastern Visayas:Leyte:WHOLE_MILK,All surveyed individuals,PROVINCE_HUC,Eastern Visayas,54,Leyte,PROVINCE_OR_HUC,WHOLE_MILK,epwt_fg20,Whole Milk,12,17.679385,6.393105,1839,992610.922,0.66585,2021
PROVINCE_HUC:Eastern Visayas:Leyte:CONDIMENTS_SPICES,All surveyed individuals,PROVINCE_HUC,Eastern Visayas,54,Leyte,PROVINCE_OR_HUC,CONDIMENTS_SPICES,epwt_fg26,Condiments and Spices,13,22.139271,1.60973,1839,992610.922,0.920739,2021
PROVINCE_HUC:Eastern Visayas:Leyte:DRIED_BEANS,All surveyed individuals,PROVINCE_HUC,Eastern Visayas,54,Leyte,PROVINCE_OR_HUC,DRIED_BEANS,epwt_fg7,Dried Beans,14,14.807284,2.232258,1839,992610.922,0.420371,2021
PROVINCE_HUC:Eastern Visayas:Leyte:STARCHY_ROOTS_TUBERS,All surveyed individuals,PROVINCE_HUC,Eastern Visayas,54,Leyte,PROVINCE_OR_HUC,STARCHY_ROOTS_TUBERS,epwt_fg5,Starchy Roots and Tubers,15,5.929183,5.100606,1839,992610.922,0.861991,2021
PROVINCE_HUC:Eastern Visayas:Leyte:OTHER_FRUITS,All surveyed individuals,PROVINCE_HUC,Eastern Visayas,54,Leyte,PROVINCE_OR_HUC,OTHER_FRUITS,epwt_fg13,Other Fruits,16,4.638366,4.562725,1839,992610.922,0.316898,2021
PROVINCE_HUC:Eastern Visayas:Leyte:CORN_PRODUCTS,All surveyed individuals,PROVINCE_HUC,Eastern Visayas,54,Leyte,PROVINCE_OR_HUC,CORN_PRODUCTS,epwt_fg3,Corn and Products,17,2.218593,1.829907,1839,992610.922,0.233299,2021
PROVINCE_HUC:Eastern Visayas:Leyte:OTHER_MISCELLANEOUS,All surveyed individuals,PROVINCE_HUC,Eastern Visayas,54,Leyte,PROVINCE_OR_HUC,OTHER_MISCELLANEOUS,epwt_fg27,Other Miscellaneous,18,1.842731,0.573144,1839,992610.922,0.280851,2021
PROVINCE_HUC:Eastern Visayas:Leyte:VITAMIN_C_RICH_FRUITS,All surveyed individuals,PROVINCE_HUC,Eastern Visayas,54,Leyte,PROVINCE_OR_HUC,VITAMIN_C_RICH_FRUITS,epwt_fg12,Vitamin C-Rich Fruits,19,0.877885,0.494674,1839,992610.922,0.193561,2021
PROVINCE_HUC:Eastern Visayas:Leyte:MILK_PRODUCTS,All surveyed individuals,PROVINCE_HUC,Eastern Visayas,54,Leyte,PROVINCE_OR_HUC,MILK_PRODUCTS,epwt_fg21,Milk Products,20,1.004923,0.417835,1839,992610.922,0.177081,2021
PROVINCE_HUC:Eastern Visayas:Northern Samar:RICE_PRODUCTS,All surveyed individuals,PROVINCE_HUC,Eastern Visayas,55,Northern Samar,PROVINCE_OR_HUC,RICE_PRODUCTS,epwt_fg2,Rice and Products,1,99.255501,254.07313,3212,538386.69,1.15814,2018
PROVINCE_HUC:Eastern Visayas:Northern Samar:OTHER_CEREAL_PRODUCTS,All surveyed individuals,PROVINCE_HUC,Eastern Visayas,55,Northern Samar,PROVINCE_OR_HUC,OTHER_CEREAL_PRODUCTS,epwt_fg4,Other Cereal Products,2,66.042099,51.9535,3212,538386.69,1.169428,2018
PROVINCE_HUC:Eastern Visayas:Northern Samar:FISH_PRODUCTS,All surveyed individuals,PROVINCE_HUC,Eastern Visayas,55,Northern Samar,PROVINCE_OR_HUC,FISH_PRODUCTS,epwt_fg15,Fish and Fish Products,3,64.255489,43.480257,3212,538386.69,0.998657,2018
PROVINCE_HUC:Eastern Visayas:Northern Samar:BEVERAGES,All surveyed individuals,PROVINCE_HUC,Eastern Visayas,55,Northern Samar,PROVINCE_OR_HUC,BEVERAGES,epwt_fg25,Beverages,4,65.233896,29.430558,3212,538386.69,1.142329,2018
PROVINCE_HUC:Eastern Visayas:Northern Samar:OTHER_VEGETABLES,All surveyed individuals,PROVINCE_HUC,Eastern Visayas,55,Northern Samar,PROVINCE_OR_HUC,OTHER_VEGETABLES,epwt_fg10,Other Vegetables,5,48.76334,44.575568,3212,538386.69,1.574749,2018
PROVINCE_HUC:Eastern Visayas:Northern Samar:SUGAR_SYRUPS,All surveyed individuals,PROVINCE_HUC,Eastern Visayas,55,Northern Samar,PROVINCE_OR_HUC,SUGAR_SYRUPS,epwt_fg6,Sugar and Syrups,6,46.784148,24.821754,3212,538386.69,0.702333,2018
PROVINCE_HUC:Eastern Visayas:Northern Samar:FATS_OILS,All surveyed individuals,PROVINCE_HUC,Eastern Visayas,55,Northern Samar,PROVINCE_OR_HUC,FATS_OILS,epwt_fg23,Fats and Oils,7,64.495731,5.639724,3212,538386.69,1.047377,2018
PROVINCE_HUC:Eastern Visayas:Northern Samar:MEAT_PRODUCTS,All surveyed individuals,PROVINCE_HUC,Eastern Visayas,55,Northern Samar,PROVINCE_OR_HUC,MEAT_PRODUCTS,epwt_fg16,Meat and Meat Products,8,26.045827,25.639013,3212,538386.69,0.640015,2018
PROVINCE_HUC:Eastern Visayas:Northern Samar:GREEN_LEAFY_YELLOW_VEGETABLES,All surveyed individuals,PROVINCE_HUC,Eastern Visayas,55,Northern Samar,PROVINCE_OR_HUC,GREEN_LEAFY_YELLOW_VEGETABLES,epwt_fg9,Green Leafy and Yellow Vegetables,9,26.419879,12.352638,3212,538386.69,0.850662,2018
PROVINCE_HUC:Eastern Visayas:Northern Samar:EGGS,All surveyed individuals,PROVINCE_HUC,Eastern Visayas,55,Northern Samar,PROVINCE_OR_HUC,EGGS,epwt_fg18,Eggs,10,21.054094,8.602743,3212,538386.69,0.635565,2018
PROVINCE_HUC:Eastern Visayas:Northern Samar:POULTRY,All surveyed individuals,PROVINCE_HUC,Eastern Visayas,55,Northern Samar,PROVINCE_OR_HUC,POULTRY,epwt_fg17,Poultry,11,16.941963,12.373533,3212,538386.69,0.613654,2018
PROVINCE_HUC:Eastern Visayas:Northern Samar:OTHER_FRUITS,All surveyed individuals,PROVINCE_HUC,Eastern Visayas,55,Northern Samar,PROVINCE_OR_HUC,OTHER_FRUITS,epwt_fg13,Other Fruits,12,10.384717,13.694678,3212,538386.69,0.951147,2018
PROVINCE_HUC:Eastern Visayas:Northern Samar:WHOLE_MILK,All surveyed individuals,PROVINCE_HUC,Eastern Visayas,55,Northern Samar,PROVINCE_OR_HUC,WHOLE_MILK,epwt_fg20,Whole Milk,13,13.49225,6.595002,3212,538386.69,0.686878,2018
PROVINCE_HUC:Eastern Visayas:Northern Samar:DRIED_BEANS,All surveyed individuals,PROVINCE_HUC,Eastern Visayas,55,Northern Samar,PROVINCE_OR_HUC,DRIED_BEANS,epwt_fg7,Dried Beans,14,13.240375,1.796488,3212,538386.69,0.338308,2018
PROVINCE_HUC:Eastern Visayas:Northern Samar:OTHER_MISCELLANEOUS,All surveyed individuals,PROVINCE_HUC,Eastern Visayas,55,Northern Samar,PROVINCE_OR_HUC,OTHER_MISCELLANEOUS,epwt_fg27,Other Miscellaneous,15,6.251428,3.593739,3212,538386.69,1.760994,2018
PROVINCE_HUC:Eastern Visayas:Northern Samar:CONDIMENTS_SPICES,All surveyed individuals,PROVINCE_HUC,Eastern Visayas,55,Northern Samar,PROVINCE_OR_HUC,CONDIMENTS_SPICES,epwt_fg26,Condiments and Spices,16,13.930332,0.83526,3212,538386.69,0.477755,2018
PROVINCE_HUC:Eastern Visayas:Northern Samar:STARCHY_ROOTS_TUBERS,All surveyed individuals,PROVINCE_HUC,Eastern Visayas,55,Northern Samar,PROVINCE_OR_HUC,STARCHY_ROOTS_TUBERS,epwt_fg5,Starchy Roots and Tubers,17,4.121926,3.823218,3212,538386.69,0.646115,2018
PROVINCE_HUC:Eastern Visayas:Northern Samar:VITAMIN_C_RICH_FRUITS,All surveyed individuals,PROVINCE_HUC,Eastern Visayas,55,Northern Samar,PROVINCE_OR_HUC,VITAMIN_C_RICH_FRUITS,epwt_fg12,Vitamin C-Rich Fruits,18,2.080871,1.712066,3212,538386.69,0.669913,2018
PROVINCE_HUC:Eastern Visayas:Northern Samar:CORN_PRODUCTS,All surveyed individuals,PROVINCE_HUC,Eastern Visayas,55,Northern Samar,PROVINCE_OR_HUC,CORN_PRODUCTS,epwt_fg3,Corn and Products,19,2.4081,1.007023,3212,538386.69,0.128387,2018
PROVINCE_HUC:Eastern Visayas:Northern Samar:MILK_PRODUCTS,All surveyed individuals,PROVINCE_HUC,Eastern Visayas,55,Northern Samar,PROVINCE_OR_HUC,MILK_PRODUCTS,epwt_fg21,Milk Products,20,1.75086,1.122571,3212,538386.69,0.475753,2018
PROVINCE_HUC:Eastern Visayas:Samar:RICE_PRODUCTS,All surveyed individuals,PROVINCE_HUC,Eastern Visayas,56,Samar,PROVINCE_OR_HUC,RICE_PRODUCTS,epwt_fg2,Rice and Products,1,98.687896,273.692442,3028,632170.411,1.24757,2018
PROVINCE_HUC:Eastern Visayas:Samar:FISH_PRODUCTS,All surveyed individuals,PROVINCE_HUC,Eastern Visayas,56,Samar,PROVINCE_OR_HUC,FISH_PRODUCTS,epwt_fg15,Fish and Fish Products,2,75.132889,59.840021,3028,632170.411,1.37441,2018
PROVINCE_HUC:Eastern Visayas:Samar:OTHER_CEREAL_PRODUCTS,All surveyed individuals,PROVINCE_HUC,Eastern Visayas,56,Samar,PROVINCE_OR_HUC,OTHER_CEREAL_PRODUCTS,epwt_fg4,Other Cereal Products,3,64.329195,50.234456,3028,632170.411,1.130734,2018
PROVINCE_HUC:Eastern Visayas:Samar:BEVERAGES,All surveyed individuals,PROVINCE_HUC,Eastern Visayas,56,Samar,PROVINCE_OR_HUC,BEVERAGES,epwt_fg25,Beverages,4,61.806427,31.478354,3028,632170.411,1.221813,2018
PROVINCE_HUC:Eastern Visayas:Samar:SUGAR_SYRUPS,All surveyed individuals,PROVINCE_HUC,Eastern Visayas,56,Samar,PROVINCE_OR_HUC,SUGAR_SYRUPS,epwt_fg6,Sugar and Syrups,5,40.613232,25.638515,3028,632170.411,0.725443,2018
PROVINCE_HUC:Eastern Visayas:Samar:FATS_OILS,All surveyed individuals,PROVINCE_HUC,Eastern Visayas,56,Samar,PROVINCE_OR_HUC,FATS_OILS,epwt_fg23,Fats and Oils,6,57.540912,4.274478,3028,632170.411,0.793832,2018
PROVINCE_HUC:Eastern Visayas:Samar:MEAT_PRODUCTS,All surveyed individuals,PROVINCE_HUC,Eastern Visayas,56,Samar,PROVINCE_OR_HUC,MEAT_PRODUCTS,epwt_fg16,Meat and Meat Products,7,27.489661,27.422697,3028,632170.411,0.68454,2018
PROVINCE_HUC:Eastern Visayas:Samar:OTHER_VEGETABLES,All surveyed individuals,PROVINCE_HUC,Eastern Visayas,56,Samar,PROVINCE_OR_HUC,OTHER_VEGETABLES,epwt_fg10,Other Vegetables,8,28.283036,16.66266,3028,632170.411,0.588652,2018
PROVINCE_HUC:Eastern Visayas:Samar:GREEN_LEAFY_YELLOW_VEGETABLES,All surveyed individuals,PROVINCE_HUC,Eastern Visayas,56,Samar,PROVINCE_OR_HUC,GREEN_LEAFY_YELLOW_VEGETABLES,epwt_fg9,Green Leafy and Yellow Vegetables,9,28.159413,11.216388,3028,632170.411,0.772414,2018
PROVINCE_HUC:Eastern Visayas:Samar:POULTRY,All surveyed individuals,PROVINCE_HUC,Eastern Visayas,56,Samar,PROVINCE_OR_HUC,POULTRY,epwt_fg17,Poultry,10,16.139456,12.195652,3028,632170.411,0.604832,2018
PROVINCE_HUC:Eastern Visayas:Samar:EGGS,All surveyed individuals,PROVINCE_HUC,Eastern Visayas,56,Samar,PROVINCE_OR_HUC,EGGS,epwt_fg18,Eggs,11,18.10432,7.531168,3028,632170.411,0.556398,2018
PROVINCE_HUC:Eastern Visayas:Samar:CONDIMENTS_SPICES,All surveyed individuals,PROVINCE_HUC,Eastern Visayas,56,Samar,PROVINCE_OR_HUC,CONDIMENTS_SPICES,epwt_fg26,Condiments and Spices,12,22.45029,1.927842,3028,632170.411,1.102694,2018
PROVINCE_HUC:Eastern Visayas:Samar:WHOLE_MILK,All surveyed individuals,PROVINCE_HUC,Eastern Visayas,56,Samar,PROVINCE_OR_HUC,WHOLE_MILK,epwt_fg20,Whole Milk,13,12.365366,5.728686,3028,632170.411,0.59665,2018
PROVINCE_HUC:Eastern Visayas:Samar:OTHER_FRUITS,All surveyed individuals,PROVINCE_HUC,Eastern Visayas,56,Samar,PROVINCE_OR_HUC,OTHER_FRUITS,epwt_fg13,Other Fruits,14,7.498278,9.896633,3028,632170.411,0.687358,2018
PROVINCE_HUC:Eastern Visayas:Samar:DRIED_BEANS,All surveyed individuals,PROVINCE_HUC,Eastern Visayas,56,Samar,PROVINCE_OR_HUC,DRIED_BEANS,epwt_fg7,Dried Beans,15,14.722889,2.127235,3028,632170.411,0.400593,2018
PROVINCE_HUC:Eastern Visayas:Samar:STARCHY_ROOTS_TUBERS,All surveyed individuals,PROVINCE_HUC,Eastern Visayas,56,Samar,PROVINCE_OR_HUC,STARCHY_ROOTS_TUBERS,epwt_fg5,Starchy Roots and Tubers,16,5.400147,5.802424,3028,632170.411,0.980596,2018
PROVINCE_HUC:Eastern Visayas:Samar:OTHER_MISCELLANEOUS,All surveyed individuals,PROVINCE_HUC,Eastern Visayas,56,Samar,PROVINCE_OR_HUC,OTHER_MISCELLANEOUS,epwt_fg27,Other Miscellaneous,17,3.632393,1.267233,3028,632170.411,0.620966,2018
PROVINCE_HUC:Eastern Visayas:Samar:VITAMIN_C_RICH_FRUITS,All surveyed individuals,PROVINCE_HUC,Eastern Visayas,56,Samar,PROVINCE_OR_HUC,VITAMIN_C_RICH_FRUITS,epwt_fg12,Vitamin C-Rich Fruits,18,2.287131,1.909968,3028,632170.411,0.74735,2018
PROVINCE_HUC:Eastern Visayas:Samar:MILK_PRODUCTS,All surveyed individuals,PROVINCE_HUC,Eastern Visayas,56,Samar,PROVINCE_OR_HUC,MILK_PRODUCTS,epwt_fg21,Milk Products,19,2.429921,1.290846,3028,632170.411,0.547069,2018
PROVINCE_HUC:Eastern Visayas:Samar:CORN_PRODUCTS,All surveyed individuals,PROVINCE_HUC,Eastern Visayas,56,Samar,PROVINCE_OR_HUC,CORN_PRODUCTS,epwt_fg3,Corn and Products,20,2.125344,0.727133,3028,632170.411,0.092704,2018
PROVINCE_HUC:Eastern Visayas:Southern Leyte:RICE_PRODUCTS,All surveyed individuals,PROVINCE_HUC,Eastern Visayas,57,Southern Leyte,PROVINCE_OR_HUC,RICE_PRODUCTS,epwt_fg2,Rice and Products,1,99.18879,252.749698,2693,349283.846,1.152107,2019
PROVINCE_HUC:Eastern Visayas:Southern Leyte:FISH_PRODUCTS,All surveyed individuals,PROVINCE_HUC,Eastern Visayas,57,Southern Leyte,PROVINCE_OR_HUC,FISH_PRODUCTS,epwt_fg15,Fish and Fish Products,2,71.684352,53.400522,2693,349283.846,1.226507,2019
PROVINCE_HUC:Eastern Visayas:Southern Leyte:OTHER_CEREAL_PRODUCTS,All surveyed individuals,PROVINCE_HUC,Eastern Visayas,57,Southern Leyte,PROVINCE_OR_HUC,OTHER_CEREAL_PRODUCTS,epwt_fg4,Other Cereal Products,3,65.734792,49.597477,2693,349283.846,1.116396,2019
PROVINCE_HUC:Eastern Visayas:Southern Leyte:MEAT_PRODUCTS,All surveyed individuals,PROVINCE_HUC,Eastern Visayas,57,Southern Leyte,PROVINCE_OR_HUC,MEAT_PRODUCTS,epwt_fg16,Meat and Meat Products,4,44.871323,47.148134,2693,349283.846,1.176937,2019
PROVINCE_HUC:Eastern Visayas:Southern Leyte:SUGAR_SYRUPS,All surveyed individuals,PROVINCE_HUC,Eastern Visayas,57,Southern Leyte,PROVINCE_OR_HUC,SUGAR_SYRUPS,epwt_fg6,Sugar and Syrups,5,42.088671,47.743097,2693,349283.846,1.350894,2019
PROVINCE_HUC:Eastern Visayas:Southern Leyte:BEVERAGES,All surveyed individuals,PROVINCE_HUC,Eastern Visayas,57,Southern Leyte,PROVINCE_OR_HUC,BEVERAGES,epwt_fg25,Beverages,6,47.687871,29.048142,2693,349283.846,1.127486,2019
PROVINCE_HUC:Eastern Visayas:Southern Leyte:FATS_OILS,All surveyed individuals,PROVINCE_HUC,Eastern Visayas,57,Southern Leyte,PROVINCE_OR_HUC,FATS_OILS,epwt_fg23,Fats and Oils,7,66.662209,5.194096,2693,349283.846,0.964618,2019
PROVINCE_HUC:Eastern Visayas:Southern Leyte:GREEN_LEAFY_YELLOW_VEGETABLES,All surveyed individuals,PROVINCE_HUC,Eastern Visayas,57,Southern Leyte,PROVINCE_OR_HUC,GREEN_LEAFY_YELLOW_VEGETABLES,epwt_fg9,Green Leafy and Yellow Vegetables,8,39.045447,11.081873,2693,349283.846,0.763151,2019
PROVINCE_HUC:Eastern Visayas:Southern Leyte:OTHER_VEGETABLES,All surveyed individuals,PROVINCE_HUC,Eastern Visayas,57,Southern Leyte,PROVINCE_OR_HUC,OTHER_VEGETABLES,epwt_fg10,Other Vegetables,9,34.040924,15.602649,2693,349283.846,0.551205,2019
PROVINCE_HUC:Eastern Visayas:Southern Leyte:EGGS,All surveyed individuals,PROVINCE_HUC,Eastern Visayas,57,Southern Leyte,PROVINCE_OR_HUC,EGGS,epwt_fg18,Eggs,10,28.773636,11.073749,2693,349283.846,0.818122,2019
PROVINCE_HUC:Eastern Visayas:Southern Leyte:POULTRY,All surveyed individuals,PROVINCE_HUC,Eastern Visayas,57,Southern Leyte,PROVINCE_OR_HUC,POULTRY,epwt_fg17,Poultry,11,19.507613,14.822193,2693,349283.846,0.735093,2019
PROVINCE_HUC:Eastern Visayas:Southern Leyte:WHOLE_MILK,All surveyed individuals,PROVINCE_HUC,Eastern Visayas,57,Southern Leyte,PROVINCE_OR_HUC,WHOLE_MILK,epwt_fg20,Whole Milk,12,22.049994,10.125616,2693,349283.846,1.054596,2019
PROVINCE_HUC:Eastern Visayas:Southern Leyte:OTHER_FRUITS,All surveyed individuals,PROVINCE_HUC,Eastern Visayas,57,Southern Leyte,PROVINCE_OR_HUC,OTHER_FRUITS,epwt_fg13,Other Fruits,13,13.932575,15.224649,2693,349283.846,1.057409,2019
PROVINCE_HUC:Eastern Visayas:Southern Leyte:CONDIMENTS_SPICES,All surveyed individuals,PROVINCE_HUC,Eastern Visayas,57,Southern Leyte,PROVINCE_OR_HUC,CONDIMENTS_SPICES,epwt_fg26,Condiments and Spices,14,25.11126,2.457045,2693,349283.846,1.405389,2019
PROVINCE_HUC:Eastern Visayas:Southern Leyte:DRIED_BEANS,All surveyed individuals,PROVINCE_HUC,Eastern Visayas,57,Southern Leyte,PROVINCE_OR_HUC,DRIED_BEANS,epwt_fg7,Dried Beans,15,22.173593,2.631462,2693,349283.846,0.495548,2019
PROVINCE_HUC:Eastern Visayas:Southern Leyte:STARCHY_ROOTS_TUBERS,All surveyed individuals,PROVINCE_HUC,Eastern Visayas,57,Southern Leyte,PROVINCE_OR_HUC,STARCHY_ROOTS_TUBERS,epwt_fg5,Starchy Roots and Tubers,16,8.276462,4.656551,2693,349283.846,0.786946,2019
PROVINCE_HUC:Eastern Visayas:Southern Leyte:OTHER_MISCELLANEOUS,All surveyed individuals,PROVINCE_HUC,Eastern Visayas,57,Southern Leyte,PROVINCE_OR_HUC,OTHER_MISCELLANEOUS,epwt_fg27,Other Miscellaneous,17,2.817692,1.956435,2693,349283.846,0.958687,2019
PROVINCE_HUC:Eastern Visayas:Southern Leyte:MILK_PRODUCTS,All surveyed individuals,PROVINCE_HUC,Eastern Visayas,57,Southern Leyte,PROVINCE_OR_HUC,MILK_PRODUCTS,epwt_fg21,Milk Products,18,2.8208,1.911623,2693,349283.846,0.810158,2019
PROVINCE_HUC:Eastern Visayas:Southern Leyte:VITAMIN_C_RICH_FRUITS,All surveyed individuals,PROVINCE_HUC,Eastern Visayas,57,Southern Leyte,PROVINCE_OR_HUC,VITAMIN_C_RICH_FRUITS,epwt_fg12,Vitamin C-Rich Fruits,19,2.81736,1.904414,2693,349283.846,0.745177,2019
PROVINCE_HUC:Eastern Visayas:Southern Leyte:CORN_PRODUCTS,All surveyed individuals,PROVINCE_HUC,Eastern Visayas,57,Southern Leyte,PROVINCE_OR_HUC,CORN_PRODUCTS,epwt_fg3,Corn and Products,20,2.587393,1.173147,2693,349283.846,0.149567,2019
PROVINCE_HUC:Eastern Visayas:Tacloban:RICE_PRODUCTS,All surveyed individuals,PROVINCE_HUC,Eastern Visayas,53,Tacloban,PROVINCE_OR_HUC,RICE_PRODUCTS,epwt_fg2,Rice and Products,1,98.290681,257.23849,2518,191560.702,1.172568,2018
PROVINCE_HUC:Eastern Visayas:Tacloban:OTHER_CEREAL_PRODUCTS,All surveyed individuals,PROVINCE_HUC,Eastern Visayas,53,Tacloban,PROVINCE_OR_HUC,OTHER_CEREAL_PRODUCTS,epwt_fg4,Other Cereal Products,2,72.546384,63.628816,2518,191560.702,1.43223,2018
PROVINCE_HUC:Eastern Visayas:Tacloban:FISH_PRODUCTS,All surveyed individuals,PROVINCE_HUC,Eastern Visayas,53,Tacloban,PROVINCE_OR_HUC,FISH_PRODUCTS,epwt_fg15,Fish and Fish Products,3,65.273996,52.358021,2518,191560.702,1.202563,2018
PROVINCE_HUC:Eastern Visayas:Tacloban:MEAT_PRODUCTS,All surveyed individuals,PROVINCE_HUC,Eastern Visayas,53,Tacloban,PROVINCE_OR_HUC,MEAT_PRODUCTS,epwt_fg16,Meat and Meat Products,4,50.287855,51.425824,2518,191560.702,1.283719,2018
PROVINCE_HUC:Eastern Visayas:Tacloban:BEVERAGES,All surveyed individuals,PROVINCE_HUC,Eastern Visayas,53,Tacloban,PROVINCE_OR_HUC,BEVERAGES,epwt_fg25,Beverages,5,51.575395,43.354128,2518,191560.702,1.682764,2018
PROVINCE_HUC:Eastern Visayas:Tacloban:FATS_OILS,All surveyed individuals,PROVINCE_HUC,Eastern Visayas,53,Tacloban,PROVINCE_OR_HUC,FATS_OILS,epwt_fg23,Fats and Oils,6,70.326629,6.424481,2518,191560.702,1.193118,2018
PROVINCE_HUC:Eastern Visayas:Tacloban:OTHER_VEGETABLES,All surveyed individuals,PROVINCE_HUC,Eastern Visayas,53,Tacloban,PROVINCE_OR_HUC,OTHER_VEGETABLES,epwt_fg10,Other Vegetables,7,38.770268,17.917191,2518,191560.702,0.632972,2018
PROVINCE_HUC:Eastern Visayas:Tacloban:POULTRY,All surveyed individuals,PROVINCE_HUC,Eastern Visayas,53,Tacloban,PROVINCE_OR_HUC,POULTRY,epwt_fg17,Poultry,8,33.335559,26.160889,2518,191560.702,1.297425,2018
PROVINCE_HUC:Eastern Visayas:Tacloban:SUGAR_SYRUPS,All surveyed individuals,PROVINCE_HUC,Eastern Visayas,53,Tacloban,PROVINCE_OR_HUC,SUGAR_SYRUPS,epwt_fg6,Sugar and Syrups,9,28.137863,38.499548,2518,191560.702,1.089347,2018
PROVINCE_HUC:Eastern Visayas:Tacloban:GREEN_LEAFY_YELLOW_VEGETABLES,All surveyed individuals,PROVINCE_HUC,Eastern Visayas,53,Tacloban,PROVINCE_OR_HUC,GREEN_LEAFY_YELLOW_VEGETABLES,epwt_fg9,Green Leafy and Yellow Vegetables,10,37.344752,11.074622,2518,191560.702,0.762652,2018
PROVINCE_HUC:Eastern Visayas:Tacloban:EGGS,All surveyed individuals,PROVINCE_HUC,Eastern Visayas,53,Tacloban,PROVINCE_OR_HUC,EGGS,epwt_fg18,Eggs,11,32.288601,14.888007,2518,191560.702,1.099917,2018
PROVINCE_HUC:Eastern Visayas:Tacloban:WHOLE_MILK,All surveyed individuals,PROVINCE_HUC,Eastern Visayas,53,Tacloban,PROVINCE_OR_HUC,WHOLE_MILK,epwt_fg20,Whole Milk,12,20.013083,9.930979,2518,191560.702,1.034324,2018
PROVINCE_HUC:Eastern Visayas:Tacloban:DRIED_BEANS,All surveyed individuals,PROVINCE_HUC,Eastern Visayas,53,Tacloban,PROVINCE_OR_HUC,DRIED_BEANS,epwt_fg7,Dried Beans,13,24.933165,5.074795,2518,191560.702,0.955667,2018
PROVINCE_HUC:Eastern Visayas:Tacloban:OTHER_FRUITS,All surveyed individuals,PROVINCE_HUC,Eastern Visayas,53,Tacloban,PROVINCE_OR_HUC,OTHER_FRUITS,epwt_fg13,Other Fruits,14,14.497159,16.58846,2518,191560.702,1.15213,2018
PROVINCE_HUC:Eastern Visayas:Tacloban:CONDIMENTS_SPICES,All surveyed individuals,PROVINCE_HUC,Eastern Visayas,53,Tacloban,PROVINCE_OR_HUC,CONDIMENTS_SPICES,epwt_fg26,Condiments and Spices,15,21.111688,2.424674,2518,191560.702,1.386873,2018
PROVINCE_HUC:Eastern Visayas:Tacloban:STARCHY_ROOTS_TUBERS,All surveyed individuals,PROVINCE_HUC,Eastern Visayas,53,Tacloban,PROVINCE_OR_HUC,STARCHY_ROOTS_TUBERS,epwt_fg5,Starchy Roots and Tubers,16,7.978233,6.316991,2518,191560.702,1.067557,2018
PROVINCE_HUC:Eastern Visayas:Tacloban:MILK_PRODUCTS,All surveyed individuals,PROVINCE_HUC,Eastern Visayas,53,Tacloban,PROVINCE_OR_HUC,MILK_PRODUCTS,epwt_fg21,Milk Products,17,5.219445,2.811126,2518,191560.702,1.191372,2018
PROVINCE_HUC:Eastern Visayas:Tacloban:OTHER_MISCELLANEOUS,All surveyed individuals,PROVINCE_HUC,Eastern Visayas,53,Tacloban,PROVINCE_OR_HUC,OTHER_MISCELLANEOUS,epwt_fg27,Other Miscellaneous,18,4.012921,2.200339,2518,191560.702,1.078204,2018
PROVINCE_HUC:Eastern Visayas:Tacloban:VITAMIN_C_RICH_FRUITS,All surveyed individuals,PROVINCE_HUC,Eastern Visayas,53,Tacloban,PROVINCE_OR_HUC,VITAMIN_C_RICH_FRUITS,epwt_fg12,Vitamin C-Rich Fruits,19,2.853207,2.431086,2518,191560.702,0.951258,2018
PROVINCE_HUC:Eastern Visayas:Tacloban:CORN_PRODUCTS,All surveyed individuals,PROVINCE_HUC,Eastern Visayas,53,Tacloban,PROVINCE_OR_HUC,CORN_PRODUCTS,epwt_fg3,Corn and Products,20,3.08134,2.054129,2518,191560.702,0.261885,2018
PROVINCE_HUC:Ilocos Region:Ilocos Norte:RICE_PRODUCTS,All surveyed individuals,PROVINCE_HUC,Ilocos Region,1,Ilocos Norte,PROVINCE_OR_HUC,RICE_PRODUCTS,epwt_fg2,Rice and Products,1,99.506441,194.50074,2407,432492.392,0.886591,2019
PROVINCE_HUC:Ilocos Region:Ilocos Norte:OTHER_CEREAL_PRODUCTS,All surveyed individuals,PROVINCE_HUC,Ilocos Region,1,Ilocos Norte,PROVINCE_OR_HUC,OTHER_CEREAL_PRODUCTS,epwt_fg4,Other Cereal Products,2,72.806161,50.302481,2407,432492.392,1.132265,2019
PROVINCE_HUC:Ilocos Region:Ilocos Norte:MEAT_PRODUCTS,All surveyed individuals,PROVINCE_HUC,Ilocos Region,1,Ilocos Norte,PROVINCE_OR_HUC,MEAT_PRODUCTS,epwt_fg16,Meat and Meat Products,3,58.027067,70.324159,2407,432492.392,1.75547,2019
PROVINCE_HUC:Ilocos Region:Ilocos Norte:BEVERAGES,All surveyed individuals,PROVINCE_HUC,Ilocos Region,1,Ilocos Norte,PROVINCE_OR_HUC,BEVERAGES,epwt_fg25,Beverages,4,59.734325,46.588544,2407,432492.392,1.808306,2019
PROVINCE_HUC:Ilocos Region:Ilocos Norte:SUGAR_SYRUPS,All surveyed individuals,PROVINCE_HUC,Ilocos Region,1,Ilocos Norte,PROVINCE_OR_HUC,SUGAR_SYRUPS,epwt_fg6,Sugar and Syrups,5,51.104004,85.633854,2407,432492.392,2.423015,2019
PROVINCE_HUC:Ilocos Region:Ilocos Norte:OTHER_VEGETABLES,All surveyed individuals,PROVINCE_HUC,Ilocos Region,1,Ilocos Norte,PROVINCE_OR_HUC,OTHER_VEGETABLES,epwt_fg10,Other Vegetables,6,59.395306,39.296331,2407,432492.392,1.388246,2019
PROVINCE_HUC:Ilocos Region:Ilocos Norte:FISH_PRODUCTS,All surveyed individuals,PROVINCE_HUC,Ilocos Region,1,Ilocos Norte,PROVINCE_OR_HUC,FISH_PRODUCTS,epwt_fg15,Fish and Fish Products,7,51.297266,30.881497,2407,432492.392,0.709288,2019
PROVINCE_HUC:Ilocos Region:Ilocos Norte:GREEN_LEAFY_YELLOW_VEGETABLES,All surveyed individuals,PROVINCE_HUC,Ilocos Region,1,Ilocos Norte,PROVINCE_OR_HUC,GREEN_LEAFY_YELLOW_VEGETABLES,epwt_fg9,Green Leafy and Yellow Vegetables,8,53.47357,15.209061,2407,432492.392,1.047369,2019
PROVINCE_HUC:Ilocos Region:Ilocos Norte:FATS_OILS,All surveyed individuals,PROVINCE_HUC,Ilocos Region,1,Ilocos Norte,PROVINCE_OR_HUC,FATS_OILS,epwt_fg23,Fats and Oils,9,58.006735,3.892578,2407,432492.392,0.722907,2019
PROVINCE_HUC:Ilocos Region:Ilocos Norte:EGGS,All surveyed individuals,PROVINCE_HUC,Ilocos Region,1,Ilocos Norte,PROVINCE_OR_HUC,EGGS,epwt_fg18,Eggs,10,30.644119,13.102538,2407,432492.392,0.968007,2019
PROVINCE_HUC:Ilocos Region:Ilocos Norte:POULTRY,All surveyed individuals,PROVINCE_HUC,Ilocos Region,1,Ilocos Norte,PROVINCE_OR_HUC,POULTRY,epwt_fg17,Poultry,11,21.42384,17.810165,2407,432492.392,0.883278,2019
PROVINCE_HUC:Ilocos Region:Ilocos Norte:WHOLE_MILK,All surveyed individuals,PROVINCE_HUC,Ilocos Region,1,Ilocos Norte,PROVINCE_OR_HUC,WHOLE_MILK,epwt_fg20,Whole Milk,12,18.180241,8.467059,2407,432492.392,0.881855,2019
PROVINCE_HUC:Ilocos Region:Ilocos Norte:DRIED_BEANS,All surveyed individuals,PROVINCE_HUC,Ilocos Region,1,Ilocos Norte,PROVINCE_OR_HUC,DRIED_BEANS,epwt_fg7,Dried Beans,13,20.116543,5.781959,2407,432492.392,1.088838,2019
PROVINCE_HUC:Ilocos Region:Ilocos Norte:OTHER_MISCELLANEOUS,All surveyed individuals,PROVINCE_HUC,Ilocos Region,1,Ilocos Norte,PROVINCE_OR_HUC,OTHER_MISCELLANEOUS,epwt_fg27,Other Miscellaneous,14,15.210975,3.045881,2407,432492.392,1.492534,2019
PROVINCE_HUC:Ilocos Region:Ilocos Norte:OTHER_FRUITS,All surveyed individuals,PROVINCE_HUC,Ilocos Region,1,Ilocos Norte,PROVINCE_OR_HUC,OTHER_FRUITS,epwt_fg13,Other Fruits,15,6.648062,6.87515,2407,432492.392,0.477505,2019
PROVINCE_HUC:Ilocos Region:Ilocos Norte:MILK_PRODUCTS,All surveyed individuals,PROVINCE_HUC,Ilocos Region,1,Ilocos Norte,PROVINCE_OR_HUC,MILK_PRODUCTS,epwt_fg21,Milk Products,16,5.077822,3.837733,2407,432492.392,1.626455,2019
PROVINCE_HUC:Ilocos Region:Ilocos Norte:CONDIMENTS_SPICES,All surveyed individuals,PROVINCE_HUC,Ilocos Region,1,Ilocos Norte,PROVINCE_OR_HUC,CONDIMENTS_SPICES,epwt_fg26,Condiments and Spices,17,10.166892,1.097664,2407,432492.392,0.627846,2019
PROVINCE_HUC:Ilocos Region:Ilocos Norte:STARCHY_ROOTS_TUBERS,All surveyed individuals,PROVINCE_HUC,Ilocos Region,1,Ilocos Norte,PROVINCE_OR_HUC,STARCHY_ROOTS_TUBERS,epwt_fg5,Starchy Roots and Tubers,18,5.753154,2.52596,2407,432492.392,0.426881,2019
PROVINCE_HUC:Ilocos Region:Ilocos Norte:CORN_PRODUCTS,All surveyed individuals,PROVINCE_HUC,Ilocos Region,1,Ilocos Norte,PROVINCE_OR_HUC,CORN_PRODUCTS,epwt_fg3,Corn and Products,19,3.262127,1.587341,2407,432492.392,0.202373,2019
PROVINCE_HUC:Ilocos Region:Ilocos Norte:VITAMIN_C_RICH_FRUITS,All surveyed individuals,PROVINCE_HUC,Ilocos Region,1,Ilocos Norte,PROVINCE_OR_HUC,VITAMIN_C_RICH_FRUITS,epwt_fg12,Vitamin C-Rich Fruits,20,2.466911,1.102127,2407,432492.392,0.43125,2019
PROVINCE_HUC:Ilocos Region:Ilocos Sur:RICE_PRODUCTS,All surveyed individuals,PROVINCE_HUC,Ilocos Region,2,Ilocos Sur,PROVINCE_OR_HUC,RICE_PRODUCTS,epwt_fg2,Rice and Products,1,99.374536,204.156725,1807,376558.165,0.930606,2021
PROVINCE_HUC:Ilocos Region:Ilocos Sur:OTHER_CEREAL_PRODUCTS,All surveyed individuals,PROVINCE_HUC,Ilocos Region,2,Ilocos Sur,PROVINCE_OR_HUC,OTHER_CEREAL_PRODUCTS,epwt_fg4,Other Cereal Products,2,68.68434,48.060831,1807,376558.165,1.081808,2021
PROVINCE_HUC:Ilocos Region:Ilocos Sur:SUGAR_SYRUPS,All surveyed individuals,PROVINCE_HUC,Ilocos Region,2,Ilocos Sur,PROVINCE_OR_HUC,SUGAR_SYRUPS,epwt_fg6,Sugar and Syrups,3,50.228807,97.631272,1807,376558.165,2.762483,2021
PROVINCE_HUC:Ilocos Region:Ilocos Sur:FISH_PRODUCTS,All surveyed individuals,PROVINCE_HUC,Ilocos Region,2,Ilocos Sur,PROVINCE_OR_HUC,FISH_PRODUCTS,epwt_fg15,Fish and Fish Products,4,59.178755,42.86206,1807,376558.165,0.984459,2021
PROVINCE_HUC:Ilocos Region:Ilocos Sur:BEVERAGES,All surveyed individuals,PROVINCE_HUC,Ilocos Region,2,Ilocos Sur,PROVINCE_OR_HUC,BEVERAGES,epwt_fg25,Beverages,5,60.330727,38.309277,1807,376558.165,1.486951,2021
PROVINCE_HUC:Ilocos Region:Ilocos Sur:OTHER_VEGETABLES,All surveyed individuals,PROVINCE_HUC,Ilocos Region,2,Ilocos Sur,PROVINCE_OR_HUC,OTHER_VEGETABLES,epwt_fg10,Other Vegetables,6,53.344962,33.510822,1807,376558.165,1.183858,2021
PROVINCE_HUC:Ilocos Region:Ilocos Sur:MEAT_PRODUCTS,All surveyed individuals,PROVINCE_HUC,Ilocos Region,2,Ilocos Sur,PROVINCE_OR_HUC,MEAT_PRODUCTS,epwt_fg16,Meat and Meat Products,7,47.607804,47.677794,1807,376558.165,1.190159,2021
PROVINCE_HUC:Ilocos Region:Ilocos Sur:GREEN_LEAFY_YELLOW_VEGETABLES,All surveyed individuals,PROVINCE_HUC,Ilocos Region,2,Ilocos Sur,PROVINCE_OR_HUC,GREEN_LEAFY_YELLOW_VEGETABLES,epwt_fg9,Green Leafy and Yellow Vegetables,8,57.446169,18.11027,1807,376558.165,1.24716,2021
PROVINCE_HUC:Ilocos Region:Ilocos Sur:EGGS,All surveyed individuals,PROVINCE_HUC,Ilocos Region,2,Ilocos Sur,PROVINCE_OR_HUC,EGGS,epwt_fg18,Eggs,9,40.013215,19.989585,1807,376558.165,1.476818,2021
PROVINCE_HUC:Ilocos Region:Ilocos Sur:FATS_OILS,All surveyed individuals,PROVINCE_HUC,Ilocos Region,2,Ilocos Sur,PROVINCE_OR_HUC,FATS_OILS,epwt_fg23,Fats and Oils,10,61.934984,4.557815,1807,376558.165,0.846451,2021
PROVINCE_HUC:Ilocos Region:Ilocos Sur:POULTRY,All surveyed individuals,PROVINCE_HUC,Ilocos Region,2,Ilocos Sur,PROVINCE_OR_HUC,POULTRY,epwt_fg17,Poultry,11,23.52072,20.95937,1807,376558.165,1.03946,2021
PROVINCE_HUC:Ilocos Region:Ilocos Sur:DRIED_BEANS,All surveyed individuals,PROVINCE_HUC,Ilocos Region,2,Ilocos Sur,PROVINCE_OR_HUC,DRIED_BEANS,epwt_fg7,Dried Beans,12,24.992123,6.849555,1807,376558.165,1.289884,2021
PROVINCE_HUC:Ilocos Region:Ilocos Sur:WHOLE_MILK,All surveyed individuals,PROVINCE_HUC,Ilocos Region,2,Ilocos Sur,PROVINCE_OR_HUC,WHOLE_MILK,epwt_fg20,Whole Milk,13,16.366987,7.222763,1807,376558.165,0.75226,2021
PROVINCE_HUC:Ilocos Region:Ilocos Sur:OTHER_FRUITS,All surveyed individuals,PROVINCE_HUC,Ilocos Region,2,Ilocos Sur,PROVINCE_OR_HUC,OTHER_FRUITS,epwt_fg13,Other Fruits,14,12.199348,14.956639,1807,376558.165,1.038794,2021
PROVINCE_HUC:Ilocos Region:Ilocos Sur:STARCHY_ROOTS_TUBERS,All surveyed individuals,PROVINCE_HUC,Ilocos Region,2,Ilocos Sur,PROVINCE_OR_HUC,STARCHY_ROOTS_TUBERS,epwt_fg5,Starchy Roots and Tubers,15,9.809062,4.768183,1807,376558.165,0.805812,2021
PROVINCE_HUC:Ilocos Region:Ilocos Sur:CONDIMENTS_SPICES,All surveyed individuals,PROVINCE_HUC,Ilocos Region,2,Ilocos Sur,PROVINCE_OR_HUC,CONDIMENTS_SPICES,epwt_fg26,Condiments and Spices,16,18.879327,1.349458,1807,376558.165,0.771868,2021
PROVINCE_HUC:Ilocos Region:Ilocos Sur:OTHER_MISCELLANEOUS,All surveyed individuals,PROVINCE_HUC,Ilocos Region,2,Ilocos Sur,PROVINCE_OR_HUC,OTHER_MISCELLANEOUS,epwt_fg27,Other Miscellaneous,17,8.928423,1.646889,1807,376558.165,0.807004,2021
PROVINCE_HUC:Ilocos Region:Ilocos Sur:MILK_PRODUCTS,All surveyed individuals,PROVINCE_HUC,Ilocos Region,2,Ilocos Sur,PROVINCE_OR_HUC,MILK_PRODUCTS,epwt_fg21,Milk Products,18,5.277243,3.88561,1807,376558.165,1.646746,2021
PROVINCE_HUC:Ilocos Region:Ilocos Sur:CORN_PRODUCTS,All surveyed individuals,PROVINCE_HUC,Ilocos Region,2,Ilocos Sur,PROVINCE_OR_HUC,CORN_PRODUCTS,epwt_fg3,Corn and Products,19,4.964378,2.698602,1807,376558.165,0.34405,2021
PROVINCE_HUC:Ilocos Region:Ilocos Sur:VITAMIN_C_RICH_FRUITS,All surveyed individuals,PROVINCE_HUC,Ilocos Region,2,Ilocos Sur,PROVINCE_OR_HUC,VITAMIN_C_RICH_FRUITS,epwt_fg12,Vitamin C-Rich Fruits,20,2.953029,2.376077,1807,376558.165,0.929733,2021
PROVINCE_HUC:Ilocos Region:La Union:RICE_PRODUCTS,All surveyed individuals,PROVINCE_HUC,Ilocos Region,3,La Union,PROVINCE_OR_HUC,RICE_PRODUCTS,epwt_fg2,Rice and Products,1,99.113882,208.86541,2374,638640.339,0.95207,2021
PROVINCE_HUC:Ilocos Region:La Union:OTHER_CEREAL_PRODUCTS,All surveyed individuals,PROVINCE_HUC,Ilocos Region,3,La Union,PROVINCE_OR_HUC,OTHER_CEREAL_PRODUCTS,epwt_fg4,Other Cereal Products,2,65.78135,45.378316,2374,638640.339,1.021427,2021
PROVINCE_HUC:Ilocos Region:La Union:OTHER_VEGETABLES,All surveyed individuals,PROVINCE_HUC,Ilocos Region,3,La Union,PROVINCE_OR_HUC,OTHER_VEGETABLES,epwt_fg10,Other Vegetables,3,59.935783,45.23456,2374,638640.339,1.598029,2021
PROVINCE_HUC:Ilocos Region:La Union:FISH_PRODUCTS,All surveyed individuals,PROVINCE_HUC,Ilocos Region,3,La Union,PROVINCE_OR_HUC,FISH_PRODUCTS,epwt_fg15,Fish and Fish Products,4,60.972442,41.312105,2374,638640.339,0.948859,2021
PROVINCE_HUC:Ilocos Region:La Union:BEVERAGES,All surveyed individuals,PROVINCE_HUC,Ilocos Region,3,La Union,PROVINCE_OR_HUC,BEVERAGES,epwt_fg25,Beverages,5,58.830252,28.773967,2374,638640.339,1.116844,2021
PROVINCE_HUC:Ilocos Region:La Union:SUGAR_SYRUPS,All surveyed individuals,PROVINCE_HUC,Ilocos Region,3,La Union,PROVINCE_OR_HUC,SUGAR_SYRUPS,epwt_fg6,Sugar and Syrups,6,44.549092,63.276329,2374,638640.339,1.790408,2021
PROVINCE_HUC:Ilocos Region:La Union:MEAT_PRODUCTS,All surveyed individuals,PROVINCE_HUC,Ilocos Region,3,La Union,PROVINCE_OR_HUC,MEAT_PRODUCTS,epwt_fg16,Meat and Meat Products,7,45.955261,43.341787,2374,638640.339,1.081921,2021
PROVINCE_HUC:Ilocos Region:La Union:GREEN_LEAFY_YELLOW_VEGETABLES,All surveyed individuals,PROVINCE_HUC,Ilocos Region,3,La Union,PROVINCE_OR_HUC,GREEN_LEAFY_YELLOW_VEGETABLES,epwt_fg9,Green Leafy and Yellow Vegetables,8,49.259983,13.617757,2374,638640.339,0.937784,2021
PROVINCE_HUC:Ilocos Region:La Union:EGGS,All surveyed individuals,PROVINCE_HUC,Ilocos Region,3,La Union,PROVINCE_OR_HUC,EGGS,epwt_fg18,Eggs,9,40.346629,18.679788,2374,638640.339,1.380051,2021
PROVINCE_HUC:Ilocos Region:La Union:FATS_OILS,All surveyed individuals,PROVINCE_HUC,Ilocos Region,3,La Union,PROVINCE_OR_HUC,FATS_OILS,epwt_fg23,Fats and Oils,10,63.830489,5.265945,2374,638640.339,0.977961,2021
PROVINCE_HUC:Ilocos Region:La Union:POULTRY,All surveyed individuals,PROVINCE_HUC,Ilocos Region,3,La Union,PROVINCE_OR_HUC,POULTRY,epwt_fg17,Poultry,11,23.665168,19.963544,2374,638640.339,0.990073,2021
PROVINCE_HUC:Ilocos Region:La Union:DRIED_BEANS,All surveyed individuals,PROVINCE_HUC,Ilocos Region,3,La Union,PROVINCE_OR_HUC,DRIED_BEANS,epwt_fg7,Dried Beans,12,27.161869,7.296879,2374,638640.339,1.374122,2021
PROVINCE_HUC:Ilocos Region:La Union:WHOLE_MILK,All surveyed individuals,PROVINCE_HUC,Ilocos Region,3,La Union,PROVINCE_OR_HUC,WHOLE_MILK,epwt_fg20,Whole Milk,13,20.709131,9.293673,2374,638640.339,0.967948,2021
PROVINCE_HUC:Ilocos Region:La Union:OTHER_FRUITS,All surveyed individuals,PROVINCE_HUC,Ilocos Region,3,La Union,PROVINCE_OR_HUC,OTHER_FRUITS,epwt_fg13,Other Fruits,14,13.251411,14.685021,2374,638640.339,1.01993,2021
PROVINCE_HUC:Ilocos Region:La Union:STARCHY_ROOTS_TUBERS,All surveyed individuals,PROVINCE_HUC,Ilocos Region,3,La Union,PROVINCE_OR_HUC,STARCHY_ROOTS_TUBERS,epwt_fg5,Starchy Roots and Tubers,15,11.082305,5.574993,2374,638640.339,0.942161,2021
PROVINCE_HUC:Ilocos Region:La Union:CONDIMENTS_SPICES,All surveyed individuals,PROVINCE_HUC,Ilocos Region,3,La Union,PROVINCE_OR_HUC,CONDIMENTS_SPICES,epwt_fg26,Condiments and Spices,16,18.86245,1.696578,2374,638640.339,0.970414,2021
PROVINCE_HUC:Ilocos Region:La Union:MILK_PRODUCTS,All surveyed individuals,PROVINCE_HUC,Ilocos Region,3,La Union,PROVINCE_OR_HUC,MILK_PRODUCTS,epwt_fg21,Milk Products,17,6.183263,5.111363,2374,638640.339,2.166228,2021
PROVINCE_HUC:Ilocos Region:La Union:OTHER_MISCELLANEOUS,All surveyed individuals,PROVINCE_HUC,Ilocos Region,3,La Union,PROVINCE_OR_HUC,OTHER_MISCELLANEOUS,epwt_fg27,Other Miscellaneous,18,9.781483,1.797805,2374,638640.339,0.880955,2021
PROVINCE_HUC:Ilocos Region:La Union:VITAMIN_C_RICH_FRUITS,All surveyed individuals,PROVINCE_HUC,Ilocos Region,3,La Union,PROVINCE_OR_HUC,VITAMIN_C_RICH_FRUITS,epwt_fg12,Vitamin C-Rich Fruits,19,4.353193,2.859074,2374,638640.339,1.118725,2021
PROVINCE_HUC:Ilocos Region:La Union:CORN_PRODUCTS,All surveyed individuals,PROVINCE_HUC,Ilocos Region,3,La Union,PROVINCE_OR_HUC,CORN_PRODUCTS,epwt_fg3,Corn and Products,20,4.207074,1.192731,2374,638640.339,0.152064,2021
PROVINCE_HUC:Ilocos Region:Pangasinan:RICE_PRODUCTS,All surveyed individuals,PROVINCE_HUC,Ilocos Region,4,Pangasinan,PROVINCE_OR_HUC,RICE_PRODUCTS,epwt_fg2,Rice and Products,1,98.701151,211.709049,2534,2190958.833,0.965032,2019
PROVINCE_HUC:Ilocos Region:Pangasinan:OTHER_CEREAL_PRODUCTS,All surveyed individuals,PROVINCE_HUC,Ilocos Region,4,Pangasinan,PROVINCE_OR_HUC,OTHER_CEREAL_PRODUCTS,epwt_fg4,Other Cereal Products,2,68.180681,43.411384,2534,2190958.833,0.977153,2019
PROVINCE_HUC:Ilocos Region:Pangasinan:FISH_PRODUCTS,All surveyed individuals,PROVINCE_HUC,Ilocos Region,4,Pangasinan,PROVINCE_OR_HUC,FISH_PRODUCTS,epwt_fg15,Fish and Fish Products,3,58.990308,38.012336,2534,2190958.833,0.87307,2019
PROVINCE_HUC:Ilocos Region:Pangasinan:MEAT_PRODUCTS,All surveyed individuals,PROVINCE_HUC,Ilocos Region,4,Pangasinan,PROVINCE_OR_HUC,MEAT_PRODUCTS,epwt_fg16,Meat and Meat Products,4,51.909427,50.508924,2534,2190958.833,1.260831,2019
PROVINCE_HUC:Ilocos Region:Pangasinan:BEVERAGES,All surveyed individuals,PROVINCE_HUC,Ilocos Region,4,Pangasinan,PROVINCE_OR_HUC,BEVERAGES,epwt_fg25,Beverages,5,55.262767,30.316171,2534,2190958.833,1.176704,2019
PROVINCE_HUC:Ilocos Region:Pangasinan:OTHER_VEGETABLES,All surveyed individuals,PROVINCE_HUC,Ilocos Region,4,Pangasinan,PROVINCE_OR_HUC,OTHER_VEGETABLES,epwt_fg10,Other Vegetables,6,48.472707,30.28577,2534,2190958.833,1.069924,2019
PROVINCE_HUC:Ilocos Region:Pangasinan:SUGAR_SYRUPS,All surveyed individuals,PROVINCE_HUC,Ilocos Region,4,Pangasinan,PROVINCE_OR_HUC,SUGAR_SYRUPS,epwt_fg6,Sugar and Syrups,7,38.721215,30.708929,2534,2190958.833,0.868911,2019
PROVINCE_HUC:Ilocos Region:Pangasinan:FATS_OILS,All surveyed individuals,PROVINCE_HUC,Ilocos Region,4,Pangasinan,PROVINCE_OR_HUC,FATS_OILS,epwt_fg23,Fats and Oils,8,66.252741,4.647436,2534,2190958.833,0.863095,2019
PROVINCE_HUC:Ilocos Region:Pangasinan:GREEN_LEAFY_YELLOW_VEGETABLES,All surveyed individuals,PROVINCE_HUC,Ilocos Region,4,Pangasinan,PROVINCE_OR_HUC,GREEN_LEAFY_YELLOW_VEGETABLES,epwt_fg9,Green Leafy and Yellow Vegetables,9,37.710989,10.021062,2534,2190958.833,0.690099,2019
PROVINCE_HUC:Ilocos Region:Pangasinan:EGGS,All surveyed individuals,PROVINCE_HUC,Ilocos Region,4,Pangasinan,PROVINCE_OR_HUC,EGGS,epwt_fg18,Eggs,10,32.839617,12.821161,2534,2190958.833,0.947219,2019
PROVINCE_HUC:Ilocos Region:Pangasinan:POULTRY,All surveyed individuals,PROVINCE_HUC,Ilocos Region,4,Pangasinan,PROVINCE_OR_HUC,POULTRY,epwt_fg17,Poultry,11,21.624797,16.565798,2534,2190958.833,0.821565,2019
PROVINCE_HUC:Ilocos Region:Pangasinan:WHOLE_MILK,All surveyed individuals,PROVINCE_HUC,Ilocos Region,4,Pangasinan,PROVINCE_OR_HUC,WHOLE_MILK,epwt_fg20,Whole Milk,12,20.971671,11.094163,2534,2190958.833,1.155471,2019
PROVINCE_HUC:Ilocos Region:Pangasinan:DRIED_BEANS,All surveyed individuals,PROVINCE_HUC,Ilocos Region,4,Pangasinan,PROVINCE_OR_HUC,DRIED_BEANS,epwt_fg7,Dried Beans,13,23.839392,5.847502,2534,2190958.833,1.101181,2019
PROVINCE_HUC:Ilocos Region:Pangasinan:STARCHY_ROOTS_TUBERS,All surveyed individuals,PROVINCE_HUC,Ilocos Region,4,Pangasinan,PROVINCE_OR_HUC,STARCHY_ROOTS_TUBERS,epwt_fg5,Starchy Roots and Tubers,14,10.629579,3.9641,2534,2190958.833,0.669924,2019
PROVINCE_HUC:Ilocos Region:Pangasinan:OTHER_FRUITS,All surveyed individuals,PROVINCE_HUC,Ilocos Region,4,Pangasinan,PROVINCE_OR_HUC,OTHER_FRUITS,epwt_fg13,Other Fruits,15,7.280061,6.559461,2534,2190958.833,0.455579,2019
PROVINCE_HUC:Ilocos Region:Pangasinan:CONDIMENTS_SPICES,All surveyed individuals,PROVINCE_HUC,Ilocos Region,4,Pangasinan,PROVINCE_OR_HUC,CONDIMENTS_SPICES,epwt_fg26,Condiments and Spices,16,15.30377,1.19257,2534,2190958.833,0.68213,2019
PROVINCE_HUC:Ilocos Region:Pangasinan:OTHER_MISCELLANEOUS,All surveyed individuals,PROVINCE_HUC,Ilocos Region,4,Pangasinan,PROVINCE_OR_HUC,OTHER_MISCELLANEOUS,epwt_fg27,Other Miscellaneous,17,10.71239,1.857839,2534,2190958.833,0.910373,2019
PROVINCE_HUC:Ilocos Region:Pangasinan:MILK_PRODUCTS,All surveyed individuals,PROVINCE_HUC,Ilocos Region,4,Pangasinan,PROVINCE_OR_HUC,MILK_PRODUCTS,epwt_fg21,Milk Products,18,3.355464,1.97228,2534,2190958.833,0.835865,2019
PROVINCE_HUC:Ilocos Region:Pangasinan:VITAMIN_C_RICH_FRUITS,All surveyed individuals,PROVINCE_HUC,Ilocos Region,4,Pangasinan,PROVINCE_OR_HUC,VITAMIN_C_RICH_FRUITS,epwt_fg12,Vitamin C-Rich Fruits,19,2.909716,1.018697,2534,2190958.833,0.398605,2019
PROVINCE_HUC:Ilocos Region:Pangasinan:CORN_PRODUCTS,All surveyed individuals,PROVINCE_HUC,Ilocos Region,4,Pangasinan,PROVINCE_OR_HUC,CORN_PRODUCTS,epwt_fg3,Corn and Products,20,2.217434,1.308935,2534,2190958.833,0.166879,2019
PROVINCE_HUC:MIMAROPA Region:Marinduque:RICE_PRODUCTS,All surveyed individuals,PROVINCE_HUC,MIMAROPA Region,25,Marinduque,PROVINCE_OR_HUC,RICE_PRODUCTS,epwt_fg2,Rice and Products,1,99.622986,224.159802,2353,173297.926,1.021786,2019
PROVINCE_HUC:MIMAROPA Region:Marinduque:OTHER_CEREAL_PRODUCTS,All surveyed individuals,PROVINCE_HUC,MIMAROPA Region,25,Marinduque,PROVINCE_OR_HUC,OTHER_CEREAL_PRODUCTS,epwt_fg4,Other Cereal Products,2,76.013239,57.87794,2353,173297.926,1.302782,2019
PROVINCE_HUC:MIMAROPA Region:Marinduque:FISH_PRODUCTS,All surveyed individuals,PROVINCE_HUC,MIMAROPA Region,25,Marinduque,PROVINCE_OR_HUC,FISH_PRODUCTS,epwt_fg15,Fish and Fish Products,3,63.711812,42.968105,2353,173297.926,0.986894,2019
PROVINCE_HUC:MIMAROPA Region:Marinduque:OTHER_VEGETABLES,All surveyed individuals,PROVINCE_HUC,MIMAROPA Region,25,Marinduque,PROVINCE_OR_HUC,OTHER_VEGETABLES,epwt_fg10,Other Vegetables,4,50.367371,31.540626,2353,173297.926,1.114255,2019
PROVINCE_HUC:MIMAROPA Region:Marinduque:BEVERAGES,All surveyed individuals,PROVINCE_HUC,MIMAROPA Region,25,Marinduque,PROVINCE_OR_HUC,BEVERAGES,epwt_fg25,Beverages,5,54.064754,22.148044,2353,173297.926,0.859663,2019
PROVINCE_HUC:MIMAROPA Region:Marinduque:MEAT_PRODUCTS,All surveyed individuals,PROVINCE_HUC,MIMAROPA Region,25,Marinduque,PROVINCE_OR_HUC,MEAT_PRODUCTS,epwt_fg16,Meat and Meat Products,6,40.848327,37.877469,2353,173297.926,0.945518,2019
PROVINCE_HUC:MIMAROPA Region:Marinduque:FATS_OILS,All surveyed individuals,PROVINCE_HUC,MIMAROPA Region,25,Marinduque,PROVINCE_OR_HUC,FATS_OILS,epwt_fg23,Fats and Oils,7,72.761193,6.719361,2353,173297.926,1.247881,2019
PROVINCE_HUC:MIMAROPA Region:Marinduque:SUGAR_SYRUPS,All surveyed individuals,PROVINCE_HUC,MIMAROPA Region,25,Marinduque,PROVINCE_OR_HUC,SUGAR_SYRUPS,epwt_fg6,Sugar and Syrups,8,39.101725,16.965004,2353,173297.926,0.480026,2019
PROVINCE_HUC:MIMAROPA Region:Marinduque:EGGS,All surveyed individuals,PROVINCE_HUC,MIMAROPA Region,25,Marinduque,PROVINCE_OR_HUC,EGGS,epwt_fg18,Eggs,9,32.332203,12.173448,2353,173297.926,0.899367,2019
PROVINCE_HUC:MIMAROPA Region:Marinduque:GREEN_LEAFY_YELLOW_VEGETABLES,All surveyed individuals,PROVINCE_HUC,MIMAROPA Region,25,Marinduque,PROVINCE_OR_HUC,GREEN_LEAFY_YELLOW_VEGETABLES,epwt_fg9,Green Leafy and Yellow Vegetables,10,29.177039,6.834481,2353,173297.926,0.470655,2019
PROVINCE_HUC:MIMAROPA Region:Marinduque:POULTRY,All surveyed individuals,PROVINCE_HUC,MIMAROPA Region,25,Marinduque,PROVINCE_OR_HUC,POULTRY,epwt_fg17,Poultry,11,17.729654,12.551448,2353,173297.926,0.622477,2019
PROVINCE_HUC:MIMAROPA Region:Marinduque:WHOLE_MILK,All surveyed individuals,PROVINCE_HUC,MIMAROPA Region,25,Marinduque,PROVINCE_OR_HUC,WHOLE_MILK,epwt_fg20,Whole Milk,12,19.994495,7.885547,2353,173297.926,0.82129,2019
PROVINCE_HUC:MIMAROPA Region:Marinduque:OTHER_FRUITS,All surveyed individuals,PROVINCE_HUC,MIMAROPA Region,25,Marinduque,PROVINCE_OR_HUC,OTHER_FRUITS,epwt_fg13,Other Fruits,13,14.717208,16.206346,2353,173297.926,1.125591,2019
PROVINCE_HUC:MIMAROPA Region:Marinduque:DRIED_BEANS,All surveyed individuals,PROVINCE_HUC,MIMAROPA Region,25,Marinduque,PROVINCE_OR_HUC,DRIED_BEANS,epwt_fg7,Dried Beans,14,23.263377,3.593474,2353,173297.926,0.67671,2019
PROVINCE_HUC:MIMAROPA Region:Marinduque:CONDIMENTS_SPICES,All surveyed individuals,PROVINCE_HUC,MIMAROPA Region,25,Marinduque,PROVINCE_OR_HUC,CONDIMENTS_SPICES,epwt_fg26,Condiments and Spices,15,21.385531,2.111089,2353,173297.926,1.207508,2019
PROVINCE_HUC:MIMAROPA Region:Marinduque:STARCHY_ROOTS_TUBERS,All surveyed individuals,PROVINCE_HUC,MIMAROPA Region,25,Marinduque,PROVINCE_OR_HUC,STARCHY_ROOTS_TUBERS,epwt_fg5,Starchy Roots and Tubers,16,8.470475,4.870082,2353,173297.926,0.823033,2019
PROVINCE_HUC:MIMAROPA Region:Marinduque:OTHER_MISCELLANEOUS,All surveyed individuals,PROVINCE_HUC,MIMAROPA Region,25,Marinduque,PROVINCE_OR_HUC,OTHER_MISCELLANEOUS,epwt_fg27,Other Miscellaneous,17,4.084812,1.958072,2353,173297.926,0.959489,2019
PROVINCE_HUC:MIMAROPA Region:Marinduque:VITAMIN_C_RICH_FRUITS,All surveyed individuals,PROVINCE_HUC,MIMAROPA Region,25,Marinduque,PROVINCE_OR_HUC,VITAMIN_C_RICH_FRUITS,epwt_fg12,Vitamin C-Rich Fruits,18,2.662096,2.168248,2353,173297.926,0.848412,2019
PROVINCE_HUC:MIMAROPA Region:Marinduque:MILK_PRODUCTS,All surveyed individuals,PROVINCE_HUC,MIMAROPA Region,25,Marinduque,PROVINCE_OR_HUC,MILK_PRODUCTS,epwt_fg21,Milk Products,19,2.202729,1.500514,2353,173297.926,0.635927,2019
PROVINCE_HUC:MIMAROPA Region:Marinduque:CORN_PRODUCTS,All surveyed individuals,PROVINCE_HUC,MIMAROPA Region,25,Marinduque,PROVINCE_OR_HUC,CORN_PRODUCTS,epwt_fg3,Corn and Products,20,1.881431,1.000276,2353,173297.926,0.127527,2019
PROVINCE_HUC:MIMAROPA Region:Occidental Mindoro:RICE_PRODUCTS,All surveyed individuals,PROVINCE_HUC,MIMAROPA Region,26,Occidental Mindoro,PROVINCE_OR_HUC,RICE_PRODUCTS,epwt_fg2,Rice and Products,1,99.052245,247.557795,2385,388792.082,1.128441,2021
PROVINCE_HUC:MIMAROPA Region:Occidental Mindoro:FISH_PRODUCTS,All surveyed individuals,PROVINCE_HUC,MIMAROPA Region,26,Occidental Mindoro,PROVINCE_OR_HUC,FISH_PRODUCTS,epwt_fg15,Fish and Fish Products,2,71.68053,61.068837,2385,388792.082,1.402633,2021
PROVINCE_HUC:MIMAROPA Region:Occidental Mindoro:OTHER_CEREAL_PRODUCTS,All surveyed individuals,PROVINCE_HUC,MIMAROPA Region,26,Occidental Mindoro,PROVINCE_OR_HUC,OTHER_CEREAL_PRODUCTS,epwt_fg4,Other Cereal Products,3,52.182448,37.899197,2385,388792.082,0.853078,2021
PROVINCE_HUC:MIMAROPA Region:Occidental Mindoro:OTHER_VEGETABLES,All surveyed individuals,PROVINCE_HUC,MIMAROPA Region,26,Occidental Mindoro,PROVINCE_OR_HUC,OTHER_VEGETABLES,epwt_fg10,Other Vegetables,4,47.312309,33.314149,2385,388792.082,1.17691,2021
PROVINCE_HUC:MIMAROPA Region:Occidental Mindoro:BEVERAGES,All surveyed individuals,PROVINCE_HUC,MIMAROPA Region,26,Occidental Mindoro,PROVINCE_OR_HUC,BEVERAGES,epwt_fg25,Beverages,5,51.87862,10.745954,2385,388792.082,0.417098,2021
PROVINCE_HUC:MIMAROPA Region:Occidental Mindoro:GREEN_LEAFY_YELLOW_VEGETABLES,All surveyed individuals,PROVINCE_HUC,MIMAROPA Region,26,Occidental Mindoro,PROVINCE_OR_HUC,GREEN_LEAFY_YELLOW_VEGETABLES,epwt_fg9,Green Leafy and Yellow Vegetables,6,45.039443,13.623234,2385,388792.082,0.938161,2021
PROVINCE_HUC:MIMAROPA Region:Occidental Mindoro:FATS_OILS,All surveyed individuals,PROVINCE_HUC,MIMAROPA Region,26,Occidental Mindoro,PROVINCE_OR_HUC,FATS_OILS,epwt_fg23,Fats and Oils,7,62.198284,5.38537,2385,388792.082,1.00014,2021
PROVINCE_HUC:MIMAROPA Region:Occidental Mindoro:SUGAR_SYRUPS,All surveyed individuals,PROVINCE_HUC,MIMAROPA Region,26,Occidental Mindoro,PROVINCE_OR_HUC,SUGAR_SYRUPS,epwt_fg6,Sugar and Syrups,8,39.175232,16.465459,2385,388792.082,0.465891,2021
PROVINCE_HUC:MIMAROPA Region:Occidental Mindoro:MEAT_PRODUCTS,All surveyed individuals,PROVINCE_HUC,MIMAROPA Region,26,Occidental Mindoro,PROVINCE_OR_HUC,MEAT_PRODUCTS,epwt_fg16,Meat and Meat Products,9,26.316224,23.004452,2385,388792.082,0.57425,2021
PROVINCE_HUC:MIMAROPA Region:Occidental Mindoro:EGGS,All surveyed individuals,PROVINCE_HUC,MIMAROPA Region,26,Occidental Mindoro,PROVINCE_OR_HUC,EGGS,epwt_fg18,Eggs,10,28.274957,13.271249,2385,388792.082,0.980472,2021
PROVINCE_HUC:MIMAROPA Region:Occidental Mindoro:WHOLE_MILK,All surveyed individuals,PROVINCE_HUC,MIMAROPA Region,26,Occidental Mindoro,PROVINCE_OR_HUC,WHOLE_MILK,epwt_fg20,Whole Milk,11,17.780878,7.187428,2385,388792.082,0.74858,2021
PROVINCE_HUC:MIMAROPA Region:Occidental Mindoro:DRIED_BEANS,All surveyed individuals,PROVINCE_HUC,MIMAROPA Region,26,Occidental Mindoro,PROVINCE_OR_HUC,DRIED_BEANS,epwt_fg7,Dried Beans,12,21.978727,3.591984,2385,388792.082,0.67643,2021
PROVINCE_HUC:MIMAROPA Region:Occidental Mindoro:POULTRY,All surveyed individuals,PROVINCE_HUC,MIMAROPA Region,26,Occidental Mindoro,PROVINCE_OR_HUC,POULTRY,epwt_fg17,Poultry,13,12.685532,11.058643,2385,388792.082,0.548443,2021
PROVINCE_HUC:MIMAROPA Region:Occidental Mindoro:STARCHY_ROOTS_TUBERS,All surveyed individuals,PROVINCE_HUC,MIMAROPA Region,26,Occidental Mindoro,PROVINCE_OR_HUC,STARCHY_ROOTS_TUBERS,epwt_fg5,Starchy Roots and Tubers,14,9.441906,10.977222,2385,388792.082,1.855125,2021
PROVINCE_HUC:MIMAROPA Region:Occidental Mindoro:CONDIMENTS_SPICES,All surveyed individuals,PROVINCE_HUC,MIMAROPA Region,26,Occidental Mindoro,PROVINCE_OR_HUC,CONDIMENTS_SPICES,epwt_fg26,Condiments and Spices,15,21.583684,1.875508,2385,388792.082,1.07276,2021
PROVINCE_HUC:MIMAROPA Region:Occidental Mindoro:OTHER_FRUITS,All surveyed individuals,PROVINCE_HUC,MIMAROPA Region,26,Occidental Mindoro,PROVINCE_OR_HUC,OTHER_FRUITS,epwt_fg13,Other Fruits,16,7.953505,7.775379,2385,388792.082,0.540029,2021
PROVINCE_HUC:MIMAROPA Region:Occidental Mindoro:OTHER_MISCELLANEOUS,All surveyed individuals,PROVINCE_HUC,MIMAROPA Region,26,Occidental Mindoro,PROVINCE_OR_HUC,OTHER_MISCELLANEOUS,epwt_fg27,Other Miscellaneous,17,7.16966,1.837599,2385,388792.082,0.900455,2021
PROVINCE_HUC:MIMAROPA Region:Occidental Mindoro:VITAMIN_C_RICH_FRUITS,All surveyed individuals,PROVINCE_HUC,MIMAROPA Region,26,Occidental Mindoro,PROVINCE_OR_HUC,VITAMIN_C_RICH_FRUITS,epwt_fg12,Vitamin C-Rich Fruits,18,4.305412,1.655581,2385,388792.082,0.647811,2021
PROVINCE_HUC:MIMAROPA Region:Occidental Mindoro:MILK_PRODUCTS,All surveyed individuals,PROVINCE_HUC,MIMAROPA Region,26,Occidental Mindoro,PROVINCE_OR_HUC,MILK_PRODUCTS,epwt_fg21,Milk Products,19,1.897248,1.022261,2385,388792.082,0.433241,2021
PROVINCE_HUC:MIMAROPA Region:Occidental Mindoro:CORN_PRODUCTS,All surveyed individuals,PROVINCE_HUC,MIMAROPA Region,26,Occidental Mindoro,PROVINCE_OR_HUC,CORN_PRODUCTS,epwt_fg3,Corn and Products,20,1.530512,0.616678,2385,388792.082,0.078622,2021
PROVINCE_HUC:MIMAROPA Region:Oriental Mindoro:RICE_PRODUCTS,All surveyed individuals,PROVINCE_HUC,MIMAROPA Region,27,Oriental Mindoro,PROVINCE_OR_HUC,RICE_PRODUCTS,epwt_fg2,Rice and Products,1,98.436003,245.819977,2511,705970.764,1.120519,2018
PROVINCE_HUC:MIMAROPA Region:Oriental Mindoro:FISH_PRODUCTS,All surveyed individuals,PROVINCE_HUC,MIMAROPA Region,27,Oriental Mindoro,PROVINCE_OR_HUC,FISH_PRODUCTS,epwt_fg15,Fish and Fish Products,2,65.31387,44.842584,2511,705970.764,1.029947,2018
PROVINCE_HUC:MIMAROPA Region:Oriental Mindoro:OTHER_CEREAL_PRODUCTS,All surveyed individuals,PROVINCE_HUC,MIMAROPA Region,27,Oriental Mindoro,PROVINCE_OR_HUC,OTHER_CEREAL_PRODUCTS,epwt_fg4,Other Cereal Products,3,62.587566,47.649763,2511,705970.764,1.072555,2018
PROVINCE_HUC:MIMAROPA Region:Oriental Mindoro:BEVERAGES,All surveyed individuals,PROVINCE_HUC,MIMAROPA Region,27,Oriental Mindoro,PROVINCE_OR_HUC,BEVERAGES,epwt_fg25,Beverages,4,56.606028,25.111887,2511,705970.764,0.974703,2018
PROVINCE_HUC:MIMAROPA Region:Oriental Mindoro:OTHER_VEGETABLES,All surveyed individuals,PROVINCE_HUC,MIMAROPA Region,27,Oriental Mindoro,PROVINCE_OR_HUC,OTHER_VEGETABLES,epwt_fg10,Other Vegetables,5,47.082187,29.68426,2511,705970.764,1.048674,2018
PROVINCE_HUC:MIMAROPA Region:Oriental Mindoro:MEAT_PRODUCTS,All surveyed individuals,PROVINCE_HUC,MIMAROPA Region,27,Oriental Mindoro,PROVINCE_OR_HUC,MEAT_PRODUCTS,epwt_fg16,Meat and Meat Products,6,40.946858,41.207678,2511,705970.764,1.028648,2018
PROVINCE_HUC:MIMAROPA Region:Oriental Mindoro:FATS_OILS,All surveyed individuals,PROVINCE_HUC,MIMAROPA Region,27,Oriental Mindoro,PROVINCE_OR_HUC,FATS_OILS,epwt_fg23,Fats and Oils,7,71.888252,6.893775,2511,705970.764,1.280272,2018
PROVINCE_HUC:MIMAROPA Region:Oriental Mindoro:SUGAR_SYRUPS,All surveyed individuals,PROVINCE_HUC,MIMAROPA Region,27,Oriental Mindoro,PROVINCE_OR_HUC,SUGAR_SYRUPS,epwt_fg6,Sugar and Syrups,8,43.320935,26.463701,2511,705970.764,0.748792,2018
PROVINCE_HUC:MIMAROPA Region:Oriental Mindoro:GREEN_LEAFY_YELLOW_VEGETABLES,All surveyed individuals,PROVINCE_HUC,MIMAROPA Region,27,Oriental Mindoro,PROVINCE_OR_HUC,GREEN_LEAFY_YELLOW_VEGETABLES,epwt_fg9,Green Leafy and Yellow Vegetables,9,39.635636,14.514621,2511,705970.764,0.999547,2018
PROVINCE_HUC:MIMAROPA Region:Oriental Mindoro:EGGS,All surveyed individuals,PROVINCE_HUC,MIMAROPA Region,27,Oriental Mindoro,PROVINCE_OR_HUC,EGGS,epwt_fg18,Eggs,10,34.067273,15.028815,2511,705970.764,1.110319,2018
PROVINCE_HUC:MIMAROPA Region:Oriental Mindoro:OTHER_FRUITS,All surveyed individuals,PROVINCE_HUC,MIMAROPA Region,27,Oriental Mindoro,PROVINCE_OR_HUC,OTHER_FRUITS,epwt_fg13,Other Fruits,11,22.372214,27.375913,2511,705970.764,1.901359,2018
PROVINCE_HUC:MIMAROPA Region:Oriental Mindoro:DRIED_BEANS,All surveyed individuals,PROVINCE_HUC,MIMAROPA Region,27,Oriental Mindoro,PROVINCE_OR_HUC,DRIED_BEANS,epwt_fg7,Dried Beans,12,26.397568,6.342959,2511,705970.764,1.194483,2018
PROVINCE_HUC:MIMAROPA Region:Oriental Mindoro:POULTRY,All surveyed individuals,PROVINCE_HUC,MIMAROPA Region,27,Oriental Mindoro,PROVINCE_OR_HUC,POULTRY,epwt_fg17,Poultry,13,15.647666,13.93773,2511,705970.764,0.691229,2018
PROVINCE_HUC:MIMAROPA Region:Oriental Mindoro:WHOLE_MILK,All surveyed individuals,PROVINCE_HUC,MIMAROPA Region,27,Oriental Mindoro,PROVINCE_OR_HUC,WHOLE_MILK,epwt_fg20,Whole Milk,14,18.500929,7.596406,2511,705970.764,0.791175,2018
PROVINCE_HUC:MIMAROPA Region:Oriental Mindoro:STARCHY_ROOTS_TUBERS,All surveyed individuals,PROVINCE_HUC,MIMAROPA Region,27,Oriental Mindoro,PROVINCE_OR_HUC,STARCHY_ROOTS_TUBERS,epwt_fg5,Starchy Roots and Tubers,15,13.495508,13.605507,2511,705970.764,2.299299,2018
PROVINCE_HUC:MIMAROPA Region:Oriental Mindoro:CONDIMENTS_SPICES,All surveyed individuals,PROVINCE_HUC,MIMAROPA Region,27,Oriental Mindoro,PROVINCE_OR_HUC,CONDIMENTS_SPICES,epwt_fg26,Condiments and Spices,16,20.475562,1.71804,2511,705970.764,0.982691,2018
PROVINCE_HUC:MIMAROPA Region:Oriental Mindoro:OTHER_MISCELLANEOUS,All surveyed individuals,PROVINCE_HUC,MIMAROPA Region,27,Oriental Mindoro,PROVINCE_OR_HUC,OTHER_MISCELLANEOUS,epwt_fg27,Other Miscellaneous,17,10.450941,6.044459,2511,705970.764,2.961889,2018
PROVINCE_HUC:MIMAROPA Region:Oriental Mindoro:MILK_PRODUCTS,All surveyed individuals,PROVINCE_HUC,MIMAROPA Region,27,Oriental Mindoro,PROVINCE_OR_HUC,MILK_PRODUCTS,epwt_fg21,Milk Products,18,4.918505,2.5559,2511,705970.764,1.083206,2018
PROVINCE_HUC:MIMAROPA Region:Oriental Mindoro:CORN_PRODUCTS,All surveyed individuals,PROVINCE_HUC,MIMAROPA Region,27,Oriental Mindoro,PROVINCE_OR_HUC,CORN_PRODUCTS,epwt_fg3,Corn and Products,19,4.712125,1.868881,2511,705970.764,0.238268,2018
PROVINCE_HUC:MIMAROPA Region:Oriental Mindoro:VITAMIN_C_RICH_FRUITS,All surveyed individuals,PROVINCE_HUC,MIMAROPA Region,27,Oriental Mindoro,PROVINCE_OR_HUC,VITAMIN_C_RICH_FRUITS,epwt_fg12,Vitamin C-Rich Fruits,20,3.609235,2.617774,2511,705970.764,1.024307,2018
PROVINCE_HUC:MIMAROPA Region:Palawan:RICE_PRODUCTS,All surveyed individuals,PROVINCE_HUC,MIMAROPA Region,28,Palawan,PROVINCE_OR_HUC,RICE_PRODUCTS,epwt_fg2,Rice and Products,1,99.341132,265.166936,2547,720897.417,1.208708,2019
PROVINCE_HUC:MIMAROPA Region:Palawan:FISH_PRODUCTS,All surveyed individuals,PROVINCE_HUC,MIMAROPA Region,28,Palawan,PROVINCE_OR_HUC,FISH_PRODUCTS,epwt_fg15,Fish and Fish Products,2,80.737171,73.705192,2547,720897.417,1.692866,2019
PROVINCE_HUC:MIMAROPA Region:Palawan:BEVERAGES,All surveyed individuals,PROVINCE_HUC,MIMAROPA Region,28,Palawan,PROVINCE_OR_HUC,BEVERAGES,epwt_fg25,Beverages,3,52.973887,20.69109,2547,720897.417,0.803112,2019
PROVINCE_HUC:MIMAROPA Region:Palawan:SUGAR_SYRUPS,All surveyed individuals,PROVINCE_HUC,MIMAROPA Region,28,Palawan,PROVINCE_OR_HUC,SUGAR_SYRUPS,epwt_fg6,Sugar and Syrups,4,46.858321,19.201226,2547,720897.417,0.5433,2019
PROVINCE_HUC:MIMAROPA Region:Palawan:OTHER_CEREAL_PRODUCTS,All surveyed individuals,PROVINCE_HUC,MIMAROPA Region,28,Palawan,PROVINCE_OR_HUC,OTHER_CEREAL_PRODUCTS,epwt_fg4,Other Cereal Products,5,41.058225,26.46796,2547,720897.417,0.595771,2019
PROVINCE_HUC:MIMAROPA Region:Palawan:OTHER_VEGETABLES,All surveyed individuals,PROVINCE_HUC,MIMAROPA Region,28,Palawan,PROVINCE_OR_HUC,OTHER_VEGETABLES,epwt_fg10,Other Vegetables,6,33.909686,23.830351,2547,720897.417,0.84187,2019
PROVINCE_HUC:MIMAROPA Region:Palawan:FATS_OILS,All surveyed individuals,PROVINCE_HUC,MIMAROPA Region,28,Palawan,PROVINCE_OR_HUC,FATS_OILS,epwt_fg23,Fats and Oils,7,58.298305,5.294048,2547,720897.417,0.98318,2019
PROVINCE_HUC:MIMAROPA Region:Palawan:MEAT_PRODUCTS,All surveyed individuals,PROVINCE_HUC,MIMAROPA Region,28,Palawan,PROVINCE_OR_HUC,MEAT_PRODUCTS,epwt_fg16,Meat and Meat Products,8,21.256664,21.217962,2547,720897.417,0.529654,2019
PROVINCE_HUC:MIMAROPA Region:Palawan:GREEN_LEAFY_YELLOW_VEGETABLES,All surveyed individuals,PROVINCE_HUC,MIMAROPA Region,28,Palawan,PROVINCE_OR_HUC,GREEN_LEAFY_YELLOW_VEGETABLES,epwt_fg9,Green Leafy and Yellow Vegetables,9,26.389652,8.48733,2547,720897.417,0.584478,2019
PROVINCE_HUC:MIMAROPA Region:Palawan:OTHER_FRUITS,All surveyed individuals,PROVINCE_HUC,MIMAROPA Region,28,Palawan,PROVINCE_OR_HUC,OTHER_FRUITS,epwt_fg13,Other Fruits,10,11.367556,16.560097,2547,720897.417,1.150161,2019
PROVINCE_HUC:MIMAROPA Region:Palawan:WHOLE_MILK,All surveyed individuals,PROVINCE_HUC,MIMAROPA Region,28,Palawan,PROVINCE_OR_HUC,WHOLE_MILK,epwt_fg20,Whole Milk,11,15.491595,6.740534,2547,720897.417,0.702035,2019
PROVINCE_HUC:MIMAROPA Region:Palawan:EGGS,All surveyed individuals,PROVINCE_HUC,MIMAROPA Region,28,Palawan,PROVINCE_OR_HUC,EGGS,epwt_fg18,Eggs,12,13.964774,5.425916,2547,720897.417,0.400863,2019
PROVINCE_HUC:MIMAROPA Region:Palawan:CONDIMENTS_SPICES,All surveyed individuals,PROVINCE_HUC,MIMAROPA Region,28,Palawan,PROVINCE_OR_HUC,CONDIMENTS_SPICES,epwt_fg26,Condiments and Spices,13,24.278422,1.848212,2547,720897.417,1.057147,2019
PROVINCE_HUC:MIMAROPA Region:Palawan:POULTRY,All surveyed individuals,PROVINCE_HUC,MIMAROPA Region,28,Palawan,PROVINCE_OR_HUC,POULTRY,epwt_fg17,Poultry,14,9.150064,9.165395,2547,720897.417,0.454549,2019
PROVINCE_HUC:MIMAROPA Region:Palawan:DRIED_BEANS,All surveyed individuals,PROVINCE_HUC,MIMAROPA Region,28,Palawan,PROVINCE_OR_HUC,DRIED_BEANS,epwt_fg7,Dried Beans,15,15.790782,2.252047,2547,720897.417,0.424097,2019
PROVINCE_HUC:MIMAROPA Region:Palawan:STARCHY_ROOTS_TUBERS,All surveyed individuals,PROVINCE_HUC,MIMAROPA Region,28,Palawan,PROVINCE_OR_HUC,STARCHY_ROOTS_TUBERS,epwt_fg5,Starchy Roots and Tubers,16,6.379108,4.892338,2547,720897.417,0.826794,2019
PROVINCE_HUC:MIMAROPA Region:Palawan:OTHER_MISCELLANEOUS,All surveyed individuals,PROVINCE_HUC,MIMAROPA Region,28,Palawan,PROVINCE_OR_HUC,OTHER_MISCELLANEOUS,epwt_fg27,Other Miscellaneous,17,9.096015,1.022872,2547,720897.417,0.501225,2019
PROVINCE_HUC:MIMAROPA Region:Palawan:VITAMIN_C_RICH_FRUITS,All surveyed individuals,PROVINCE_HUC,MIMAROPA Region,28,Palawan,PROVINCE_OR_HUC,VITAMIN_C_RICH_FRUITS,epwt_fg12,Vitamin C-Rich Fruits,18,3.784852,3.981345,2547,720897.417,1.557858,2019
PROVINCE_HUC:MIMAROPA Region:Palawan:MILK_PRODUCTS,All surveyed individuals,PROVINCE_HUC,MIMAROPA Region,28,Palawan,PROVINCE_OR_HUC,MILK_PRODUCTS,epwt_fg21,Milk Products,19,1.694256,1.132277,2547,720897.417,0.479866,2019
PROVINCE_HUC:MIMAROPA Region:Palawan:CORN_PRODUCTS,All surveyed individuals,PROVINCE_HUC,MIMAROPA Region,28,Palawan,PROVINCE_OR_HUC,CORN_PRODUCTS,epwt_fg3,Corn and Products,20,1.281699,1.158583,2547,720897.417,0.14771,2019
PROVINCE_HUC:MIMAROPA Region:Puerto Princesa:RICE_PRODUCTS,All surveyed individuals,PROVINCE_HUC,MIMAROPA Region,29,Puerto Princesa,PROVINCE_OR_HUC,RICE_PRODUCTS,epwt_fg2,Rice and Products,1,98.726222,244.972672,1754,190009.921,1.116657,2019
PROVINCE_HUC:MIMAROPA Region:Puerto Princesa:FISH_PRODUCTS,All surveyed individuals,PROVINCE_HUC,MIMAROPA Region,29,Puerto Princesa,PROVINCE_OR_HUC,FISH_PRODUCTS,epwt_fg15,Fish and Fish Products,2,69.928346,57.962834,1754,190009.921,1.331294,2019
PROVINCE_HUC:MIMAROPA Region:Puerto Princesa:OTHER_CEREAL_PRODUCTS,All surveyed individuals,PROVINCE_HUC,MIMAROPA Region,29,Puerto Princesa,PROVINCE_OR_HUC,OTHER_CEREAL_PRODUCTS,epwt_fg4,Other Cereal Products,3,58.991141,46.393626,1754,190009.921,1.04428,2019
PROVINCE_HUC:MIMAROPA Region:Puerto Princesa:BEVERAGES,All surveyed individuals,PROVINCE_HUC,MIMAROPA Region,29,Puerto Princesa,PROVINCE_OR_HUC,BEVERAGES,epwt_fg25,Beverages,4,54.129753,34.448508,1754,190009.921,1.337098,2019
PROVINCE_HUC:MIMAROPA Region:Puerto Princesa:MEAT_PRODUCTS,All surveyed individuals,PROVINCE_HUC,MIMAROPA Region,29,Puerto Princesa,PROVINCE_OR_HUC,MEAT_PRODUCTS,epwt_fg16,Meat and Meat Products,5,43.936844,44.848228,1754,190009.921,1.119526,2019
PROVINCE_HUC:MIMAROPA Region:Puerto Princesa:OTHER_VEGETABLES,All surveyed individuals,PROVINCE_HUC,MIMAROPA Region,29,Puerto Princesa,PROVINCE_OR_HUC,OTHER_VEGETABLES,epwt_fg10,Other Vegetables,6,42.982194,23.72179,1754,190009.921,0.838034,2019
PROVINCE_HUC:MIMAROPA Region:Puerto Princesa:FATS_OILS,All surveyed individuals,PROVINCE_HUC,MIMAROPA Region,29,Puerto Princesa,PROVINCE_OR_HUC,FATS_OILS,epwt_fg23,Fats and Oils,7,69.729271,5.663874,1754,190009.921,1.051862,2019
PROVINCE_HUC:MIMAROPA Region:Puerto Princesa:SUGAR_SYRUPS,All surveyed individuals,PROVINCE_HUC,MIMAROPA Region,29,Puerto Princesa,PROVINCE_OR_HUC,SUGAR_SYRUPS,epwt_fg6,Sugar and Syrups,8,32.926685,29.394889,1754,190009.921,0.83173,2019
PROVINCE_HUC:MIMAROPA Region:Puerto Princesa:GREEN_LEAFY_YELLOW_VEGETABLES,All surveyed individuals,PROVINCE_HUC,MIMAROPA Region,29,Puerto Princesa,PROVINCE_OR_HUC,GREEN_LEAFY_YELLOW_VEGETABLES,epwt_fg9,Green Leafy and Yellow Vegetables,9,37.885589,10.744098,1754,190009.921,0.73989,2019
PROVINCE_HUC:MIMAROPA Region:Puerto Princesa:POULTRY,All surveyed individuals,PROVINCE_HUC,MIMAROPA Region,29,Puerto Princesa,PROVINCE_OR_HUC,POULTRY,epwt_fg17,Poultry,10,22.127258,20.548183,1754,190009.921,1.019068,2019
PROVINCE_HUC:MIMAROPA Region:Puerto Princesa:EGGS,All surveyed individuals,PROVINCE_HUC,MIMAROPA Region,29,Puerto Princesa,PROVINCE_OR_HUC,EGGS,epwt_fg18,Eggs,11,26.638311,11.686576,1754,190009.921,0.863397,2019
PROVINCE_HUC:MIMAROPA Region:Puerto Princesa:DRIED_BEANS,All surveyed individuals,PROVINCE_HUC,MIMAROPA Region,29,Puerto Princesa,PROVINCE_OR_HUC,DRIED_BEANS,epwt_fg7,Dried Beans,12,30.777581,6.067323,1754,190009.921,1.142577,2019
PROVINCE_HUC:MIMAROPA Region:Puerto Princesa:OTHER_FRUITS,All surveyed individuals,PROVINCE_HUC,MIMAROPA Region,29,Puerto Princesa,PROVINCE_OR_HUC,OTHER_FRUITS,epwt_fg13,Other Fruits,13,17.074921,22.679115,1754,190009.921,1.575149,2019
PROVINCE_HUC:MIMAROPA Region:Puerto Princesa:WHOLE_MILK,All surveyed individuals,PROVINCE_HUC,MIMAROPA Region,29,Puerto Princesa,PROVINCE_OR_HUC,WHOLE_MILK,epwt_fg20,Whole Milk,14,19.06892,10.235693,1754,190009.921,1.06606,2019
PROVINCE_HUC:MIMAROPA Region:Puerto Princesa:CONDIMENTS_SPICES,All surveyed individuals,PROVINCE_HUC,MIMAROPA Region,29,Puerto Princesa,PROVINCE_OR_HUC,CONDIMENTS_SPICES,epwt_fg26,Condiments and Spices,15,23.628679,2.327892,1754,190009.921,1.331516,2019
PROVINCE_HUC:MIMAROPA Region:Puerto Princesa:STARCHY_ROOTS_TUBERS,All surveyed individuals,PROVINCE_HUC,MIMAROPA Region,29,Puerto Princesa,PROVINCE_OR_HUC,STARCHY_ROOTS_TUBERS,epwt_fg5,Starchy Roots and Tubers,16,8.712916,4.812337,1754,190009.921,0.813274,2019
PROVINCE_HUC:MIMAROPA Region:Puerto Princesa:OTHER_MISCELLANEOUS,All surveyed individuals,PROVINCE_HUC,MIMAROPA Region,29,Puerto Princesa,PROVINCE_OR_HUC,OTHER_MISCELLANEOUS,epwt_fg27,Other Miscellaneous,17,6.940121,2.957369,1754,190009.921,1.449162,2019
PROVINCE_HUC:MIMAROPA Region:Puerto Princesa:MILK_PRODUCTS,All surveyed individuals,PROVINCE_HUC,MIMAROPA Region,29,Puerto Princesa,PROVINCE_OR_HUC,MILK_PRODUCTS,epwt_fg21,Milk Products,18,5.32129,3.433785,1754,190009.921,1.45526,2019
PROVINCE_HUC:MIMAROPA Region:Puerto Princesa:CORN_PRODUCTS,All surveyed individuals,PROVINCE_HUC,MIMAROPA Region,29,Puerto Princesa,PROVINCE_OR_HUC,CORN_PRODUCTS,epwt_fg3,Corn and Products,19,3.569357,1.749523,1754,190009.921,0.22305,2019
PROVINCE_HUC:MIMAROPA Region:Puerto Princesa:VITAMIN_C_RICH_FRUITS,All surveyed individuals,PROVINCE_HUC,MIMAROPA Region,29,Puerto Princesa,PROVINCE_OR_HUC,VITAMIN_C_RICH_FRUITS,epwt_fg12,Vitamin C-Rich Fruits,20,2.857689,1.681638,1754,190009.921,0.658007,2019
PROVINCE_HUC:MIMAROPA Region:Romblon:RICE_PRODUCTS,All surveyed individuals,PROVINCE_HUC,MIMAROPA Region,30,Romblon,PROVINCE_OR_HUC,RICE_PRODUCTS,epwt_fg2,Rice and Products,1,99.529422,222.714841,2766,240150.731,1.015199,2021
PROVINCE_HUC:MIMAROPA Region:Romblon:FISH_PRODUCTS,All surveyed individuals,PROVINCE_HUC,MIMAROPA Region,30,Romblon,PROVINCE_OR_HUC,FISH_PRODUCTS,epwt_fg15,Fish and Fish Products,2,74.552243,75.214171,2766,240150.731,1.727524,2021
PROVINCE_HUC:MIMAROPA Region:Romblon:OTHER_CEREAL_PRODUCTS,All surveyed individuals,PROVINCE_HUC,MIMAROPA Region,30,Romblon,PROVINCE_OR_HUC,OTHER_CEREAL_PRODUCTS,epwt_fg4,Other Cereal Products,3,60.120114,43.006557,2766,240150.731,0.96804,2021
PROVINCE_HUC:MIMAROPA Region:Romblon:BEVERAGES,All surveyed individuals,PROVINCE_HUC,MIMAROPA Region,30,Romblon,PROVINCE_OR_HUC,BEVERAGES,epwt_fg25,Beverages,4,51.595603,18.500579,2766,240150.731,0.718089,2021
PROVINCE_HUC:MIMAROPA Region:Romblon:OTHER_VEGETABLES,All surveyed individuals,PROVINCE_HUC,MIMAROPA Region,30,Romblon,PROVINCE_OR_HUC,OTHER_VEGETABLES,epwt_fg10,Other Vegetables,5,40.281728,29.496551,2766,240150.731,1.042043,2021
PROVINCE_HUC:MIMAROPA Region:Romblon:FATS_OILS,All surveyed individuals,PROVINCE_HUC,MIMAROPA Region,30,Romblon,PROVINCE_OR_HUC,FATS_OILS,epwt_fg23,Fats and Oils,6,66.774163,5.751934,2766,240150.731,1.068216,2021
PROVINCE_HUC:MIMAROPA Region:Romblon:SUGAR_SYRUPS,All surveyed individuals,PROVINCE_HUC,MIMAROPA Region,30,Romblon,PROVINCE_OR_HUC,SUGAR_SYRUPS,epwt_fg6,Sugar and Syrups,7,33.9729,17.861308,2766,240150.731,0.505387,2021
PROVINCE_HUC:MIMAROPA Region:Romblon:GREEN_LEAFY_YELLOW_VEGETABLES,All surveyed individuals,PROVINCE_HUC,MIMAROPA Region,30,Romblon,PROVINCE_OR_HUC,GREEN_LEAFY_YELLOW_VEGETABLES,epwt_fg9,Green Leafy and Yellow Vegetables,8,35.719563,10.011991,2766,240150.731,0.689474,2021
PROVINCE_HUC:MIMAROPA Region:Romblon:MEAT_PRODUCTS,All surveyed individuals,PROVINCE_HUC,MIMAROPA Region,30,Romblon,PROVINCE_OR_HUC,MEAT_PRODUCTS,epwt_fg16,Meat and Meat Products,9,22.218886,18.681165,2766,240150.731,0.466329,2021
PROVINCE_HUC:MIMAROPA Region:Romblon:EGGS,All surveyed individuals,PROVINCE_HUC,MIMAROPA Region,30,Romblon,PROVINCE_OR_HUC,EGGS,epwt_fg18,Eggs,10,24.055694,11.036161,2766,240150.731,0.815345,2021
PROVINCE_HUC:MIMAROPA Region:Romblon:WHOLE_MILK,All surveyed individuals,PROVINCE_HUC,MIMAROPA Region,30,Romblon,PROVINCE_OR_HUC,WHOLE_MILK,epwt_fg20,Whole Milk,11,21.3537,8.51553,2766,240150.731,0.886903,2021
PROVINCE_HUC:MIMAROPA Region:Romblon:POULTRY,All surveyed individuals,PROVINCE_HUC,MIMAROPA Region,30,Romblon,PROVINCE_OR_HUC,POULTRY,epwt_fg17,Poultry,12,14.401139,15.863533,2766,240150.731,0.786737,2021
PROVINCE_HUC:MIMAROPA Region:Romblon:OTHER_FRUITS,All surveyed individuals,PROVINCE_HUC,MIMAROPA Region,30,Romblon,PROVINCE_OR_HUC,OTHER_FRUITS,epwt_fg13,Other Fruits,13,13.804025,16.166777,2766,240150.731,1.122843,2021
PROVINCE_HUC:MIMAROPA Region:Romblon:DRIED_BEANS,All surveyed individuals,PROVINCE_HUC,MIMAROPA Region,30,Romblon,PROVINCE_OR_HUC,DRIED_BEANS,epwt_fg7,Dried Beans,14,19.310495,4.569105,2766,240150.731,0.860437,2021
PROVINCE_HUC:MIMAROPA Region:Romblon:CONDIMENTS_SPICES,All surveyed individuals,PROVINCE_HUC,MIMAROPA Region,30,Romblon,PROVINCE_OR_HUC,CONDIMENTS_SPICES,epwt_fg26,Condiments and Spices,15,22.781317,1.879912,2766,240150.731,1.075278,2021
PROVINCE_HUC:MIMAROPA Region:Romblon:STARCHY_ROOTS_TUBERS,All surveyed individuals,PROVINCE_HUC,MIMAROPA Region,30,Romblon,PROVINCE_OR_HUC,STARCHY_ROOTS_TUBERS,epwt_fg5,Starchy Roots and Tubers,16,9.765552,9.093999,2766,240150.731,1.536865,2021
PROVINCE_HUC:MIMAROPA Region:Romblon:OTHER_MISCELLANEOUS,All surveyed individuals,PROVINCE_HUC,MIMAROPA Region,30,Romblon,PROVINCE_OR_HUC,OTHER_MISCELLANEOUS,epwt_fg27,Other Miscellaneous,17,5.813688,1.659534,2766,240150.731,0.8132,2021
PROVINCE_HUC:MIMAROPA Region:Romblon:VITAMIN_C_RICH_FRUITS,All surveyed individuals,PROVINCE_HUC,MIMAROPA Region,30,Romblon,PROVINCE_OR_HUC,VITAMIN_C_RICH_FRUITS,epwt_fg12,Vitamin C-Rich Fruits,18,3.303272,1.628904,2766,240150.731,0.637373,2021
PROVINCE_HUC:MIMAROPA Region:Romblon:MILK_PRODUCTS,All surveyed individuals,PROVINCE_HUC,MIMAROPA Region,30,Romblon,PROVINCE_OR_HUC,MILK_PRODUCTS,epwt_fg21,Milk Products,19,2.201141,1.259805,2766,240150.731,0.533913,2021
PROVINCE_HUC:MIMAROPA Region:Romblon:CORN_PRODUCTS,All surveyed individuals,PROVINCE_HUC,MIMAROPA Region,30,Romblon,PROVINCE_OR_HUC,CORN_PRODUCTS,epwt_fg3,Corn and Products,20,2.154614,0.607757,2766,240150.731,0.077484,2021
PROVINCE_HUC:National Capital Region:Caloocan:RICE_PRODUCTS,All surveyed individuals,PROVINCE_HUC,National Capital Region,89,Caloocan,PROVINCE_OR_HUC,RICE_PRODUCTS,epwt_fg2,Rice and Products,1,98.142724,216.832512,1452,859532.411,0.988386,2018
PROVINCE_HUC:National Capital Region:Caloocan:OTHER_CEREAL_PRODUCTS,All surveyed individuals,PROVINCE_HUC,National Capital Region,89,Caloocan,PROVINCE_OR_HUC,OTHER_CEREAL_PRODUCTS,epwt_fg4,Other Cereal Products,2,74.070272,65.602799,1452,859532.411,1.476662,2018
PROVINCE_HUC:National Capital Region:Caloocan:MEAT_PRODUCTS,All surveyed individuals,PROVINCE_HUC,National Capital Region,89,Caloocan,PROVINCE_OR_HUC,MEAT_PRODUCTS,epwt_fg16,Meat and Meat Products,3,62.554672,70.200649,1452,859532.411,1.752387,2018
PROVINCE_HUC:National Capital Region:Caloocan:BEVERAGES,All surveyed individuals,PROVINCE_HUC,National Capital Region,89,Caloocan,PROVINCE_OR_HUC,BEVERAGES,epwt_fg25,Beverages,4,49.550563,32.781767,1452,859532.411,1.272404,2018
PROVINCE_HUC:National Capital Region:Caloocan:OTHER_VEGETABLES,All surveyed individuals,PROVINCE_HUC,National Capital Region,89,Caloocan,PROVINCE_OR_HUC,OTHER_VEGETABLES,epwt_fg10,Other Vegetables,5,45.796707,26.840464,1452,859532.411,0.94821,2018
PROVINCE_HUC:National Capital Region:Caloocan:FISH_PRODUCTS,All surveyed individuals,PROVINCE_HUC,National Capital Region,89,Caloocan,PROVINCE_OR_HUC,FISH_PRODUCTS,epwt_fg15,Fish and Fish Products,6,43.017769,26.55211,1452,859532.411,0.609851,2018
PROVINCE_HUC:National Capital Region:Caloocan:FATS_OILS,All surveyed individuals,PROVINCE_HUC,National Capital Region,89,Caloocan,PROVINCE_OR_HUC,FATS_OILS,epwt_fg23,Fats and Oils,7,67.808671,6.344261,1452,859532.411,1.17822,2018
PROVINCE_HUC:National Capital Region:Caloocan:SUGAR_SYRUPS,All surveyed individuals,PROVINCE_HUC,National Capital Region,89,Caloocan,PROVINCE_OR_HUC,SUGAR_SYRUPS,epwt_fg6,Sugar and Syrups,8,33.080543,34.362034,1452,859532.411,0.972276,2018
PROVINCE_HUC:National Capital Region:Caloocan:POULTRY,All surveyed individuals,PROVINCE_HUC,National Capital Region,89,Caloocan,PROVINCE_OR_HUC,POULTRY,epwt_fg17,Poultry,9,32.53685,27.959956,1452,859532.411,1.386648,2018
PROVINCE_HUC:National Capital Region:Caloocan:GREEN_LEAFY_YELLOW_VEGETABLES,All surveyed individuals,PROVINCE_HUC,National Capital Region,89,Caloocan,PROVINCE_OR_HUC,GREEN_LEAFY_YELLOW_VEGETABLES,epwt_fg9,Green Leafy and Yellow Vegetables,10,37.418016,9.944935,1452,859532.411,0.684856,2018
PROVINCE_HUC:National Capital Region:Caloocan:EGGS,All surveyed individuals,PROVINCE_HUC,National Capital Region,89,Caloocan,PROVINCE_OR_HUC,EGGS,epwt_fg18,Eggs,11,30.98643,13.742234,1452,859532.411,1.015268,2018
PROVINCE_HUC:National Capital Region:Caloocan:DRIED_BEANS,All surveyed individuals,PROVINCE_HUC,National Capital Region,89,Caloocan,PROVINCE_OR_HUC,DRIED_BEANS,epwt_fg7,Dried Beans,12,27.130955,10.572886,1452,859532.411,1.991048,2018
PROVINCE_HUC:National Capital Region:Caloocan:WHOLE_MILK,All surveyed individuals,PROVINCE_HUC,National Capital Region,89,Caloocan,PROVINCE_OR_HUC,WHOLE_MILK,epwt_fg20,Whole Milk,13,20.17828,11.899405,1452,859532.411,1.239338,2018
PROVINCE_HUC:National Capital Region:Caloocan:OTHER_FRUITS,All surveyed individuals,PROVINCE_HUC,National Capital Region,89,Caloocan,PROVINCE_OR_HUC,OTHER_FRUITS,epwt_fg13,Other Fruits,14,16.001903,18.964623,1452,859532.411,1.317164,2018
PROVINCE_HUC:National Capital Region:Caloocan:CONDIMENTS_SPICES,All surveyed individuals,PROVINCE_HUC,National Capital Region,89,Caloocan,PROVINCE_OR_HUC,CONDIMENTS_SPICES,epwt_fg26,Condiments and Spices,15,24.813169,2.949683,1452,859532.411,1.68717,2018
PROVINCE_HUC:National Capital Region:Caloocan:STARCHY_ROOTS_TUBERS,All surveyed individuals,PROVINCE_HUC,National Capital Region,89,Caloocan,PROVINCE_OR_HUC,STARCHY_ROOTS_TUBERS,epwt_fg5,Starchy Roots and Tubers,16,15.502729,7.794901,1452,859532.411,1.31732,2018
PROVINCE_HUC:National Capital Region:Caloocan:OTHER_MISCELLANEOUS,All surveyed individuals,PROVINCE_HUC,National Capital Region,89,Caloocan,PROVINCE_OR_HUC,OTHER_MISCELLANEOUS,epwt_fg27,Other Miscellaneous,17,7.850367,4.526396,1452,859532.411,2.218012,2018
PROVINCE_HUC:National Capital Region:Caloocan:MILK_PRODUCTS,All surveyed individuals,PROVINCE_HUC,National Capital Region,89,Caloocan,PROVINCE_OR_HUC,MILK_PRODUCTS,epwt_fg21,Milk Products,18,7.573434,4.23388,1452,859532.411,1.794345,2018
PROVINCE_HUC:National Capital Region:Caloocan:VITAMIN_C_RICH_FRUITS,All surveyed individuals,PROVINCE_HUC,National Capital Region,89,Caloocan,PROVINCE_OR_HUC,VITAMIN_C_RICH_FRUITS,epwt_fg12,Vitamin C-Rich Fruits,19,6.629107,5.387028,1452,859532.411,2.107886,2018
PROVINCE_HUC:National Capital Region:Caloocan:CORN_PRODUCTS,All surveyed individuals,PROVINCE_HUC,National Capital Region,89,Caloocan,PROVINCE_OR_HUC,CORN_PRODUCTS,epwt_fg3,Corn and Products,20,5.361896,2.122845,1452,859532.411,0.270646,2018
PROVINCE_HUC:National Capital Region:Las Piñas:RICE_PRODUCTS,All surveyed individuals,PROVINCE_HUC,National Capital Region,95,Las Piñas,PROVINCE_OR_HUC,RICE_PRODUCTS,epwt_fg2,Rice and Products,1,98.235503,201.810168,1305,324170.9,0.91991,2018
PROVINCE_HUC:National Capital Region:Las Piñas:OTHER_CEREAL_PRODUCTS,All surveyed individuals,PROVINCE_HUC,National Capital Region,95,Las Piñas,PROVINCE_OR_HUC,OTHER_CEREAL_PRODUCTS,epwt_fg4,Other Cereal Products,2,78.657213,67.754081,1305,324170.9,1.525086,2018
PROVINCE_HUC:National Capital Region:Las Piñas:MEAT_PRODUCTS,All surveyed individuals,PROVINCE_HUC,National Capital Region,95,Las Piñas,PROVINCE_OR_HUC,MEAT_PRODUCTS,epwt_fg16,Meat and Meat Products,3,58.288974,59.895263,1305,324170.9,1.495138,2018
PROVINCE_HUC:National Capital Region:Las Piñas:BEVERAGES,All surveyed individuals,PROVINCE_HUC,National Capital Region,95,Las Piñas,PROVINCE_OR_HUC,BEVERAGES,epwt_fg25,Beverages,4,55.697024,40.21794,1305,324170.9,1.561035,2018
PROVINCE_HUC:National Capital Region:Las Piñas:FISH_PRODUCTS,All surveyed individuals,PROVINCE_HUC,National Capital Region,95,Las Piñas,PROVINCE_OR_HUC,FISH_PRODUCTS,epwt_fg15,Fish and Fish Products,5,49.839241,32.371081,1305,324170.9,0.743501,2018
PROVINCE_HUC:National Capital Region:Las Piñas:FATS_OILS,All surveyed individuals,PROVINCE_HUC,National Capital Region,95,Las Piñas,PROVINCE_OR_HUC,FATS_OILS,epwt_fg23,Fats and Oils,6,69.82076,7.386315,1305,324170.9,1.371744,2018
PROVINCE_HUC:National Capital Region:Las Piñas:OTHER_VEGETABLES,All surveyed individuals,PROVINCE_HUC,National Capital Region,95,Las Piñas,PROVINCE_OR_HUC,OTHER_VEGETABLES,epwt_fg10,Other Vegetables,7,43.029852,24.630429,1305,324170.9,0.870135,2018
PROVINCE_HUC:National Capital Region:Las Piñas:POULTRY,All surveyed individuals,PROVINCE_HUC,National Capital Region,95,Las Piñas,PROVINCE_OR_HUC,POULTRY,epwt_fg17,Poultry,8,36.439046,34.874034,1305,324170.9,1.729545,2018
PROVINCE_HUC:National Capital Region:Las Piñas:SUGAR_SYRUPS,All surveyed individuals,PROVINCE_HUC,National Capital Region,95,Las Piñas,PROVINCE_OR_HUC,SUGAR_SYRUPS,epwt_fg6,Sugar and Syrups,9,31.646707,45.084671,1305,324170.9,1.275674,2018
PROVINCE_HUC:National Capital Region:Las Piñas:GREEN_LEAFY_YELLOW_VEGETABLES,All surveyed individuals,PROVINCE_HUC,National Capital Region,95,Las Piñas,PROVINCE_OR_HUC,GREEN_LEAFY_YELLOW_VEGETABLES,epwt_fg9,Green Leafy and Yellow Vegetables,10,37.222793,11.716242,1305,324170.9,0.806837,2018
PROVINCE_HUC:National Capital Region:Las Piñas:EGGS,All surveyed individuals,PROVINCE_HUC,National Capital Region,95,Las Piñas,PROVINCE_OR_HUC,EGGS,epwt_fg18,Eggs,11,28.414998,12.904887,1305,324170.9,0.953405,2018
PROVINCE_HUC:National Capital Region:Las Piñas:DRIED_BEANS,All surveyed individuals,PROVINCE_HUC,National Capital Region,95,Las Piñas,PROVINCE_OR_HUC,DRIED_BEANS,epwt_fg7,Dried Beans,12,30.545836,9.36192,1305,324170.9,1.763003,2018
PROVINCE_HUC:National Capital Region:Las Piñas:OTHER_FRUITS,All surveyed individuals,PROVINCE_HUC,National Capital Region,95,Las Piñas,PROVINCE_OR_HUC,OTHER_FRUITS,epwt_fg13,Other Fruits,13,17.997428,18.222832,1305,324170.9,1.265644,2018
PROVINCE_HUC:National Capital Region:Las Piñas:WHOLE_MILK,All surveyed individuals,PROVINCE_HUC,National Capital Region,95,Las Piñas,PROVINCE_OR_HUC,WHOLE_MILK,epwt_fg20,Whole Milk,14,19.34742,13.37001,1305,324170.9,1.392503,2018
PROVINCE_HUC:National Capital Region:Las Piñas:STARCHY_ROOTS_TUBERS,All surveyed individuals,PROVINCE_HUC,National Capital Region,95,Las Piñas,PROVINCE_OR_HUC,STARCHY_ROOTS_TUBERS,epwt_fg5,Starchy Roots and Tubers,15,13.627994,6.222124,1305,324170.9,1.051525,2018
PROVINCE_HUC:National Capital Region:Las Piñas:CONDIMENTS_SPICES,All surveyed individuals,PROVINCE_HUC,National Capital Region,95,Las Piñas,PROVINCE_OR_HUC,CONDIMENTS_SPICES,epwt_fg26,Condiments and Spices,16,18.796563,1.953925,1305,324170.9,1.117613,2018
PROVINCE_HUC:National Capital Region:Las Piñas:MILK_PRODUCTS,All surveyed individuals,PROVINCE_HUC,National Capital Region,95,Las Piñas,PROVINCE_OR_HUC,MILK_PRODUCTS,epwt_fg21,Milk Products,17,9.444141,4.22393,1305,324170.9,1.790128,2018
PROVINCE_HUC:National Capital Region:Las Piñas:OTHER_MISCELLANEOUS,All surveyed individuals,PROVINCE_HUC,National Capital Region,95,Las Piñas,PROVINCE_OR_HUC,OTHER_MISCELLANEOUS,epwt_fg27,Other Miscellaneous,18,6.442372,3.567783,1305,324170.9,1.748275,2018
PROVINCE_HUC:National Capital Region:Las Piñas:CORN_PRODUCTS,All surveyed individuals,PROVINCE_HUC,National Capital Region,95,Las Piñas,PROVINCE_OR_HUC,CORN_PRODUCTS,epwt_fg3,Corn and Products,19,5.317421,3.269889,1305,324170.9,0.416885,2018
PROVINCE_HUC:National Capital Region:Las Piñas:VITAMIN_C_RICH_FRUITS,All surveyed individuals,PROVINCE_HUC,National Capital Region,95,Las Piñas,PROVINCE_OR_HUC,VITAMIN_C_RICH_FRUITS,epwt_fg12,Vitamin C-Rich Fruits,20,4.843948,2.389011,1305,324170.9,0.934794,2018
PROVINCE_HUC:National Capital Region:Makati:RICE_PRODUCTS,All surveyed individuals,PROVINCE_HUC,National Capital Region,93,Makati,PROVINCE_OR_HUC,RICE_PRODUCTS,epwt_fg2,Rice and Products,1,97.079563,191.472712,855,252104.071,0.872789,2018
PROVINCE_HUC:National Capital Region:Makati:OTHER_CEREAL_PRODUCTS,All surveyed individuals,PROVINCE_HUC,National Capital Region,93,Makati,PROVINCE_OR_HUC,OTHER_CEREAL_PRODUCTS,epwt_fg4,Other Cereal Products,2,70.170003,53.64282,855,252104.071,1.207453,2018
PROVINCE_HUC:National Capital Region:Makati:MEAT_PRODUCTS,All surveyed individuals,PROVINCE_HUC,National Capital Region,93,Makati,PROVINCE_OR_HUC,MEAT_PRODUCTS,epwt_fg16,Meat and Meat Products,3,63.309337,70.312263,855,252104.071,1.755173,2018
PROVINCE_HUC:National Capital Region:Makati:BEVERAGES,All surveyed individuals,PROVINCE_HUC,National Capital Region,93,Makati,PROVINCE_OR_HUC,BEVERAGES,epwt_fg25,Beverages,4,56.247215,36.480021,855,252104.071,1.41595,2018
PROVINCE_HUC:National Capital Region:Makati:OTHER_VEGETABLES,All surveyed individuals,PROVINCE_HUC,National Capital Region,93,Makati,PROVINCE_OR_HUC,OTHER_VEGETABLES,epwt_fg10,Other Vegetables,5,48.645285,29.519948,855,252104.071,1.04287,2018
PROVINCE_HUC:National Capital Region:Makati:POULTRY,All surveyed individuals,PROVINCE_HUC,National Capital Region,93,Makati,PROVINCE_OR_HUC,POULTRY,epwt_fg17,Poultry,6,40.253829,36.205203,855,252104.071,1.795563,2018
PROVINCE_HUC:National Capital Region:Makati:FATS_OILS,All surveyed individuals,PROVINCE_HUC,National Capital Region,93,Makati,PROVINCE_OR_HUC,FATS_OILS,epwt_fg23,Fats and Oils,7,70.021074,6.707261,855,252104.071,1.245634,2018
PROVINCE_HUC:National Capital Region:Makati:FISH_PRODUCTS,All surveyed individuals,PROVINCE_HUC,National Capital Region,93,Makati,PROVINCE_OR_HUC,FISH_PRODUCTS,epwt_fg15,Fish and Fish Products,8,38.820232,27.123438,855,252104.071,0.622973,2018
PROVINCE_HUC:National Capital Region:Makati:SUGAR_SYRUPS,All surveyed individuals,PROVINCE_HUC,National Capital Region,93,Makati,PROVINCE_OR_HUC,SUGAR_SYRUPS,epwt_fg6,Sugar and Syrups,9,30.752257,41.581681,855,252104.071,1.176556,2018
PROVINCE_HUC:National Capital Region:Makati:GREEN_LEAFY_YELLOW_VEGETABLES,All surveyed individuals,PROVINCE_HUC,National Capital Region,93,Makati,PROVINCE_OR_HUC,GREEN_LEAFY_YELLOW_VEGETABLES,epwt_fg9,Green Leafy and Yellow Vegetables,10,40.691486,12.416143,855,252104.071,0.855035,2018
PROVINCE_HUC:National Capital Region:Makati:EGGS,All surveyed individuals,PROVINCE_HUC,National Capital Region,93,Makati,PROVINCE_OR_HUC,EGGS,epwt_fg18,Eggs,11,32.377565,15.303466,855,252104.071,1.13061,2018
PROVINCE_HUC:National Capital Region:Makati:DRIED_BEANS,All surveyed individuals,PROVINCE_HUC,National Capital Region,93,Makati,PROVINCE_OR_HUC,DRIED_BEANS,epwt_fg7,Dried Beans,12,35.016149,8.213581,855,252104.071,1.546752,2018
PROVINCE_HUC:National Capital Region:Makati:OTHER_FRUITS,All surveyed individuals,PROVINCE_HUC,National Capital Region,93,Makati,PROVINCE_OR_HUC,OTHER_FRUITS,epwt_fg13,Other Fruits,13,17.00878,21.630737,855,252104.071,1.502335,2018
PROVINCE_HUC:National Capital Region:Makati:STARCHY_ROOTS_TUBERS,All surveyed individuals,PROVINCE_HUC,National Capital Region,93,Makati,PROVINCE_OR_HUC,STARCHY_ROOTS_TUBERS,epwt_fg5,Starchy Roots and Tubers,14,20.789492,8.611618,855,252104.071,1.455343,2018
PROVINCE_HUC:National Capital Region:Makati:WHOLE_MILK,All surveyed individuals,PROVINCE_HUC,National Capital Region,93,Makati,PROVINCE_OR_HUC,WHOLE_MILK,epwt_fg20,Whole Milk,15,19.065127,10.745204,855,252104.071,1.119126,2018
PROVINCE_HUC:National Capital Region:Makati:MILK_PRODUCTS,All surveyed individuals,PROVINCE_HUC,National Capital Region,93,Makati,PROVINCE_OR_HUC,MILK_PRODUCTS,epwt_fg21,Milk Products,16,11.154388,7.019865,855,252104.071,2.975063,2018
PROVINCE_HUC:National Capital Region:Makati:CONDIMENTS_SPICES,All surveyed individuals,PROVINCE_HUC,National Capital Region,93,Makati,PROVINCE_OR_HUC,CONDIMENTS_SPICES,epwt_fg26,Condiments and Spices,17,14.739503,1.722579,855,252104.071,0.985287,2018
PROVINCE_HUC:National Capital Region:Makati:CORN_PRODUCTS,All surveyed individuals,PROVINCE_HUC,National Capital Region,93,Makati,PROVINCE_OR_HUC,CORN_PRODUCTS,epwt_fg3,Corn and Products,18,6.143409,4.347986,855,252104.071,0.554334,2018
PROVINCE_HUC:National Capital Region:Makati:VITAMIN_C_RICH_FRUITS,All surveyed individuals,PROVINCE_HUC,National Capital Region,93,Makati,PROVINCE_OR_HUC,VITAMIN_C_RICH_FRUITS,epwt_fg12,Vitamin C-Rich Fruits,19,5.101129,4.036839,855,252104.071,1.579572,2018
PROVINCE_HUC:National Capital Region:Makati:OTHER_MISCELLANEOUS,All surveyed individuals,PROVINCE_HUC,National Capital Region,93,Makati,PROVINCE_OR_HUC,OTHER_MISCELLANEOUS,epwt_fg27,Other Miscellaneous,20,8.138469,1.269453,855,252104.071,0.622054,2018
PROVINCE_HUC:National Capital Region:Malabon:RICE_PRODUCTS,All surveyed individuals,PROVINCE_HUC,National Capital Region,90,Malabon,PROVINCE_OR_HUC,RICE_PRODUCTS,epwt_fg2,Rice and Products,1,99.057951,205.505017,1103,151413.298,0.936752,2019
PROVINCE_HUC:National Capital Region:Malabon:OTHER_CEREAL_PRODUCTS,All surveyed individuals,PROVINCE_HUC,National Capital Region,90,Malabon,PROVINCE_OR_HUC,OTHER_CEREAL_PRODUCTS,epwt_fg4,Other Cereal Products,2,73.132677,61.864225,1103,151413.298,1.39251,2019
PROVINCE_HUC:National Capital Region:Malabon:MEAT_PRODUCTS,All surveyed individuals,PROVINCE_HUC,National Capital Region,90,Malabon,PROVINCE_OR_HUC,MEAT_PRODUCTS,epwt_fg16,Meat and Meat Products,3,58.592005,51.573751,1103,151413.298,1.287412,2019
PROVINCE_HUC:National Capital Region:Malabon:BEVERAGES,All surveyed individuals,PROVINCE_HUC,National Capital Region,90,Malabon,PROVINCE_OR_HUC,BEVERAGES,epwt_fg25,Beverages,4,51.943826,38.881437,1103,151413.298,1.509159,2019
PROVINCE_HUC:National Capital Region:Malabon:FISH_PRODUCTS,All surveyed individuals,PROVINCE_HUC,National Capital Region,90,Malabon,PROVINCE_OR_HUC,FISH_PRODUCTS,epwt_fg15,Fish and Fish Products,5,46.870599,30.43358,1103,151413.298,0.699001,2019
PROVINCE_HUC:National Capital Region:Malabon:FATS_OILS,All surveyed individuals,PROVINCE_HUC,National Capital Region,90,Malabon,PROVINCE_OR_HUC,FATS_OILS,epwt_fg23,Fats and Oils,6,69.597385,6.564307,1103,151413.298,1.219086,2019
PROVINCE_HUC:National Capital Region:Malabon:SUGAR_SYRUPS,All surveyed individuals,PROVINCE_HUC,National Capital Region,90,Malabon,PROVINCE_OR_HUC,SUGAR_SYRUPS,epwt_fg6,Sugar and Syrups,7,32.077488,42.543945,1103,151413.298,1.203784,2019
PROVINCE_HUC:National Capital Region:Malabon:OTHER_VEGETABLES,All surveyed individuals,PROVINCE_HUC,National Capital Region,90,Malabon,PROVINCE_OR_HUC,OTHER_VEGETABLES,epwt_fg10,Other Vegetables,8,39.843608,19.323877,1103,151413.298,0.682667,2019
PROVINCE_HUC:National Capital Region:Malabon:POULTRY,All surveyed individuals,PROVINCE_HUC,National Capital Region,90,Malabon,PROVINCE_OR_HUC,POULTRY,epwt_fg17,Poultry,9,32.633458,24.428267,1103,151413.298,1.211497,2019
PROVINCE_HUC:National Capital Region:Malabon:GREEN_LEAFY_YELLOW_VEGETABLES,All surveyed individuals,PROVINCE_HUC,National Capital Region,90,Malabon,PROVINCE_OR_HUC,GREEN_LEAFY_YELLOW_VEGETABLES,epwt_fg9,Green Leafy and Yellow Vegetables,10,34.099083,8.514788,1103,151413.298,0.586369,2019
PROVINCE_HUC:National Capital Region:Malabon:EGGS,All surveyed individuals,PROVINCE_HUC,National Capital Region,90,Malabon,PROVINCE_OR_HUC,EGGS,epwt_fg18,Eggs,11,27.434479,11.772977,1103,151413.298,0.86978,2019
PROVINCE_HUC:National Capital Region:Malabon:WHOLE_MILK,All surveyed individuals,PROVINCE_HUC,National Capital Region,90,Malabon,PROVINCE_OR_HUC,WHOLE_MILK,epwt_fg20,Whole Milk,12,23.000558,12.736966,1103,151413.298,1.326571,2019
PROVINCE_HUC:National Capital Region:Malabon:DRIED_BEANS,All surveyed individuals,PROVINCE_HUC,National Capital Region,90,Malabon,PROVINCE_OR_HUC,DRIED_BEANS,epwt_fg7,Dried Beans,13,25.402676,6.843521,1103,151413.298,1.288747,2019
PROVINCE_HUC:National Capital Region:Malabon:STARCHY_ROOTS_TUBERS,All surveyed individuals,PROVINCE_HUC,National Capital Region,90,Malabon,PROVINCE_OR_HUC,STARCHY_ROOTS_TUBERS,epwt_fg5,Starchy Roots and Tubers,14,15.77548,6.510849,1103,151413.298,1.100318,2019
PROVINCE_HUC:National Capital Region:Malabon:OTHER_FRUITS,All surveyed individuals,PROVINCE_HUC,National Capital Region,90,Malabon,PROVINCE_OR_HUC,OTHER_FRUITS,epwt_fg13,Other Fruits,15,9.085971,10.645929,1103,151413.298,0.7394,2019
PROVINCE_HUC:National Capital Region:Malabon:VITAMIN_C_RICH_FRUITS,All surveyed individuals,PROVINCE_HUC,National Capital Region,90,Malabon,PROVINCE_OR_HUC,VITAMIN_C_RICH_FRUITS,epwt_fg12,Vitamin C-Rich Fruits,16,7.260948,11.070782,1103,151413.298,4.331878,2019
PROVINCE_HUC:National Capital Region:Malabon:CONDIMENTS_SPICES,All surveyed individuals,PROVINCE_HUC,National Capital Region,90,Malabon,PROVINCE_OR_HUC,CONDIMENTS_SPICES,epwt_fg26,Condiments and Spices,17,17.108348,1.437702,1103,151413.298,0.822342,2019
PROVINCE_HUC:National Capital Region:Malabon:MILK_PRODUCTS,All surveyed individuals,PROVINCE_HUC,National Capital Region,90,Malabon,PROVINCE_OR_HUC,MILK_PRODUCTS,epwt_fg21,Milk Products,18,6.284197,3.219591,1103,151413.298,1.364483,2019
PROVINCE_HUC:National Capital Region:Malabon:CORN_PRODUCTS,All surveyed individuals,PROVINCE_HUC,National Capital Region,90,Malabon,PROVINCE_OR_HUC,CORN_PRODUCTS,epwt_fg3,Corn and Products,19,3.314712,1.938227,1103,151413.298,0.247109,2019
PROVINCE_HUC:National Capital Region:Malabon:OTHER_MISCELLANEOUS,All surveyed individuals,PROVINCE_HUC,National Capital Region,90,Malabon,PROVINCE_OR_HUC,OTHER_MISCELLANEOUS,epwt_fg27,Other Miscellaneous,20,3.692261,0.898186,1103,151413.298,0.440127,2019
PROVINCE_HUC:National Capital Region:Mandaluyong:RICE_PRODUCTS,All surveyed individuals,PROVINCE_HUC,National Capital Region,84,Mandaluyong,PROVINCE_OR_HUC,RICE_PRODUCTS,epwt_fg2,Rice and Products,1,96.013944,193.528394,1009,194075.246,0.882159,2018
PROVINCE_HUC:National Capital Region:Mandaluyong:MEAT_PRODUCTS,All surveyed individuals,PROVINCE_HUC,National Capital Region,84,Mandaluyong,PROVINCE_OR_HUC,MEAT_PRODUCTS,epwt_fg16,Meat and Meat Products,2,69.35506,78.386396,1009,194075.246,1.956724,2018
PROVINCE_HUC:National Capital Region:Mandaluyong:OTHER_CEREAL_PRODUCTS,All surveyed individuals,PROVINCE_HUC,National Capital Region,84,Mandaluyong,PROVINCE_OR_HUC,OTHER_CEREAL_PRODUCTS,epwt_fg4,Other Cereal Products,3,72.232689,62.3286,1009,194075.246,1.402963,2018
PROVINCE_HUC:National Capital Region:Mandaluyong:BEVERAGES,All surveyed individuals,PROVINCE_HUC,National Capital Region,84,Mandaluyong,PROVINCE_OR_HUC,BEVERAGES,epwt_fg25,Beverages,4,50.466593,32.739273,1009,194075.246,1.270755,2018
PROVINCE_HUC:National Capital Region:Mandaluyong:FATS_OILS,All surveyed individuals,PROVINCE_HUC,National Capital Region,84,Mandaluyong,PROVINCE_OR_HUC,FATS_OILS,epwt_fg23,Fats and Oils,5,70.980467,8.449732,1009,194075.246,1.569236,2018
PROVINCE_HUC:National Capital Region:Mandaluyong:OTHER_VEGETABLES,All surveyed individuals,PROVINCE_HUC,National Capital Region,84,Mandaluyong,PROVINCE_OR_HUC,OTHER_VEGETABLES,epwt_fg10,Other Vegetables,6,46.576936,28.427961,1009,194075.246,1.004292,2018
PROVINCE_HUC:National Capital Region:Mandaluyong:POULTRY,All surveyed individuals,PROVINCE_HUC,National Capital Region,84,Mandaluyong,PROVINCE_OR_HUC,POULTRY,epwt_fg17,Poultry,7,38.580454,35.858952,1009,194075.246,1.778391,2018
PROVINCE_HUC:National Capital Region:Mandaluyong:FISH_PRODUCTS,All surveyed individuals,PROVINCE_HUC,National Capital Region,84,Mandaluyong,PROVINCE_OR_HUC,FISH_PRODUCTS,epwt_fg15,Fish and Fish Products,8,39.168209,25.872873,1009,194075.246,0.59425,2018
PROVINCE_HUC:National Capital Region:Mandaluyong:EGGS,All surveyed individuals,PROVINCE_HUC,National Capital Region,84,Mandaluyong,PROVINCE_OR_HUC,EGGS,epwt_fg18,Eggs,9,37.444291,17.435244,1009,194075.246,1.288105,2018
PROVINCE_HUC:National Capital Region:Mandaluyong:SUGAR_SYRUPS,All surveyed individuals,PROVINCE_HUC,National Capital Region,84,Mandaluyong,PROVINCE_OR_HUC,SUGAR_SYRUPS,epwt_fg6,Sugar and Syrups,10,29.330115,37.372517,1009,194075.246,1.057458,2018
PROVINCE_HUC:National Capital Region:Mandaluyong:GREEN_LEAFY_YELLOW_VEGETABLES,All surveyed individuals,PROVINCE_HUC,National Capital Region,84,Mandaluyong,PROVINCE_OR_HUC,GREEN_LEAFY_YELLOW_VEGETABLES,epwt_fg9,Green Leafy and Yellow Vegetables,11,36.857682,12.449393,1009,194075.246,0.857325,2018
PROVINCE_HUC:National Capital Region:Mandaluyong:WHOLE_MILK,All surveyed individuals,PROVINCE_HUC,National Capital Region,84,Mandaluyong,PROVINCE_OR_HUC,WHOLE_MILK,epwt_fg20,Whole Milk,12,24.322252,14.002159,1009,194075.246,1.458342,2018
PROVINCE_HUC:National Capital Region:Mandaluyong:DRIED_BEANS,All surveyed individuals,PROVINCE_HUC,National Capital Region,84,Mandaluyong,PROVINCE_OR_HUC,DRIED_BEANS,epwt_fg7,Dried Beans,13,24.976956,6.397241,1009,194075.246,1.204705,2018
PROVINCE_HUC:National Capital Region:Mandaluyong:STARCHY_ROOTS_TUBERS,All surveyed individuals,PROVINCE_HUC,National Capital Region,84,Mandaluyong,PROVINCE_OR_HUC,STARCHY_ROOTS_TUBERS,epwt_fg5,Starchy Roots and Tubers,14,19.234792,7.219856,1009,194075.246,1.220139,2018
PROVINCE_HUC:National Capital Region:Mandaluyong:OTHER_FRUITS,All surveyed individuals,PROVINCE_HUC,National Capital Region,84,Mandaluyong,PROVINCE_OR_HUC,OTHER_FRUITS,epwt_fg13,Other Fruits,15,12.627171,14.344983,1009,194075.246,0.996313,2018
PROVINCE_HUC:National Capital Region:Mandaluyong:CONDIMENTS_SPICES,All surveyed individuals,PROVINCE_HUC,National Capital Region,84,Mandaluyong,PROVINCE_OR_HUC,CONDIMENTS_SPICES,epwt_fg26,Condiments and Spices,16,16.81509,2.100219,1009,194075.246,1.201291,2018
PROVINCE_HUC:National Capital Region:Mandaluyong:MILK_PRODUCTS,All surveyed individuals,PROVINCE_HUC,National Capital Region,84,Mandaluyong,PROVINCE_OR_HUC,MILK_PRODUCTS,epwt_fg21,Milk Products,17,10.770434,4.504939,1009,194075.246,1.909221,2018
PROVINCE_HUC:National Capital Region:Mandaluyong:OTHER_MISCELLANEOUS,All surveyed individuals,PROVINCE_HUC,National Capital Region,84,Mandaluyong,PROVINCE_OR_HUC,OTHER_MISCELLANEOUS,epwt_fg27,Other Miscellaneous,18,5.521392,2.250695,1009,194075.246,1.102879,2018
PROVINCE_HUC:National Capital Region:Mandaluyong:VITAMIN_C_RICH_FRUITS,All surveyed individuals,PROVINCE_HUC,National Capital Region,84,Mandaluyong,PROVINCE_OR_HUC,VITAMIN_C_RICH_FRUITS,epwt_fg12,Vitamin C-Rich Fruits,19,4.29462,2.532194,1009,194075.246,0.99082,2018
PROVINCE_HUC:National Capital Region:Mandaluyong:CORN_PRODUCTS,All surveyed individuals,PROVINCE_HUC,National Capital Region,84,Mandaluyong,PROVINCE_OR_HUC,CORN_PRODUCTS,epwt_fg3,Corn and Products,20,4.189471,1.989787,1009,194075.246,0.253682,2018
PROVINCE_HUC:National Capital Region:Manila:RICE_PRODUCTS,All surveyed individuals,PROVINCE_HUC,National Capital Region,83,Manila,PROVINCE_OR_HUC,RICE_PRODUCTS,epwt_fg2,Rice and Products,1,97.468674,192.858493,1529,1120570.965,0.879105,2018
PROVINCE_HUC:National Capital Region:Manila:OTHER_CEREAL_PRODUCTS,All surveyed individuals,PROVINCE_HUC,National Capital Region,83,Manila,PROVINCE_OR_HUC,OTHER_CEREAL_PRODUCTS,epwt_fg4,Other Cereal Products,2,72.391485,57.753359,1529,1120570.965,1.299978,2018
PROVINCE_HUC:National Capital Region:Manila:MEAT_PRODUCTS,All surveyed individuals,PROVINCE_HUC,National Capital Region,83,Manila,PROVINCE_OR_HUC,MEAT_PRODUCTS,epwt_fg16,Meat and Meat Products,3,66.160057,74.541927,1529,1120570.965,1.860756,2018
PROVINCE_HUC:National Capital Region:Manila:BEVERAGES,All surveyed individuals,PROVINCE_HUC,National Capital Region,83,Manila,PROVINCE_OR_HUC,BEVERAGES,epwt_fg25,Beverages,4,54.358614,59.240247,1529,1120570.965,2.299374,2018
PROVINCE_HUC:National Capital Region:Manila:FATS_OILS,All surveyed individuals,PROVINCE_HUC,National Capital Region,83,Manila,PROVINCE_OR_HUC,FATS_OILS,epwt_fg23,Fats and Oils,5,72.941338,7.585937,1529,1120570.965,1.408817,2018
PROVINCE_HUC:National Capital Region:Manila:FISH_PRODUCTS,All surveyed individuals,PROVINCE_HUC,National Capital Region,83,Manila,PROVINCE_OR_HUC,FISH_PRODUCTS,epwt_fg15,Fish and Fish Products,6,41.435033,28.808128,1529,1120570.965,0.661667,2018
PROVINCE_HUC:National Capital Region:Manila:OTHER_VEGETABLES,All surveyed individuals,PROVINCE_HUC,National Capital Region,83,Manila,PROVINCE_OR_HUC,OTHER_VEGETABLES,epwt_fg10,Other Vegetables,7,41.842733,23.481252,1529,1120570.965,0.829537,2018
PROVINCE_HUC:National Capital Region:Manila:POULTRY,All surveyed individuals,PROVINCE_HUC,National Capital Region,83,Manila,PROVINCE_OR_HUC,POULTRY,epwt_fg17,Poultry,8,34.836673,28.959995,1529,1120570.965,1.436244,2018
PROVINCE_HUC:National Capital Region:Manila:SUGAR_SYRUPS,All surveyed individuals,PROVINCE_HUC,National Capital Region,83,Manila,PROVINCE_OR_HUC,SUGAR_SYRUPS,epwt_fg6,Sugar and Syrups,9,30.002332,46.835439,1529,1120570.965,1.325212,2018
PROVINCE_HUC:National Capital Region:Manila:EGGS,All surveyed individuals,PROVINCE_HUC,National Capital Region,83,Manila,PROVINCE_OR_HUC,EGGS,epwt_fg18,Eggs,10,34.906924,16.510633,1529,1120570.965,1.219795,2018
PROVINCE_HUC:National Capital Region:Manila:GREEN_LEAFY_YELLOW_VEGETABLES,All surveyed individuals,PROVINCE_HUC,National Capital Region,83,Manila,PROVINCE_OR_HUC,GREEN_LEAFY_YELLOW_VEGETABLES,epwt_fg9,Green Leafy and Yellow Vegetables,11,29.973822,8.088689,1529,1120570.965,0.557026,2018
PROVINCE_HUC:National Capital Region:Manila:DRIED_BEANS,All surveyed individuals,PROVINCE_HUC,National Capital Region,83,Manila,PROVINCE_OR_HUC,DRIED_BEANS,epwt_fg7,Dried Beans,12,23.67835,6.09876,1529,1120570.965,1.148497,2018
PROVINCE_HUC:National Capital Region:Manila:WHOLE_MILK,All surveyed individuals,PROVINCE_HUC,National Capital Region,83,Manila,PROVINCE_OR_HUC,WHOLE_MILK,epwt_fg20,Whole Milk,13,17.648223,9.332665,1529,1120570.965,0.972009,2018
PROVINCE_HUC:National Capital Region:Manila:OTHER_FRUITS,All surveyed individuals,PROVINCE_HUC,National Capital Region,83,Manila,PROVINCE_OR_HUC,OTHER_FRUITS,epwt_fg13,Other Fruits,14,13.561088,13.569213,1529,1120570.965,0.942433,2018
PROVINCE_HUC:National Capital Region:Manila:STARCHY_ROOTS_TUBERS,All surveyed individuals,PROVINCE_HUC,National Capital Region,83,Manila,PROVINCE_OR_HUC,STARCHY_ROOTS_TUBERS,epwt_fg5,Starchy Roots and Tubers,15,14.457013,6.491164,1529,1120570.965,1.096992,2018
PROVINCE_HUC:National Capital Region:Manila:MILK_PRODUCTS,All surveyed individuals,PROVINCE_HUC,National Capital Region,83,Manila,PROVINCE_OR_HUC,MILK_PRODUCTS,epwt_fg21,Milk Products,16,9.083589,6.066702,1529,1120570.965,2.571106,2018
PROVINCE_HUC:National Capital Region:Manila:CONDIMENTS_SPICES,All surveyed individuals,PROVINCE_HUC,National Capital Region,83,Manila,PROVINCE_OR_HUC,CONDIMENTS_SPICES,epwt_fg26,Condiments and Spices,17,11.937243,1.676127,1529,1120570.965,0.958717,2018
PROVINCE_HUC:National Capital Region:Manila:CORN_PRODUCTS,All surveyed individuals,PROVINCE_HUC,National Capital Region,83,Manila,PROVINCE_OR_HUC,CORN_PRODUCTS,epwt_fg3,Corn and Products,18,4.334257,2.689553,1529,1120570.965,0.342897,2018
PROVINCE_HUC:National Capital Region:Manila:VITAMIN_C_RICH_FRUITS,All surveyed individuals,PROVINCE_HUC,National Capital Region,83,Manila,PROVINCE_OR_HUC,VITAMIN_C_RICH_FRUITS,epwt_fg12,Vitamin C-Rich Fruits,19,3.616561,2.708217,1529,1120570.965,1.059696,2018
PROVINCE_HUC:National Capital Region:Manila:OTHER_MISCELLANEOUS,All surveyed individuals,PROVINCE_HUC,National Capital Region,83,Manila,PROVINCE_OR_HUC,OTHER_MISCELLANEOUS,epwt_fg27,Other Miscellaneous,20,3.985997,1.978091,1529,1120570.965,0.969299,2018
PROVINCE_HUC:National Capital Region:Marikina:RICE_PRODUCTS,All surveyed individuals,PROVINCE_HUC,National Capital Region,87,Marikina,PROVINCE_OR_HUC,RICE_PRODUCTS,epwt_fg2,Rice and Products,1,98.279578,207.616287,1073,205023.429,0.946376,2019
PROVINCE_HUC:National Capital Region:Marikina:OTHER_CEREAL_PRODUCTS,All surveyed individuals,PROVINCE_HUC,National Capital Region,87,Marikina,PROVINCE_OR_HUC,OTHER_CEREAL_PRODUCTS,epwt_fg4,Other Cereal Products,2,73.730906,65.247285,1073,205023.429,1.46866,2019
PROVINCE_HUC:National Capital Region:Marikina:MEAT_PRODUCTS,All surveyed individuals,PROVINCE_HUC,National Capital Region,87,Marikina,PROVINCE_OR_HUC,MEAT_PRODUCTS,epwt_fg16,Meat and Meat Products,3,63.759051,72.570426,1073,205023.429,1.811542,2019
PROVINCE_HUC:National Capital Region:Marikina:BEVERAGES,All surveyed individuals,PROVINCE_HUC,National Capital Region,87,Marikina,PROVINCE_OR_HUC,BEVERAGES,epwt_fg25,Beverages,4,52.510325,49.687955,1073,205023.429,1.928608,2019
PROVINCE_HUC:National Capital Region:Marikina:FISH_PRODUCTS,All surveyed individuals,PROVINCE_HUC,National Capital Region,87,Marikina,PROVINCE_OR_HUC,FISH_PRODUCTS,epwt_fg15,Fish and Fish Products,5,45.352048,29.197369,1073,205023.429,0.670607,2019
PROVINCE_HUC:National Capital Region:Marikina:FATS_OILS,All surveyed individuals,PROVINCE_HUC,National Capital Region,87,Marikina,PROVINCE_OR_HUC,FATS_OILS,epwt_fg23,Fats and Oils,6,71.711146,6.559705,1073,205023.429,1.218231,2019
PROVINCE_HUC:National Capital Region:Marikina:OTHER_VEGETABLES,All surveyed individuals,PROVINCE_HUC,National Capital Region,87,Marikina,PROVINCE_OR_HUC,OTHER_VEGETABLES,epwt_fg10,Other Vegetables,7,44.492299,21.909263,1073,205023.429,0.774002,2019
PROVINCE_HUC:National Capital Region:Marikina:SUGAR_SYRUPS,All surveyed individuals,PROVINCE_HUC,National Capital Region,87,Marikina,PROVINCE_OR_HUC,SUGAR_SYRUPS,epwt_fg6,Sugar and Syrups,8,32.4952,52.859169,1073,205023.429,1.495654,2019
PROVINCE_HUC:National Capital Region:Marikina:POULTRY,All surveyed individuals,PROVINCE_HUC,National Capital Region,87,Marikina,PROVINCE_OR_HUC,POULTRY,epwt_fg17,Poultry,9,29.346845,25.945507,1073,205023.429,1.286743,2019
PROVINCE_HUC:National Capital Region:Marikina:EGGS,All surveyed individuals,PROVINCE_HUC,National Capital Region,87,Marikina,PROVINCE_OR_HUC,EGGS,epwt_fg18,Eggs,10,32.401345,15.491242,1073,205023.429,1.144483,2019
PROVINCE_HUC:National Capital Region:Marikina:GREEN_LEAFY_YELLOW_VEGETABLES,All surveyed individuals,PROVINCE_HUC,National Capital Region,87,Marikina,PROVINCE_OR_HUC,GREEN_LEAFY_YELLOW_VEGETABLES,epwt_fg9,Green Leafy and Yellow Vegetables,11,34.526412,9.097102,1073,205023.429,0.62647,2019
PROVINCE_HUC:National Capital Region:Marikina:WHOLE_MILK,All surveyed individuals,PROVINCE_HUC,National Capital Region,87,Marikina,PROVINCE_OR_HUC,WHOLE_MILK,epwt_fg20,Whole Milk,12,22.42535,14.401861,1073,205023.429,1.499972,2019
PROVINCE_HUC:National Capital Region:Marikina:DRIED_BEANS,All surveyed individuals,PROVINCE_HUC,National Capital Region,87,Marikina,PROVINCE_OR_HUC,DRIED_BEANS,epwt_fg7,Dried Beans,13,26.584415,8.197352,1073,205023.429,1.543696,2019
PROVINCE_HUC:National Capital Region:Marikina:STARCHY_ROOTS_TUBERS,All surveyed individuals,PROVINCE_HUC,National Capital Region,87,Marikina,PROVINCE_OR_HUC,STARCHY_ROOTS_TUBERS,epwt_fg5,Starchy Roots and Tubers,14,18.074303,7.935562,1073,205023.429,1.341092,2019
PROVINCE_HUC:National Capital Region:Marikina:OTHER_FRUITS,All surveyed individuals,PROVINCE_HUC,National Capital Region,87,Marikina,PROVINCE_OR_HUC,OTHER_FRUITS,epwt_fg13,Other Fruits,15,11.466251,13.573896,1073,205023.429,0.942758,2019
PROVINCE_HUC:National Capital Region:Marikina:MILK_PRODUCTS,All surveyed individuals,PROVINCE_HUC,National Capital Region,87,Marikina,PROVINCE_OR_HUC,MILK_PRODUCTS,epwt_fg21,Milk Products,16,8.509577,3.637773,1073,205023.429,1.541711,2019
PROVINCE_HUC:National Capital Region:Marikina:VITAMIN_C_RICH_FRUITS,All surveyed individuals,PROVINCE_HUC,National Capital Region,87,Marikina,PROVINCE_OR_HUC,VITAMIN_C_RICH_FRUITS,epwt_fg12,Vitamin C-Rich Fruits,17,6.171558,6.44633,1073,205023.429,2.52238,2019
PROVINCE_HUC:National Capital Region:Marikina:CONDIMENTS_SPICES,All surveyed individuals,PROVINCE_HUC,National Capital Region,87,Marikina,PROVINCE_OR_HUC,CONDIMENTS_SPICES,epwt_fg26,Condiments and Spices,18,12.678626,1.464988,1073,205023.429,0.837949,2019
PROVINCE_HUC:National Capital Region:Marikina:OTHER_MISCELLANEOUS,All surveyed individuals,PROVINCE_HUC,National Capital Region,87,Marikina,PROVINCE_OR_HUC,OTHER_MISCELLANEOUS,epwt_fg27,Other Miscellaneous,19,7.615429,3.369731,1073,205023.429,1.651226,2019
PROVINCE_HUC:National Capital Region:Marikina:CORN_PRODUCTS,All surveyed individuals,PROVINCE_HUC,National Capital Region,87,Marikina,PROVINCE_OR_HUC,CORN_PRODUCTS,epwt_fg3,Corn and Products,20,3.169692,1.230889,1073,205023.429,0.156929,2019
PROVINCE_HUC:National Capital Region:Muntinlupa:RICE_PRODUCTS,All surveyed individuals,PROVINCE_HUC,National Capital Region,98,Muntinlupa,PROVINCE_OR_HUC,RICE_PRODUCTS,epwt_fg2,Rice and Products,1,98.441836,182.004798,1007,226765.625,0.829631,2021
PROVINCE_HUC:National Capital Region:Muntinlupa:OTHER_CEREAL_PRODUCTS,All surveyed individuals,PROVINCE_HUC,National Capital Region,98,Muntinlupa,PROVINCE_OR_HUC,OTHER_CEREAL_PRODUCTS,epwt_fg4,Other Cereal Products,2,72.889901,55.484822,1007,226765.625,1.248915,2021
PROVINCE_HUC:National Capital Region:Muntinlupa:MEAT_PRODUCTS,All surveyed individuals,PROVINCE_HUC,National Capital Region,98,Muntinlupa,PROVINCE_OR_HUC,MEAT_PRODUCTS,epwt_fg16,Meat and Meat Products,3,50.792744,47.102049,1007,226765.625,1.175787,2021
PROVINCE_HUC:National Capital Region:Muntinlupa:BEVERAGES,All surveyed individuals,PROVINCE_HUC,National Capital Region,98,Muntinlupa,PROVINCE_OR_HUC,BEVERAGES,epwt_fg25,Beverages,4,48.056588,26.990466,1007,226765.625,1.047619,2021
PROVINCE_HUC:National Capital Region:Muntinlupa:FISH_PRODUCTS,All surveyed individuals,PROVINCE_HUC,National Capital Region,98,Muntinlupa,PROVINCE_OR_HUC,FISH_PRODUCTS,epwt_fg15,Fish and Fish Products,5,45.856751,31.382129,1007,226765.625,0.720787,2021
PROVINCE_HUC:National Capital Region:Muntinlupa:FATS_OILS,All surveyed individuals,PROVINCE_HUC,National Capital Region,98,Muntinlupa,PROVINCE_OR_HUC,FATS_OILS,epwt_fg23,Fats and Oils,6,71.518566,6.202515,1007,226765.625,1.151896,2021
PROVINCE_HUC:National Capital Region:Muntinlupa:OTHER_VEGETABLES,All surveyed individuals,PROVINCE_HUC,National Capital Region,98,Muntinlupa,PROVINCE_OR_HUC,OTHER_VEGETABLES,epwt_fg10,Other Vegetables,7,38.844773,19.738638,1007,226765.625,0.697319,2021
PROVINCE_HUC:National Capital Region:Muntinlupa:POULTRY,All surveyed individuals,PROVINCE_HUC,National Capital Region,98,Muntinlupa,PROVINCE_OR_HUC,POULTRY,epwt_fg17,Poultry,8,33.953707,27.7236,1007,226765.625,1.374926,2021
PROVINCE_HUC:National Capital Region:Muntinlupa:EGGS,All surveyed individuals,PROVINCE_HUC,National Capital Region,98,Muntinlupa,PROVINCE_OR_HUC,EGGS,epwt_fg18,Eggs,9,37.494972,16.989629,1007,226765.625,1.255183,2021
PROVINCE_HUC:National Capital Region:Muntinlupa:SUGAR_SYRUPS,All surveyed individuals,PROVINCE_HUC,National Capital Region,98,Muntinlupa,PROVINCE_OR_HUC,SUGAR_SYRUPS,epwt_fg6,Sugar and Syrups,10,24.517363,37.285989,1007,226765.625,1.055009,2021
PROVINCE_HUC:National Capital Region:Muntinlupa:GREEN_LEAFY_YELLOW_VEGETABLES,All surveyed individuals,PROVINCE_HUC,National Capital Region,98,Muntinlupa,PROVINCE_OR_HUC,GREEN_LEAFY_YELLOW_VEGETABLES,epwt_fg9,Green Leafy and Yellow Vegetables,11,33.055366,9.698034,1007,226765.625,0.667853,2021
PROVINCE_HUC:National Capital Region:Muntinlupa:DRIED_BEANS,All surveyed individuals,PROVINCE_HUC,National Capital Region,98,Muntinlupa,PROVINCE_OR_HUC,DRIED_BEANS,epwt_fg7,Dried Beans,12,29.639461,6.498112,1007,226765.625,1.223701,2021
PROVINCE_HUC:National Capital Region:Muntinlupa:WHOLE_MILK,All surveyed individuals,PROVINCE_HUC,National Capital Region,98,Muntinlupa,PROVINCE_OR_HUC,WHOLE_MILK,epwt_fg20,Whole Milk,13,17.11752,10.354961,1007,226765.625,1.078482,2021
PROVINCE_HUC:National Capital Region:Muntinlupa:OTHER_FRUITS,All surveyed individuals,PROVINCE_HUC,National Capital Region,98,Muntinlupa,PROVINCE_OR_HUC,OTHER_FRUITS,epwt_fg13,Other Fruits,14,11.671276,14.333187,1007,226765.625,0.995493,2021
PROVINCE_HUC:National Capital Region:Muntinlupa:CONDIMENTS_SPICES,All surveyed individuals,PROVINCE_HUC,National Capital Region,98,Muntinlupa,PROVINCE_OR_HUC,CONDIMENTS_SPICES,epwt_fg26,Condiments and Spices,15,22.08,2.082838,1007,226765.625,1.191349,2021
PROVINCE_HUC:National Capital Region:Muntinlupa:STARCHY_ROOTS_TUBERS,All surveyed individuals,PROVINCE_HUC,National Capital Region,98,Muntinlupa,PROVINCE_OR_HUC,STARCHY_ROOTS_TUBERS,epwt_fg5,Starchy Roots and Tubers,16,12.314196,4.249123,1007,226765.625,0.718092,2021
PROVINCE_HUC:National Capital Region:Muntinlupa:VITAMIN_C_RICH_FRUITS,All surveyed individuals,PROVINCE_HUC,National Capital Region,98,Muntinlupa,PROVINCE_OR_HUC,VITAMIN_C_RICH_FRUITS,epwt_fg12,Vitamin C-Rich Fruits,17,5.41169,2.615628,1007,226765.625,1.023467,2021
PROVINCE_HUC:National Capital Region:Muntinlupa:MILK_PRODUCTS,All surveyed individuals,PROVINCE_HUC,National Capital Region,98,Muntinlupa,PROVINCE_OR_HUC,MILK_PRODUCTS,epwt_fg21,Milk Products,18,4.497703,1.933276,1007,226765.625,0.819334,2021
PROVINCE_HUC:National Capital Region:Muntinlupa:OTHER_MISCELLANEOUS,All surveyed individuals,PROVINCE_HUC,National Capital Region,98,Muntinlupa,PROVINCE_OR_HUC,OTHER_MISCELLANEOUS,epwt_fg27,Other Miscellaneous,19,4.698481,1.360403,1007,226765.625,0.666621,2021
PROVINCE_HUC:National Capital Region:Muntinlupa:CORN_PRODUCTS,All surveyed individuals,PROVINCE_HUC,National Capital Region,98,Muntinlupa,PROVINCE_OR_HUC,CORN_PRODUCTS,epwt_fg3,Corn and Products,20,3.604889,1.007387,1007,226765.625,0.128434,2021
PROVINCE_HUC:National Capital Region:Navotas:RICE_PRODUCTS,All surveyed individuals,PROVINCE_HUC,National Capital Region,91,Navotas,PROVINCE_OR_HUC,RICE_PRODUCTS,epwt_fg2,Rice and Products,1,99.134718,222.2795,564,56885.352,1.013215,2021
PROVINCE_HUC:National Capital Region:Navotas:OTHER_CEREAL_PRODUCTS,All surveyed individuals,PROVINCE_HUC,National Capital Region,91,Navotas,PROVINCE_OR_HUC,OTHER_CEREAL_PRODUCTS,epwt_fg4,Other Cereal Products,2,73.13114,65.345108,564,56885.352,1.470862,2021
PROVINCE_HUC:National Capital Region:Navotas:FISH_PRODUCTS,All surveyed individuals,PROVINCE_HUC,National Capital Region,91,Navotas,PROVINCE_OR_HUC,FISH_PRODUCTS,epwt_fg15,Fish and Fish Products,3,57.073893,46.78513,564,56885.352,1.074564,2021
PROVINCE_HUC:National Capital Region:Navotas:BEVERAGES,All surveyed individuals,PROVINCE_HUC,National Capital Region,91,Navotas,PROVINCE_OR_HUC,BEVERAGES,epwt_fg25,Beverages,4,57.499274,40.418591,564,56885.352,1.568823,2021
PROVINCE_HUC:National Capital Region:Navotas:MEAT_PRODUCTS,All surveyed individuals,PROVINCE_HUC,National Capital Region,91,Navotas,PROVINCE_OR_HUC,MEAT_PRODUCTS,epwt_fg16,Meat and Meat Products,5,53.745999,50.415343,564,56885.352,1.258495,2021
PROVINCE_HUC:National Capital Region:Navotas:FATS_OILS,All surveyed individuals,PROVINCE_HUC,National Capital Region,91,Navotas,PROVINCE_OR_HUC,FATS_OILS,epwt_fg23,Fats and Oils,6,72.354097,6.721473,564,56885.352,1.248273,2021
PROVINCE_HUC:National Capital Region:Navotas:OTHER_VEGETABLES,All surveyed individuals,PROVINCE_HUC,National Capital Region,91,Navotas,PROVINCE_OR_HUC,OTHER_VEGETABLES,epwt_fg10,Other Vegetables,7,41.531831,24.155564,564,56885.352,0.853359,2021
PROVINCE_HUC:National Capital Region:Navotas:EGGS,All surveyed individuals,PROVINCE_HUC,National Capital Region,91,Navotas,PROVINCE_OR_HUC,EGGS,epwt_fg18,Eggs,8,35.675576,18.20421,564,56885.352,1.344916,2021
PROVINCE_HUC:National Capital Region:Navotas:SUGAR_SYRUPS,All surveyed individuals,PROVINCE_HUC,National Capital Region,91,Navotas,PROVINCE_OR_HUC,SUGAR_SYRUPS,epwt_fg6,Sugar and Syrups,9,28.310517,38.29671,564,56885.352,1.083608,2021
PROVINCE_HUC:National Capital Region:Navotas:GREEN_LEAFY_YELLOW_VEGETABLES,All surveyed individuals,PROVINCE_HUC,National Capital Region,91,Navotas,PROVINCE_OR_HUC,GREEN_LEAFY_YELLOW_VEGETABLES,epwt_fg9,Green Leafy and Yellow Vegetables,10,34.290023,10.231849,564,56885.352,0.704614,2021
PROVINCE_HUC:National Capital Region:Navotas:POULTRY,All surveyed individuals,PROVINCE_HUC,National Capital Region,91,Navotas,PROVINCE_OR_HUC,POULTRY,epwt_fg17,Poultry,11,26.05482,22.228472,564,56885.352,1.1024,2021
PROVINCE_HUC:National Capital Region:Navotas:DRIED_BEANS,All surveyed individuals,PROVINCE_HUC,National Capital Region,91,Navotas,PROVINCE_OR_HUC,DRIED_BEANS,epwt_fg7,Dried Beans,12,28.033908,5.214111,564,56885.352,0.981903,2021
PROVINCE_HUC:National Capital Region:Navotas:WHOLE_MILK,All surveyed individuals,PROVINCE_HUC,National Capital Region,91,Navotas,PROVINCE_OR_HUC,WHOLE_MILK,epwt_fg20,Whole Milk,13,15.130789,7.874532,564,56885.352,0.820142,2021
PROVINCE_HUC:National Capital Region:Navotas:OTHER_FRUITS,All surveyed individuals,PROVINCE_HUC,National Capital Region,91,Navotas,PROVINCE_OR_HUC,OTHER_FRUITS,epwt_fg13,Other Fruits,14,11.228611,13.065335,564,56885.352,0.907436,2021
PROVINCE_HUC:National Capital Region:Navotas:CONDIMENTS_SPICES,All surveyed individuals,PROVINCE_HUC,National Capital Region,91,Navotas,PROVINCE_OR_HUC,CONDIMENTS_SPICES,epwt_fg26,Condiments and Spices,15,22.889361,1.851879,564,56885.352,1.059244,2021
PROVINCE_HUC:National Capital Region:Navotas:STARCHY_ROOTS_TUBERS,All surveyed individuals,PROVINCE_HUC,National Capital Region,91,Navotas,PROVINCE_OR_HUC,STARCHY_ROOTS_TUBERS,epwt_fg5,Starchy Roots and Tubers,16,9.510859,2.906042,564,56885.352,0.491114,2021
PROVINCE_HUC:National Capital Region:Navotas:MILK_PRODUCTS,All surveyed individuals,PROVINCE_HUC,National Capital Region,91,Navotas,PROVINCE_OR_HUC,MILK_PRODUCTS,epwt_fg21,Milk Products,17,8.470686,3.492044,564,56885.352,1.47995,2021
PROVINCE_HUC:National Capital Region:Navotas:VITAMIN_C_RICH_FRUITS,All surveyed individuals,PROVINCE_HUC,National Capital Region,91,Navotas,PROVINCE_OR_HUC,VITAMIN_C_RICH_FRUITS,epwt_fg12,Vitamin C-Rich Fruits,18,5.015799,5.089756,564,56885.352,1.991567,2021
PROVINCE_HUC:National Capital Region:Navotas:OTHER_MISCELLANEOUS,All surveyed individuals,PROVINCE_HUC,National Capital Region,91,Navotas,PROVINCE_OR_HUC,OTHER_MISCELLANEOUS,epwt_fg27,Other Miscellaneous,19,7.259305,1.993518,564,56885.352,0.976858,2021
PROVINCE_HUC:National Capital Region:Navotas:CORN_PRODUCTS,All surveyed individuals,PROVINCE_HUC,National Capital Region,91,Navotas,PROVINCE_OR_HUC,CORN_PRODUCTS,epwt_fg3,Corn and Products,20,4.397042,1.265319,564,56885.352,0.161318,2021
PROVINCE_HUC:National Capital Region:Parañaque:RICE_PRODUCTS,All surveyed individuals,PROVINCE_HUC,National Capital Region,96,Parañaque,PROVINCE_OR_HUC,RICE_PRODUCTS,epwt_fg2,Rice and Products,1,98.916759,193.12001,435,214909.554,0.880297,2019
PROVINCE_HUC:National Capital Region:Parañaque:OTHER_CEREAL_PRODUCTS,All surveyed individuals,PROVINCE_HUC,National Capital Region,96,Parañaque,PROVINCE_OR_HUC,OTHER_CEREAL_PRODUCTS,epwt_fg4,Other Cereal Products,2,72.329237,58.595818,435,214909.554,1.318941,2019
PROVINCE_HUC:National Capital Region:Parañaque:MEAT_PRODUCTS,All surveyed individuals,PROVINCE_HUC,National Capital Region,96,Parañaque,PROVINCE_OR_HUC,MEAT_PRODUCTS,epwt_fg16,Meat and Meat Products,3,65.633924,68.360066,435,214909.554,1.706441,2019
PROVINCE_HUC:National Capital Region:Parañaque:BEVERAGES,All surveyed individuals,PROVINCE_HUC,National Capital Region,96,Parañaque,PROVINCE_OR_HUC,BEVERAGES,epwt_fg25,Beverages,4,52.666689,36.964597,435,214909.554,1.434758,2019
PROVINCE_HUC:National Capital Region:Parañaque:FISH_PRODUCTS,All surveyed individuals,PROVINCE_HUC,National Capital Region,96,Parañaque,PROVINCE_OR_HUC,FISH_PRODUCTS,epwt_fg15,Fish and Fish Products,5,42.894665,28.48834,435,214909.554,0.654322,2019
PROVINCE_HUC:National Capital Region:Parañaque:FATS_OILS,All surveyed individuals,PROVINCE_HUC,National Capital Region,96,Parañaque,PROVINCE_OR_HUC,FATS_OILS,epwt_fg23,Fats and Oils,6,71.938393,5.840842,435,214909.554,1.084728,2019
PROVINCE_HUC:National Capital Region:Parañaque:OTHER_VEGETABLES,All surveyed individuals,PROVINCE_HUC,National Capital Region,96,Parañaque,PROVINCE_OR_HUC,OTHER_VEGETABLES,epwt_fg10,Other Vegetables,7,41.207962,24.879569,435,214909.554,0.878936,2019
PROVINCE_HUC:National Capital Region:Parañaque:SUGAR_SYRUPS,All surveyed individuals,PROVINCE_HUC,National Capital Region,96,Parañaque,PROVINCE_OR_HUC,SUGAR_SYRUPS,epwt_fg6,Sugar and Syrups,8,30.835635,33.105085,435,214909.554,0.936711,2019
PROVINCE_HUC:National Capital Region:Parañaque:EGGS,All surveyed individuals,PROVINCE_HUC,National Capital Region,96,Parañaque,PROVINCE_OR_HUC,EGGS,epwt_fg18,Eggs,9,36.57145,17.589397,435,214909.554,1.299494,2019
PROVINCE_HUC:National Capital Region:Parañaque:GREEN_LEAFY_YELLOW_VEGETABLES,All surveyed individuals,PROVINCE_HUC,National Capital Region,96,Parañaque,PROVINCE_OR_HUC,GREEN_LEAFY_YELLOW_VEGETABLES,epwt_fg9,Green Leafy and Yellow Vegetables,10,38.870302,10.294071,435,214909.554,0.708899,2019
PROVINCE_HUC:National Capital Region:Parañaque:POULTRY,All surveyed individuals,PROVINCE_HUC,National Capital Region,96,Parañaque,PROVINCE_OR_HUC,POULTRY,epwt_fg17,Poultry,11,26.994696,22.694327,435,214909.554,1.125504,2019
PROVINCE_HUC:National Capital Region:Parañaque:WHOLE_MILK,All surveyed individuals,PROVINCE_HUC,National Capital Region,96,Parañaque,PROVINCE_OR_HUC,WHOLE_MILK,epwt_fg20,Whole Milk,12,22.588977,14.684992,435,214909.554,1.52946,2019
PROVINCE_HUC:National Capital Region:Parañaque:DRIED_BEANS,All surveyed individuals,PROVINCE_HUC,National Capital Region,96,Parañaque,PROVINCE_OR_HUC,DRIED_BEANS,epwt_fg7,Dried Beans,13,23.477942,6.775465,435,214909.554,1.275931,2019
PROVINCE_HUC:National Capital Region:Parañaque:STARCHY_ROOTS_TUBERS,All surveyed individuals,PROVINCE_HUC,National Capital Region,96,Parañaque,PROVINCE_OR_HUC,STARCHY_ROOTS_TUBERS,epwt_fg5,Starchy Roots and Tubers,14,16.255626,5.587351,435,214909.554,0.944249,2019
PROVINCE_HUC:National Capital Region:Parañaque:OTHER_FRUITS,All surveyed individuals,PROVINCE_HUC,National Capital Region,96,Parañaque,PROVINCE_OR_HUC,OTHER_FRUITS,epwt_fg13,Other Fruits,15,10.548766,10.41943,435,214909.554,0.723668,2019
PROVINCE_HUC:National Capital Region:Parañaque:OTHER_MISCELLANEOUS,All surveyed individuals,PROVINCE_HUC,National Capital Region,96,Parañaque,PROVINCE_OR_HUC,OTHER_MISCELLANEOUS,epwt_fg27,Other Miscellaneous,16,6.157497,3.939734,435,214909.554,1.930538,2019
PROVINCE_HUC:National Capital Region:Parañaque:MILK_PRODUCTS,All surveyed individuals,PROVINCE_HUC,National Capital Region,96,Parañaque,PROVINCE_OR_HUC,MILK_PRODUCTS,epwt_fg21,Milk Products,17,6.278107,3.046474,435,214909.554,1.291115,2019
PROVINCE_HUC:National Capital Region:Parañaque:CONDIMENTS_SPICES,All surveyed individuals,PROVINCE_HUC,National Capital Region,96,Parañaque,PROVINCE_OR_HUC,CONDIMENTS_SPICES,epwt_fg26,Condiments and Spices,18,11.895257,0.967722,435,214909.554,0.553521,2019
PROVINCE_HUC:National Capital Region:Parañaque:VITAMIN_C_RICH_FRUITS,All surveyed individuals,PROVINCE_HUC,National Capital Region,96,Parañaque,PROVINCE_OR_HUC,VITAMIN_C_RICH_FRUITS,epwt_fg12,Vitamin C-Rich Fruits,19,2.067185,1.754359,435,214909.554,0.686462,2019
PROVINCE_HUC:National Capital Region:Parañaque:CORN_PRODUCTS,All surveyed individuals,PROVINCE_HUC,National Capital Region,96,Parañaque,PROVINCE_OR_HUC,CORN_PRODUCTS,epwt_fg3,Corn and Products,20,2.334443,0.827925,435,214909.554,0.105554,2019
PROVINCE_HUC:National Capital Region:Pasay:RICE_PRODUCTS,All surveyed individuals,PROVINCE_HUC,National Capital Region,99,Pasay,PROVINCE_OR_HUC,RICE_PRODUCTS,epwt_fg2,Rice and Products,1,97.428318,178.125471,1367,207939.049,0.811948,2021
PROVINCE_HUC:National Capital Region:Pasay:OTHER_CEREAL_PRODUCTS,All surveyed individuals,PROVINCE_HUC,National Capital Region,99,Pasay,PROVINCE_OR_HUC,OTHER_CEREAL_PRODUCTS,epwt_fg4,Other Cereal Products,2,71.305774,61.707417,1367,207939.049,1.388981,2021
PROVINCE_HUC:National Capital Region:Pasay:MEAT_PRODUCTS,All surveyed individuals,PROVINCE_HUC,National Capital Region,99,Pasay,PROVINCE_OR_HUC,MEAT_PRODUCTS,epwt_fg16,Meat and Meat Products,3,51.079283,48.227977,1367,207939.049,1.203893,2021
PROVINCE_HUC:National Capital Region:Pasay:BEVERAGES,All surveyed individuals,PROVINCE_HUC,National Capital Region,99,Pasay,PROVINCE_OR_HUC,BEVERAGES,epwt_fg25,Beverages,4,48.083162,33.233157,1367,207939.049,1.289925,2021
PROVINCE_HUC:National Capital Region:Pasay:FISH_PRODUCTS,All surveyed individuals,PROVINCE_HUC,National Capital Region,99,Pasay,PROVINCE_OR_HUC,FISH_PRODUCTS,epwt_fg15,Fish and Fish Products,5,44.999803,28.493383,1367,207939.049,0.654438,2021
PROVINCE_HUC:National Capital Region:Pasay:FATS_OILS,All surveyed individuals,PROVINCE_HUC,National Capital Region,99,Pasay,PROVINCE_OR_HUC,FATS_OILS,epwt_fg23,Fats and Oils,6,71.296621,5.998773,1367,207939.049,1.114058,2021
PROVINCE_HUC:National Capital Region:Pasay:SUGAR_SYRUPS,All surveyed individuals,PROVINCE_HUC,National Capital Region,99,Pasay,PROVINCE_OR_HUC,SUGAR_SYRUPS,epwt_fg6,Sugar and Syrups,7,30.646716,62.39946,1367,207939.049,1.765597,2021
PROVINCE_HUC:National Capital Region:Pasay:OTHER_VEGETABLES,All surveyed individuals,PROVINCE_HUC,National Capital Region,99,Pasay,PROVINCE_OR_HUC,OTHER_VEGETABLES,epwt_fg10,Other Vegetables,8,39.713428,19.772449,1367,207939.049,0.698514,2021
PROVINCE_HUC:National Capital Region:Pasay:EGGS,All surveyed individuals,PROVINCE_HUC,National Capital Region,99,Pasay,PROVINCE_OR_HUC,EGGS,epwt_fg18,Eggs,9,37.592874,20.598116,1367,207939.049,1.521776,2021
PROVINCE_HUC:National Capital Region:Pasay:POULTRY,All surveyed individuals,PROVINCE_HUC,National Capital Region,99,Pasay,PROVINCE_OR_HUC,POULTRY,epwt_fg17,Poultry,10,33.76268,24.922974,1367,207939.049,1.236032,2021
PROVINCE_HUC:National Capital Region:Pasay:GREEN_LEAFY_YELLOW_VEGETABLES,All surveyed individuals,PROVINCE_HUC,National Capital Region,99,Pasay,PROVINCE_OR_HUC,GREEN_LEAFY_YELLOW_VEGETABLES,epwt_fg9,Green Leafy and Yellow Vegetables,11,34.440395,9.028936,1367,207939.049,0.621776,2021
PROVINCE_HUC:National Capital Region:Pasay:DRIED_BEANS,All surveyed individuals,PROVINCE_HUC,National Capital Region,99,Pasay,PROVINCE_OR_HUC,DRIED_BEANS,epwt_fg7,Dried Beans,12,29.17415,6.169297,1367,207939.049,1.16178,2021
PROVINCE_HUC:National Capital Region:Pasay:WHOLE_MILK,All surveyed individuals,PROVINCE_HUC,National Capital Region,99,Pasay,PROVINCE_OR_HUC,WHOLE_MILK,epwt_fg20,Whole Milk,13,17.777918,13.400225,1367,207939.049,1.39565,2021
PROVINCE_HUC:National Capital Region:Pasay:OTHER_FRUITS,All surveyed individuals,PROVINCE_HUC,National Capital Region,99,Pasay,PROVINCE_OR_HUC,OTHER_FRUITS,epwt_fg13,Other Fruits,14,14.69538,15.625589,1367,207939.049,1.085255,2021
PROVINCE_HUC:National Capital Region:Pasay:STARCHY_ROOTS_TUBERS,All surveyed individuals,PROVINCE_HUC,National Capital Region,99,Pasay,PROVINCE_OR_HUC,STARCHY_ROOTS_TUBERS,epwt_fg5,Starchy Roots and Tubers,15,15.607194,6.847868,1367,207939.049,1.157274,2021
PROVINCE_HUC:National Capital Region:Pasay:CONDIMENTS_SPICES,All surveyed individuals,PROVINCE_HUC,National Capital Region,99,Pasay,PROVINCE_OR_HUC,CONDIMENTS_SPICES,epwt_fg26,Condiments and Spices,16,18.875951,1.691406,1367,207939.049,0.967456,2021
PROVINCE_HUC:National Capital Region:Pasay:MILK_PRODUCTS,All surveyed individuals,PROVINCE_HUC,National Capital Region,99,Pasay,PROVINCE_OR_HUC,MILK_PRODUCTS,epwt_fg21,Milk Products,17,7.015097,3.817079,1367,207939.049,1.617702,2021
PROVINCE_HUC:National Capital Region:Pasay:OTHER_MISCELLANEOUS,All surveyed individuals,PROVINCE_HUC,National Capital Region,99,Pasay,PROVINCE_OR_HUC,OTHER_MISCELLANEOUS,epwt_fg27,Other Miscellaneous,18,4.707196,3.082199,1367,207939.049,1.510331,2021
PROVINCE_HUC:National Capital Region:Pasay:VITAMIN_C_RICH_FRUITS,All surveyed individuals,PROVINCE_HUC,National Capital Region,99,Pasay,PROVINCE_OR_HUC,VITAMIN_C_RICH_FRUITS,epwt_fg12,Vitamin C-Rich Fruits,19,3.753572,1.701992,1367,207939.049,0.665971,2021
PROVINCE_HUC:National Capital Region:Pasay:CORN_PRODUCTS,All surveyed individuals,PROVINCE_HUC,National Capital Region,99,Pasay,PROVINCE_OR_HUC,CORN_PRODUCTS,epwt_fg3,Corn and Products,20,3.172315,1.074089,1367,207939.049,0.136938,2021
PROVINCE_HUC:National Capital Region:Pasig:RICE_PRODUCTS,All surveyed individuals,PROVINCE_HUC,National Capital Region,88,Pasig,PROVINCE_OR_HUC,RICE_PRODUCTS,epwt_fg2,Rice and Products,1,98.311665,180.354539,817,288542.146,0.822109,2021
PROVINCE_HUC:National Capital Region:Pasig:OTHER_CEREAL_PRODUCTS,All surveyed individuals,PROVINCE_HUC,National Capital Region,88,Pasig,PROVINCE_OR_HUC,OTHER_CEREAL_PRODUCTS,epwt_fg4,Other Cereal Products,2,77.365329,65.703674,817,288542.146,1.478933,2021
PROVINCE_HUC:National Capital Region:Pasig:MEAT_PRODUCTS,All surveyed individuals,PROVINCE_HUC,National Capital Region,88,Pasig,PROVINCE_OR_HUC,MEAT_PRODUCTS,epwt_fg16,Meat and Meat Products,3,45.919244,43.119338,817,288542.146,1.076368,2021
PROVINCE_HUC:National Capital Region:Pasig:FISH_PRODUCTS,All surveyed individuals,PROVINCE_HUC,National Capital Region,88,Pasig,PROVINCE_OR_HUC,FISH_PRODUCTS,epwt_fg15,Fish and Fish Products,4,49.683558,30.147955,817,288542.146,0.69244,2021
PROVINCE_HUC:National Capital Region:Pasig:BEVERAGES,All surveyed individuals,PROVINCE_HUC,National Capital Region,88,Pasig,PROVINCE_OR_HUC,BEVERAGES,epwt_fg25,Beverages,5,45.429872,30.577637,817,288542.146,1.186852,2021
PROVINCE_HUC:National Capital Region:Pasig:FATS_OILS,All surveyed individuals,PROVINCE_HUC,National Capital Region,88,Pasig,PROVINCE_OR_HUC,FATS_OILS,epwt_fg23,Fats and Oils,6,73.679589,5.62463,817,288542.146,1.044574,2021
PROVINCE_HUC:National Capital Region:Pasig:OTHER_VEGETABLES,All surveyed individuals,PROVINCE_HUC,National Capital Region,88,Pasig,PROVINCE_OR_HUC,OTHER_VEGETABLES,epwt_fg10,Other Vegetables,7,40.730794,22.533552,817,288542.146,0.796057,2021
PROVINCE_HUC:National Capital Region:Pasig:EGGS,All surveyed individuals,PROVINCE_HUC,National Capital Region,88,Pasig,PROVINCE_OR_HUC,EGGS,epwt_fg18,Eggs,8,38.170537,19.800188,817,288542.146,1.462825,2021
PROVINCE_HUC:National Capital Region:Pasig:POULTRY,All surveyed individuals,PROVINCE_HUC,National Capital Region,88,Pasig,PROVINCE_OR_HUC,POULTRY,epwt_fg17,Poultry,9,33.650773,24.724023,817,288542.146,1.226165,2021
PROVINCE_HUC:National Capital Region:Pasig:SUGAR_SYRUPS,All surveyed individuals,PROVINCE_HUC,National Capital Region,88,Pasig,PROVINCE_OR_HUC,SUGAR_SYRUPS,epwt_fg6,Sugar and Syrups,10,27.650359,47.896629,817,288542.146,1.355238,2021
PROVINCE_HUC:National Capital Region:Pasig:WHOLE_MILK,All surveyed individuals,PROVINCE_HUC,National Capital Region,88,Pasig,PROVINCE_OR_HUC,WHOLE_MILK,epwt_fg20,Whole Milk,11,22.422959,16.486632,817,288542.146,1.717103,2021
PROVINCE_HUC:National Capital Region:Pasig:GREEN_LEAFY_YELLOW_VEGETABLES,All surveyed individuals,PROVINCE_HUC,National Capital Region,88,Pasig,PROVINCE_OR_HUC,GREEN_LEAFY_YELLOW_VEGETABLES,epwt_fg9,Green Leafy and Yellow Vegetables,12,27.24485,9.184322,817,288542.146,0.632477,2021
PROVINCE_HUC:National Capital Region:Pasig:DRIED_BEANS,All surveyed individuals,PROVINCE_HUC,National Capital Region,88,Pasig,PROVINCE_OR_HUC,DRIED_BEANS,epwt_fg7,Dried Beans,13,31.713203,6.081362,817,288542.146,1.14522,2021
PROVINCE_HUC:National Capital Region:Pasig:OTHER_FRUITS,All surveyed individuals,PROVINCE_HUC,National Capital Region,88,Pasig,PROVINCE_OR_HUC,OTHER_FRUITS,epwt_fg13,Other Fruits,14,17.711569,22.385123,817,288542.146,1.55473,2021
PROVINCE_HUC:National Capital Region:Pasig:CONDIMENTS_SPICES,All surveyed individuals,PROVINCE_HUC,National Capital Region,88,Pasig,PROVINCE_OR_HUC,CONDIMENTS_SPICES,epwt_fg26,Condiments and Spices,15,22.920742,1.802307,817,288542.146,1.03089,2021
PROVINCE_HUC:National Capital Region:Pasig:STARCHY_ROOTS_TUBERS,All surveyed individuals,PROVINCE_HUC,National Capital Region,88,Pasig,PROVINCE_OR_HUC,STARCHY_ROOTS_TUBERS,epwt_fg5,Starchy Roots and Tubers,16,12.191454,4.897212,817,288542.146,0.827617,2021
PROVINCE_HUC:National Capital Region:Pasig:MILK_PRODUCTS,All surveyed individuals,PROVINCE_HUC,National Capital Region,88,Pasig,PROVINCE_OR_HUC,MILK_PRODUCTS,epwt_fg21,Milk Products,17,5.910429,2.281817,817,288542.146,0.967048,2021
PROVINCE_HUC:National Capital Region:Pasig:OTHER_MISCELLANEOUS,All surveyed individuals,PROVINCE_HUC,National Capital Region,88,Pasig,PROVINCE_OR_HUC,OTHER_MISCELLANEOUS,epwt_fg27,Other Miscellaneous,18,4.628925,1.86974,817,288542.146,0.916205,2021
PROVINCE_HUC:National Capital Region:Pasig:VITAMIN_C_RICH_FRUITS,All surveyed individuals,PROVINCE_HUC,National Capital Region,88,Pasig,PROVINCE_OR_HUC,VITAMIN_C_RICH_FRUITS,epwt_fg12,Vitamin C-Rich Fruits,19,3.765797,1.873084,817,288542.146,0.732918,2021
PROVINCE_HUC:National Capital Region:Pasig:CORN_PRODUCTS,All surveyed individuals,PROVINCE_HUC,National Capital Region,88,Pasig,PROVINCE_OR_HUC,CORN_PRODUCTS,epwt_fg3,Corn and Products,20,2.653606,0.915015,817,288542.146,0.116657,2021
PROVINCE_HUC:National Capital Region:Quezon City:RICE_PRODUCTS,All surveyed individuals,PROVINCE_HUC,National Capital Region,86,Quezon City,PROVINCE_OR_HUC,RICE_PRODUCTS,epwt_fg2,Rice and Products,1,97.205787,216.025552,1288,2017833.28,0.984708,2018
PROVINCE_HUC:National Capital Region:Quezon City:OTHER_CEREAL_PRODUCTS,All surveyed individuals,PROVINCE_HUC,National Capital Region,86,Quezon City,PROVINCE_OR_HUC,OTHER_CEREAL_PRODUCTS,epwt_fg4,Other Cereal Products,2,76.811632,69.807212,1288,2017833.28,1.5713,2018
PROVINCE_HUC:National Capital Region:Quezon City:MEAT_PRODUCTS,All surveyed individuals,PROVINCE_HUC,National Capital Region,86,Quezon City,PROVINCE_OR_HUC,MEAT_PRODUCTS,epwt_fg16,Meat and Meat Products,3,67.603351,77.23342,1288,2017833.28,1.927942,2018
PROVINCE_HUC:National Capital Region:Quezon City:BEVERAGES,All surveyed individuals,PROVINCE_HUC,National Capital Region,86,Quezon City,PROVINCE_OR_HUC,BEVERAGES,epwt_fg25,Beverages,4,55.910467,53.788022,1288,2017833.28,2.087749,2018
PROVINCE_HUC:National Capital Region:Quezon City:OTHER_VEGETABLES,All surveyed individuals,PROVINCE_HUC,National Capital Region,86,Quezon City,PROVINCE_OR_HUC,OTHER_VEGETABLES,epwt_fg10,Other Vegetables,5,53.528677,31.447915,1288,2017833.28,1.11098,2018
PROVINCE_HUC:National Capital Region:Quezon City:FISH_PRODUCTS,All surveyed individuals,PROVINCE_HUC,National Capital Region,86,Quezon City,PROVINCE_OR_HUC,FISH_PRODUCTS,epwt_fg15,Fish and Fish Products,6,46.369161,32.073949,1288,2017833.28,0.736677,2018
PROVINCE_HUC:National Capital Region:Quezon City:SUGAR_SYRUPS,All surveyed individuals,PROVINCE_HUC,National Capital Region,86,Quezon City,PROVINCE_OR_HUC,SUGAR_SYRUPS,epwt_fg6,Sugar and Syrups,7,38.724779,57.773396,1288,2017833.28,1.634702,2018
PROVINCE_HUC:National Capital Region:Quezon City:FATS_OILS,All surveyed individuals,PROVINCE_HUC,National Capital Region,86,Quezon City,PROVINCE_OR_HUC,FATS_OILS,epwt_fg23,Fats and Oils,8,68.778194,6.967751,1288,2017833.28,1.294011,2018
PROVINCE_HUC:National Capital Region:Quezon City:POULTRY,All surveyed individuals,PROVINCE_HUC,National Capital Region,86,Quezon City,PROVINCE_OR_HUC,POULTRY,epwt_fg17,Poultry,9,37.22345,34.155534,1288,2017833.28,1.693912,2018
PROVINCE_HUC:National Capital Region:Quezon City:EGGS,All surveyed individuals,PROVINCE_HUC,National Capital Region,86,Quezon City,PROVINCE_OR_HUC,EGGS,epwt_fg18,Eggs,10,39.981704,18.178169,1288,2017833.28,1.342992,2018
PROVINCE_HUC:National Capital Region:Quezon City:GREEN_LEAFY_YELLOW_VEGETABLES,All surveyed individuals,PROVINCE_HUC,National Capital Region,86,Quezon City,PROVINCE_OR_HUC,GREEN_LEAFY_YELLOW_VEGETABLES,epwt_fg9,Green Leafy and Yellow Vegetables,11,41.211255,11.889318,1288,2017833.28,0.818756,2018
PROVINCE_HUC:National Capital Region:Quezon City:DRIED_BEANS,All surveyed individuals,PROVINCE_HUC,National Capital Region,86,Quezon City,PROVINCE_OR_HUC,DRIED_BEANS,epwt_fg7,Dried Beans,12,29.599623,9.085954,1288,2017833.28,1.711034,2018
PROVINCE_HUC:National Capital Region:Quezon City:WHOLE_MILK,All surveyed individuals,PROVINCE_HUC,National Capital Region,86,Quezon City,PROVINCE_OR_HUC,WHOLE_MILK,epwt_fg20,Whole Milk,13,21.122493,15.403454,1288,2017833.28,1.604289,2018
PROVINCE_HUC:National Capital Region:Quezon City:OTHER_FRUITS,All surveyed individuals,PROVINCE_HUC,National Capital Region,86,Quezon City,PROVINCE_OR_HUC,OTHER_FRUITS,epwt_fg13,Other Fruits,14,18.155814,19.244244,1288,2017833.28,1.336585,2018
PROVINCE_HUC:National Capital Region:Quezon City:STARCHY_ROOTS_TUBERS,All surveyed individuals,PROVINCE_HUC,National Capital Region,86,Quezon City,PROVINCE_OR_HUC,STARCHY_ROOTS_TUBERS,epwt_fg5,Starchy Roots and Tubers,15,21.156307,9.191581,1288,2017833.28,1.553356,2018
PROVINCE_HUC:National Capital Region:Quezon City:CONDIMENTS_SPICES,All surveyed individuals,PROVINCE_HUC,National Capital Region,86,Quezon City,PROVINCE_OR_HUC,CONDIMENTS_SPICES,epwt_fg26,Condiments and Spices,16,23.721948,3.028761,1288,2017833.28,1.732401,2018
PROVINCE_HUC:National Capital Region:Quezon City:OTHER_MISCELLANEOUS,All surveyed individuals,PROVINCE_HUC,National Capital Region,86,Quezon City,PROVINCE_OR_HUC,OTHER_MISCELLANEOUS,epwt_fg27,Other Miscellaneous,17,13.425672,6.277055,1288,2017833.28,3.075865,2018
PROVINCE_HUC:National Capital Region:Quezon City:MILK_PRODUCTS,All surveyed individuals,PROVINCE_HUC,National Capital Region,86,Quezon City,PROVINCE_OR_HUC,MILK_PRODUCTS,epwt_fg21,Milk Products,18,12.81578,6.35775,1288,2017833.28,2.694454,2018
PROVINCE_HUC:National Capital Region:Quezon City:CORN_PRODUCTS,All surveyed individuals,PROVINCE_HUC,National Capital Region,86,Quezon City,PROVINCE_OR_HUC,CORN_PRODUCTS,epwt_fg3,Corn and Products,19,7.008704,2.629598,1288,2017833.28,0.335253,2018
PROVINCE_HUC:National Capital Region:Quezon City:VITAMIN_C_RICH_FRUITS,All surveyed individuals,PROVINCE_HUC,National Capital Region,86,Quezon City,PROVINCE_OR_HUC,VITAMIN_C_RICH_FRUITS,epwt_fg12,Vitamin C-Rich Fruits,20,4.420113,3.31301,1288,2017833.28,1.296345,2018
PROVINCE_HUC:National Capital Region:San Juan:RICE_PRODUCTS,All surveyed individuals,PROVINCE_HUC,National Capital Region,85,San Juan,PROVINCE_OR_HUC,RICE_PRODUCTS,epwt_fg2,Rice and Products,1,97.99243,204.573714,424,58748.118,0.932507,2018
PROVINCE_HUC:National Capital Region:San Juan:OTHER_CEREAL_PRODUCTS,All surveyed individuals,PROVINCE_HUC,National Capital Region,85,San Juan,PROVINCE_OR_HUC,OTHER_CEREAL_PRODUCTS,epwt_fg4,Other Cereal Products,2,81.946363,82.810516,424,58748.118,1.863993,2018
PROVINCE_HUC:National Capital Region:San Juan:MEAT_PRODUCTS,All surveyed individuals,PROVINCE_HUC,National Capital Region,85,San Juan,PROVINCE_OR_HUC,MEAT_PRODUCTS,epwt_fg16,Meat and Meat Products,3,75.310353,89.23446,424,58748.118,2.227519,2018
PROVINCE_HUC:National Capital Region:San Juan:BEVERAGES,All surveyed individuals,PROVINCE_HUC,National Capital Region,85,San Juan,PROVINCE_OR_HUC,BEVERAGES,epwt_fg25,Beverages,4,63.419638,72.987033,424,58748.118,2.832947,2018
PROVINCE_HUC:National Capital Region:San Juan:OTHER_VEGETABLES,All surveyed individuals,PROVINCE_HUC,National Capital Region,85,San Juan,PROVINCE_OR_HUC,OTHER_VEGETABLES,epwt_fg10,Other Vegetables,5,51.368609,30.924872,424,58748.118,1.092502,2018
PROVINCE_HUC:National Capital Region:San Juan:FATS_OILS,All surveyed individuals,PROVINCE_HUC,National Capital Region,85,San Juan,PROVINCE_OR_HUC,FATS_OILS,epwt_fg23,Fats and Oils,6,76.346721,7.896819,424,58748.118,1.466552,2018
PROVINCE_HUC:National Capital Region:San Juan:FISH_PRODUCTS,All surveyed individuals,PROVINCE_HUC,National Capital Region,85,San Juan,PROVINCE_OR_HUC,FISH_PRODUCTS,epwt_fg15,Fish and Fish Products,7,45.052075,30.628894,424,58748.118,0.703486,2018
PROVINCE_HUC:National Capital Region:San Juan:SUGAR_SYRUPS,All surveyed individuals,PROVINCE_HUC,National Capital Region,85,San Juan,PROVINCE_OR_HUC,SUGAR_SYRUPS,epwt_fg6,Sugar and Syrups,8,34.770354,63.613996,424,58748.118,1.799962,2018
PROVINCE_HUC:National Capital Region:San Juan:POULTRY,All surveyed individuals,PROVINCE_HUC,National Capital Region,85,San Juan,PROVINCE_OR_HUC,POULTRY,epwt_fg17,Poultry,9,33.737677,31.570252,424,58748.118,1.565697,2018
PROVINCE_HUC:National Capital Region:San Juan:GREEN_LEAFY_YELLOW_VEGETABLES,All surveyed individuals,PROVINCE_HUC,National Capital Region,85,San Juan,PROVINCE_OR_HUC,GREEN_LEAFY_YELLOW_VEGETABLES,epwt_fg9,Green Leafy and Yellow Vegetables,10,37.464567,11.742673,424,58748.118,0.808657,2018
PROVINCE_HUC:National Capital Region:San Juan:EGGS,All surveyed individuals,PROVINCE_HUC,National Capital Region,85,San Juan,PROVINCE_OR_HUC,EGGS,epwt_fg18,Eggs,11,33.075865,15.809813,424,58748.118,1.168019,2018
PROVINCE_HUC:National Capital Region:San Juan:DRIED_BEANS,All surveyed individuals,PROVINCE_HUC,National Capital Region,85,San Juan,PROVINCE_OR_HUC,DRIED_BEANS,epwt_fg7,Dried Beans,12,31.94365,12.131973,424,58748.118,2.28465,2018
PROVINCE_HUC:National Capital Region:San Juan:STARCHY_ROOTS_TUBERS,All surveyed individuals,PROVINCE_HUC,National Capital Region,85,San Juan,PROVINCE_OR_HUC,STARCHY_ROOTS_TUBERS,epwt_fg5,Starchy Roots and Tubers,13,25.755605,10.473834,424,58748.118,1.770054,2018
PROVINCE_HUC:National Capital Region:San Juan:WHOLE_MILK,All surveyed individuals,PROVINCE_HUC,National Capital Region,85,San Juan,PROVINCE_OR_HUC,WHOLE_MILK,epwt_fg20,Whole Milk,14,23.088344,12.031859,424,58748.118,1.253133,2018
PROVINCE_HUC:National Capital Region:San Juan:OTHER_FRUITS,All surveyed individuals,PROVINCE_HUC,National Capital Region,85,San Juan,PROVINCE_OR_HUC,OTHER_FRUITS,epwt_fg13,Other Fruits,15,17.253436,16.848855,424,58748.118,1.170216,2018
PROVINCE_HUC:National Capital Region:San Juan:MILK_PRODUCTS,All surveyed individuals,PROVINCE_HUC,National Capital Region,85,San Juan,PROVINCE_OR_HUC,MILK_PRODUCTS,epwt_fg21,Milk Products,16,14.182149,6.578949,424,58748.118,2.788199,2018
PROVINCE_HUC:National Capital Region:San Juan:CONDIMENTS_SPICES,All surveyed individuals,PROVINCE_HUC,National Capital Region,85,San Juan,PROVINCE_OR_HUC,CONDIMENTS_SPICES,epwt_fg26,Condiments and Spices,17,14.014915,1.783296,424,58748.118,1.020016,2018
PROVINCE_HUC:National Capital Region:San Juan:OTHER_MISCELLANEOUS,All surveyed individuals,PROVINCE_HUC,National Capital Region,85,San Juan,PROVINCE_OR_HUC,OTHER_MISCELLANEOUS,epwt_fg27,Other Miscellaneous,18,8.607129,1.425429,424,58748.118,0.698485,2018
PROVINCE_HUC:National Capital Region:San Juan:VITAMIN_C_RICH_FRUITS,All surveyed individuals,PROVINCE_HUC,National Capital Region,85,San Juan,PROVINCE_OR_HUC,VITAMIN_C_RICH_FRUITS,epwt_fg12,Vitamin C-Rich Fruits,19,4.90808,3.158103,424,58748.118,1.235732,2018
PROVINCE_HUC:National Capital Region:San Juan:CORN_PRODUCTS,All surveyed individuals,PROVINCE_HUC,National Capital Region,85,San Juan,PROVINCE_OR_HUC,CORN_PRODUCTS,epwt_fg3,Corn and Products,20,5.518088,2.414528,424,58748.118,0.307833,2018
PROVINCE_HUC:National Capital Region:Taguig:RICE_PRODUCTS,All surveyed individuals,PROVINCE_HUC,National Capital Region,94,Taguig,PROVINCE_OR_HUC,RICE_PRODUCTS,epwt_fg2,Rice and Products,1,97.468991,207.303922,1250,440672.211,0.944952,2018
PROVINCE_HUC:National Capital Region:Taguig:OTHER_CEREAL_PRODUCTS,All surveyed individuals,PROVINCE_HUC,National Capital Region,94,Taguig,PROVINCE_OR_HUC,OTHER_CEREAL_PRODUCTS,epwt_fg4,Other Cereal Products,2,73.579535,64.208119,1250,440672.211,1.445269,2018
PROVINCE_HUC:National Capital Region:Taguig:MEAT_PRODUCTS,All surveyed individuals,PROVINCE_HUC,National Capital Region,94,Taguig,PROVINCE_OR_HUC,MEAT_PRODUCTS,epwt_fg16,Meat and Meat Products,3,57.160272,61.676327,1250,440672.211,1.539598,2018
PROVINCE_HUC:National Capital Region:Taguig:FISH_PRODUCTS,All surveyed individuals,PROVINCE_HUC,National Capital Region,94,Taguig,PROVINCE_OR_HUC,FISH_PRODUCTS,epwt_fg15,Fish and Fish Products,4,43.979587,33.215743,1250,440672.211,0.762901,2018
PROVINCE_HUC:National Capital Region:Taguig:OTHER_VEGETABLES,All surveyed individuals,PROVINCE_HUC,National Capital Region,94,Taguig,PROVINCE_OR_HUC,OTHER_VEGETABLES,epwt_fg10,Other Vegetables,5,45.381167,29.01463,1250,440672.211,1.025018,2018
PROVINCE_HUC:National Capital Region:Taguig:BEVERAGES,All surveyed individuals,PROVINCE_HUC,National Capital Region,94,Taguig,PROVINCE_OR_HUC,BEVERAGES,epwt_fg25,Beverages,6,47.448251,23.870109,1250,440672.211,0.926504,2018
PROVINCE_HUC:National Capital Region:Taguig:FATS_OILS,All surveyed individuals,PROVINCE_HUC,National Capital Region,94,Taguig,PROVINCE_OR_HUC,FATS_OILS,epwt_fg23,Fats and Oils,7,67.892357,6.642729,1250,440672.211,1.23365,2018
PROVINCE_HUC:National Capital Region:Taguig:POULTRY,All surveyed individuals,PROVINCE_HUC,National Capital Region,94,Taguig,PROVINCE_OR_HUC,POULTRY,epwt_fg17,Poultry,8,34.310851,33.389743,1250,440672.211,1.655933,2018
PROVINCE_HUC:National Capital Region:Taguig:GREEN_LEAFY_YELLOW_VEGETABLES,All surveyed individuals,PROVINCE_HUC,National Capital Region,94,Taguig,PROVINCE_OR_HUC,GREEN_LEAFY_YELLOW_VEGETABLES,epwt_fg9,Green Leafy and Yellow Vegetables,9,38.360411,14.174003,1250,440672.211,0.97609,2018
PROVINCE_HUC:National Capital Region:Taguig:SUGAR_SYRUPS,All surveyed individuals,PROVINCE_HUC,National Capital Region,94,Taguig,PROVINCE_OR_HUC,SUGAR_SYRUPS,epwt_fg6,Sugar and Syrups,10,28.342908,36.403588,1250,440672.211,1.030042,2018
PROVINCE_HUC:National Capital Region:Taguig:EGGS,All surveyed individuals,PROVINCE_HUC,National Capital Region,94,Taguig,PROVINCE_OR_HUC,EGGS,epwt_fg18,Eggs,11,32.4459,14.596913,1250,440672.211,1.078411,2018
PROVINCE_HUC:National Capital Region:Taguig:DRIED_BEANS,All surveyed individuals,PROVINCE_HUC,National Capital Region,94,Taguig,PROVINCE_OR_HUC,DRIED_BEANS,epwt_fg7,Dried Beans,12,30.549588,7.480688,1250,440672.211,1.408736,2018
PROVINCE_HUC:National Capital Region:Taguig:WHOLE_MILK,All surveyed individuals,PROVINCE_HUC,National Capital Region,94,Taguig,PROVINCE_OR_HUC,WHOLE_MILK,epwt_fg20,Whole Milk,13,23.4551,14.419694,1250,440672.211,1.501829,2018
PROVINCE_HUC:National Capital Region:Taguig:OTHER_FRUITS,All surveyed individuals,PROVINCE_HUC,National Capital Region,94,Taguig,PROVINCE_OR_HUC,OTHER_FRUITS,epwt_fg13,Other Fruits,14,14.067253,14.325981,1250,440672.211,0.994993,2018
PROVINCE_HUC:National Capital Region:Taguig:STARCHY_ROOTS_TUBERS,All surveyed individuals,PROVINCE_HUC,National Capital Region,94,Taguig,PROVINCE_OR_HUC,STARCHY_ROOTS_TUBERS,epwt_fg5,Starchy Roots and Tubers,15,15.980068,8.66904,1250,440672.211,1.465048,2018
PROVINCE_HUC:National Capital Region:Taguig:CONDIMENTS_SPICES,All surveyed individuals,PROVINCE_HUC,National Capital Region,94,Taguig,PROVINCE_OR_HUC,CONDIMENTS_SPICES,epwt_fg26,Condiments and Spices,16,19.371628,2.014945,1250,440672.211,1.152515,2018
PROVINCE_HUC:National Capital Region:Taguig:OTHER_MISCELLANEOUS,All surveyed individuals,PROVINCE_HUC,National Capital Region,94,Taguig,PROVINCE_OR_HUC,OTHER_MISCELLANEOUS,epwt_fg27,Other Miscellaneous,17,9.13291,4.149759,1250,440672.211,2.033453,2018
PROVINCE_HUC:National Capital Region:Taguig:MILK_PRODUCTS,All surveyed individuals,PROVINCE_HUC,National Capital Region,94,Taguig,PROVINCE_OR_HUC,MILK_PRODUCTS,epwt_fg21,Milk Products,18,9.151842,3.443864,1250,440672.211,1.459531,2018
PROVINCE_HUC:National Capital Region:Taguig:VITAMIN_C_RICH_FRUITS,All surveyed individuals,PROVINCE_HUC,National Capital Region,94,Taguig,PROVINCE_OR_HUC,VITAMIN_C_RICH_FRUITS,epwt_fg12,Vitamin C-Rich Fruits,19,5.142421,2.572446,1250,440672.211,1.006571,2018
PROVINCE_HUC:National Capital Region:Taguig:CORN_PRODUCTS,All surveyed individuals,PROVINCE_HUC,National Capital Region,94,Taguig,PROVINCE_OR_HUC,CORN_PRODUCTS,epwt_fg3,Corn and Products,20,4.080981,2.227414,1250,440672.211,0.283978,2018
PROVINCE_HUC:National Capital Region:Valenzuela:RICE_PRODUCTS,All surveyed individuals,PROVINCE_HUC,National Capital Region,92,Valenzuela,PROVINCE_OR_HUC,RICE_PRODUCTS,epwt_fg2,Rice and Products,1,98.351944,195.000787,901,227966.062,0.888871,2021
PROVINCE_HUC:National Capital Region:Valenzuela:OTHER_CEREAL_PRODUCTS,All surveyed individuals,PROVINCE_HUC,National Capital Region,92,Valenzuela,PROVINCE_OR_HUC,OTHER_CEREAL_PRODUCTS,epwt_fg4,Other Cereal Products,2,72.704908,66.61389,901,227966.062,1.499421,2021
PROVINCE_HUC:National Capital Region:Valenzuela:FISH_PRODUCTS,All surveyed individuals,PROVINCE_HUC,National Capital Region,92,Valenzuela,PROVINCE_OR_HUC,FISH_PRODUCTS,epwt_fg15,Fish and Fish Products,3,51.538067,34.051049,901,227966.062,0.782087,2021
PROVINCE_HUC:National Capital Region:Valenzuela:BEVERAGES,All surveyed individuals,PROVINCE_HUC,National Capital Region,92,Valenzuela,PROVINCE_OR_HUC,BEVERAGES,epwt_fg25,Beverages,4,51.249505,28.304543,901,227966.062,1.098624,2021
PROVINCE_HUC:National Capital Region:Valenzuela:MEAT_PRODUCTS,All surveyed individuals,PROVINCE_HUC,National Capital Region,92,Valenzuela,PROVINCE_OR_HUC,MEAT_PRODUCTS,epwt_fg16,Meat and Meat Products,5,45.018406,40.578524,901,227966.062,1.012943,2021
PROVINCE_HUC:National Capital Region:Valenzuela:OTHER_VEGETABLES,All surveyed individuals,PROVINCE_HUC,National Capital Region,92,Valenzuela,PROVINCE_OR_HUC,OTHER_VEGETABLES,epwt_fg10,Other Vegetables,6,43.858539,23.143409,901,227966.062,0.817602,2021
PROVINCE_HUC:National Capital Region:Valenzuela:FATS_OILS,All surveyed individuals,PROVINCE_HUC,National Capital Region,92,Valenzuela,PROVINCE_OR_HUC,FATS_OILS,epwt_fg23,Fats and Oils,7,70.944376,5.418607,901,227966.062,1.006313,2021
PROVINCE_HUC:National Capital Region:Valenzuela:POULTRY,All surveyed individuals,PROVINCE_HUC,National Capital Region,92,Valenzuela,PROVINCE_OR_HUC,POULTRY,epwt_fg17,Poultry,8,33.284817,25.886681,901,227966.062,1.283826,2021
PROVINCE_HUC:National Capital Region:Valenzuela:EGGS,All surveyed individuals,PROVINCE_HUC,National Capital Region,92,Valenzuela,PROVINCE_OR_HUC,EGGS,epwt_fg18,Eggs,9,35.098147,15.909625,901,227966.062,1.175393,2021
PROVINCE_HUC:National Capital Region:Valenzuela:SUGAR_SYRUPS,All surveyed individuals,PROVINCE_HUC,National Capital Region,92,Valenzuela,PROVINCE_OR_HUC,SUGAR_SYRUPS,epwt_fg6,Sugar and Syrups,10,26.542821,33.688201,901,227966.062,0.95321,2021
PROVINCE_HUC:National Capital Region:Valenzuela:GREEN_LEAFY_YELLOW_VEGETABLES,All surveyed individuals,PROVINCE_HUC,National Capital Region,92,Valenzuela,PROVINCE_OR_HUC,GREEN_LEAFY_YELLOW_VEGETABLES,epwt_fg9,Green Leafy and Yellow Vegetables,11,35.490963,9.491705,901,227966.062,0.653644,2021
PROVINCE_HUC:National Capital Region:Valenzuela:DRIED_BEANS,All surveyed individuals,PROVINCE_HUC,National Capital Region,92,Valenzuela,PROVINCE_OR_HUC,DRIED_BEANS,epwt_fg7,Dried Beans,12,31.816695,7.863702,901,227966.062,1.480864,2021
PROVINCE_HUC:National Capital Region:Valenzuela:WHOLE_MILK,All surveyed individuals,PROVINCE_HUC,National Capital Region,92,Valenzuela,PROVINCE_OR_HUC,WHOLE_MILK,epwt_fg20,Whole Milk,13,17.223533,10.167343,901,227966.062,1.058941,2021
PROVINCE_HUC:National Capital Region:Valenzuela:OTHER_FRUITS,All surveyed individuals,PROVINCE_HUC,National Capital Region,92,Valenzuela,PROVINCE_OR_HUC,OTHER_FRUITS,epwt_fg13,Other Fruits,14,12.97736,15.689715,901,227966.062,1.089709,2021
PROVINCE_HUC:National Capital Region:Valenzuela:CONDIMENTS_SPICES,All surveyed individuals,PROVINCE_HUC,National Capital Region,92,Valenzuela,PROVINCE_OR_HUC,CONDIMENTS_SPICES,epwt_fg26,Condiments and Spices,15,23.897504,1.882838,901,227966.062,1.076952,2021
PROVINCE_HUC:National Capital Region:Valenzuela:STARCHY_ROOTS_TUBERS,All surveyed individuals,PROVINCE_HUC,National Capital Region,92,Valenzuela,PROVINCE_OR_HUC,STARCHY_ROOTS_TUBERS,epwt_fg5,Starchy Roots and Tubers,16,12.026311,5.000215,901,227966.062,0.845025,2021
PROVINCE_HUC:National Capital Region:Valenzuela:MILK_PRODUCTS,All surveyed individuals,PROVINCE_HUC,National Capital Region,92,Valenzuela,PROVINCE_OR_HUC,MILK_PRODUCTS,epwt_fg21,Milk Products,17,5.242143,1.835258,901,227966.062,0.777794,2021
PROVINCE_HUC:National Capital Region:Valenzuela:OTHER_MISCELLANEOUS,All surveyed individuals,PROVINCE_HUC,National Capital Region,92,Valenzuela,PROVINCE_OR_HUC,OTHER_MISCELLANEOUS,epwt_fg27,Other Miscellaneous,18,5.897854,0.921134,901,227966.062,0.451372,2021
PROVINCE_HUC:National Capital Region:Valenzuela:VITAMIN_C_RICH_FRUITS,All surveyed individuals,PROVINCE_HUC,National Capital Region,92,Valenzuela,PROVINCE_OR_HUC,VITAMIN_C_RICH_FRUITS,epwt_fg12,Vitamin C-Rich Fruits,19,4.229657,1.470448,901,227966.062,0.575371,2021
PROVINCE_HUC:National Capital Region:Valenzuela:CORN_PRODUCTS,All surveyed individuals,PROVINCE_HUC,National Capital Region,92,Valenzuela,PROVINCE_OR_HUC,CORN_PRODUCTS,epwt_fg3,Corn and Products,20,1.814313,1.178235,901,227966.062,0.150216,2021
PROVINCE_HUC:Negros Island Region:Bacolod:RICE_PRODUCTS,All surveyed individuals,PROVINCE_HUC,Negros Island Region,42,Bacolod,PROVINCE_OR_HUC,RICE_PRODUCTS,epwt_fg2,Rice and Products,1,100,206.039428,1228,311131.87,0.939188,2021
PROVINCE_HUC:Negros Island Region:Bacolod:OTHER_CEREAL_PRODUCTS,All surveyed individuals,PROVINCE_HUC,Negros Island Region,42,Bacolod,PROVINCE_OR_HUC,OTHER_CEREAL_PRODUCTS,epwt_fg4,Other Cereal Products,2,67.410934,51.463755,1228,311131.87,1.158405,2021
PROVINCE_HUC:Negros Island Region:Bacolod:FISH_PRODUCTS,All surveyed individuals,PROVINCE_HUC,Negros Island Region,42,Bacolod,PROVINCE_OR_HUC,FISH_PRODUCTS,epwt_fg15,Fish and Fish Products,3,66.308265,47.569906,1228,311131.87,1.092589,2021
PROVINCE_HUC:Negros Island Region:Bacolod:OTHER_VEGETABLES,All surveyed individuals,PROVINCE_HUC,Negros Island Region,42,Bacolod,PROVINCE_OR_HUC,OTHER_VEGETABLES,epwt_fg10,Other Vegetables,4,48.927774,33.479146,1228,311131.87,1.182739,2021
PROVINCE_HUC:Negros Island Region:Bacolod:BEVERAGES,All surveyed individuals,PROVINCE_HUC,Negros Island Region,42,Bacolod,PROVINCE_OR_HUC,BEVERAGES,epwt_fg25,Beverages,5,53.699272,17.915863,1228,311131.87,0.695393,2021
PROVINCE_HUC:Negros Island Region:Bacolod:GREEN_LEAFY_YELLOW_VEGETABLES,All surveyed individuals,PROVINCE_HUC,Negros Island Region,42,Bacolod,PROVINCE_OR_HUC,GREEN_LEAFY_YELLOW_VEGETABLES,epwt_fg9,Green Leafy and Yellow Vegetables,6,48.614617,18.94871,1228,311131.87,1.304899,2021
PROVINCE_HUC:Negros Island Region:Bacolod:FATS_OILS,All surveyed individuals,PROVINCE_HUC,Negros Island Region,42,Bacolod,PROVINCE_OR_HUC,FATS_OILS,epwt_fg23,Fats and Oils,7,69.952546,5.355257,1228,311131.87,0.994548,2021
PROVINCE_HUC:Negros Island Region:Bacolod:SUGAR_SYRUPS,All surveyed individuals,PROVINCE_HUC,Negros Island Region,42,Bacolod,PROVINCE_OR_HUC,SUGAR_SYRUPS,epwt_fg6,Sugar and Syrups,8,34.722744,38.786908,1228,311131.87,1.097478,2021
PROVINCE_HUC:Negros Island Region:Bacolod:MEAT_PRODUCTS,All surveyed individuals,PROVINCE_HUC,Negros Island Region,42,Bacolod,PROVINCE_OR_HUC,MEAT_PRODUCTS,epwt_fg16,Meat and Meat Products,9,37.741016,28.37622,1228,311131.87,0.708343,2021
PROVINCE_HUC:Negros Island Region:Bacolod:EGGS,All surveyed individuals,PROVINCE_HUC,Negros Island Region,42,Bacolod,PROVINCE_OR_HUC,EGGS,epwt_fg18,Eggs,10,36.419034,16.366429,1228,311131.87,1.209142,2021
PROVINCE_HUC:Negros Island Region:Bacolod:POULTRY,All surveyed individuals,PROVINCE_HUC,Negros Island Region,42,Bacolod,PROVINCE_OR_HUC,POULTRY,epwt_fg17,Poultry,11,30.473049,24.139471,1228,311131.87,1.197175,2021
PROVINCE_HUC:Negros Island Region:Bacolod:DRIED_BEANS,All surveyed individuals,PROVINCE_HUC,Negros Island Region,42,Bacolod,PROVINCE_OR_HUC,DRIED_BEANS,epwt_fg7,Dried Beans,12,25.52171,5.493301,1228,311131.87,1.034479,2021
PROVINCE_HUC:Negros Island Region:Bacolod:WHOLE_MILK,All surveyed individuals,PROVINCE_HUC,Negros Island Region,42,Bacolod,PROVINCE_OR_HUC,WHOLE_MILK,epwt_fg20,Whole Milk,13,17.282968,7.593287,1228,311131.87,0.79085,2021
PROVINCE_HUC:Negros Island Region:Bacolod:OTHER_FRUITS,All surveyed individuals,PROVINCE_HUC,Negros Island Region,42,Bacolod,PROVINCE_OR_HUC,OTHER_FRUITS,epwt_fg13,Other Fruits,14,11.589262,12.8099,1228,311131.87,0.889695,2021
PROVINCE_HUC:Negros Island Region:Bacolod:CONDIMENTS_SPICES,All surveyed individuals,PROVINCE_HUC,Negros Island Region,42,Bacolod,PROVINCE_OR_HUC,CONDIMENTS_SPICES,epwt_fg26,Condiments and Spices,15,19.521642,1.33701,1228,311131.87,0.764748,2021
PROVINCE_HUC:Negros Island Region:Bacolod:STARCHY_ROOTS_TUBERS,All surveyed individuals,PROVINCE_HUC,Negros Island Region,42,Bacolod,PROVINCE_OR_HUC,STARCHY_ROOTS_TUBERS,epwt_fg5,Starchy Roots and Tubers,16,7.606054,4.84064,1228,311131.87,0.818057,2021
PROVINCE_HUC:Negros Island Region:Bacolod:OTHER_MISCELLANEOUS,All surveyed individuals,PROVINCE_HUC,Negros Island Region,42,Bacolod,PROVINCE_OR_HUC,OTHER_MISCELLANEOUS,epwt_fg27,Other Miscellaneous,17,4.680124,1.82453,1228,311131.87,0.894051,2021
PROVINCE_HUC:Negros Island Region:Bacolod:MILK_PRODUCTS,All surveyed individuals,PROVINCE_HUC,Negros Island Region,42,Bacolod,PROVINCE_OR_HUC,MILK_PRODUCTS,epwt_fg21,Milk Products,18,2.962363,2.473052,1228,311131.87,1.048095,2021
PROVINCE_HUC:Negros Island Region:Bacolod:VITAMIN_C_RICH_FRUITS,All surveyed individuals,PROVINCE_HUC,Negros Island Region,42,Bacolod,PROVINCE_OR_HUC,VITAMIN_C_RICH_FRUITS,epwt_fg12,Vitamin C-Rich Fruits,19,2.381572,1.746997,1228,311131.87,0.683581,2021
PROVINCE_HUC:Negros Island Region:Bacolod:CORN_PRODUCTS,All surveyed individuals,PROVINCE_HUC,Negros Island Region,42,Bacolod,PROVINCE_OR_HUC,CORN_PRODUCTS,epwt_fg3,Corn and Products,20,1.756156,1.725327,1228,311131.87,0.219966,2021
PROVINCE_HUC:Negros Island Region:Negros Occidental:RICE_PRODUCTS,All surveyed individuals,PROVINCE_HUC,Negros Island Region,43,Negros Occidental,PROVINCE_OR_HUC,RICE_PRODUCTS,epwt_fg2,Rice and Products,1,97.935653,243.087503,1853,1576719.656,1.108064,2021
PROVINCE_HUC:Negros Island Region:Negros Occidental:FISH_PRODUCTS,All surveyed individuals,PROVINCE_HUC,Negros Island Region,43,Negros Occidental,PROVINCE_OR_HUC,FISH_PRODUCTS,epwt_fg15,Fish and Fish Products,2,79.281301,61.303126,1853,1576719.656,1.408014,2021
PROVINCE_HUC:Negros Island Region:Negros Occidental:OTHER_CEREAL_PRODUCTS,All surveyed individuals,PROVINCE_HUC,Negros Island Region,43,Negros Occidental,PROVINCE_OR_HUC,OTHER_CEREAL_PRODUCTS,epwt_fg4,Other Cereal Products,3,49.806658,30.397804,1853,1576719.656,0.684228,2021
PROVINCE_HUC:Negros Island Region:Negros Occidental:GREEN_LEAFY_YELLOW_VEGETABLES,All surveyed individuals,PROVINCE_HUC,Negros Island Region,43,Negros Occidental,PROVINCE_OR_HUC,GREEN_LEAFY_YELLOW_VEGETABLES,epwt_fg9,Green Leafy and Yellow Vegetables,4,55.084201,21.34893,1853,1576719.656,1.47019,2021
PROVINCE_HUC:Negros Island Region:Negros Occidental:OTHER_VEGETABLES,All surveyed individuals,PROVINCE_HUC,Negros Island Region,43,Negros Occidental,PROVINCE_OR_HUC,OTHER_VEGETABLES,epwt_fg10,Other Vegetables,5,48.013919,31.713575,1853,1576719.656,1.120365,2021
PROVINCE_HUC:Negros Island Region:Negros Occidental:SUGAR_SYRUPS,All surveyed individuals,PROVINCE_HUC,Negros Island Region,43,Negros Occidental,PROVINCE_OR_HUC,SUGAR_SYRUPS,epwt_fg6,Sugar and Syrups,6,43.814933,27.426592,1853,1576719.656,0.776037,2021
PROVINCE_HUC:Negros Island Region:Negros Occidental:BEVERAGES,All surveyed individuals,PROVINCE_HUC,Negros Island Region,43,Negros Occidental,PROVINCE_OR_HUC,BEVERAGES,epwt_fg25,Beverages,7,50.814139,9.405601,1853,1576719.656,0.365073,2021
PROVINCE_HUC:Negros Island Region:Negros Occidental:FATS_OILS,All surveyed individuals,PROVINCE_HUC,Negros Island Region,43,Negros Occidental,PROVINCE_OR_HUC,FATS_OILS,epwt_fg23,Fats and Oils,8,54.057163,3.7871,1853,1576719.656,0.703318,2021
PROVINCE_HUC:Negros Island Region:Negros Occidental:MEAT_PRODUCTS,All surveyed individuals,PROVINCE_HUC,Negros Island Region,43,Negros Occidental,PROVINCE_OR_HUC,MEAT_PRODUCTS,epwt_fg16,Meat and Meat Products,9,21.013156,15.875272,1853,1576719.656,0.396287,2021
PROVINCE_HUC:Negros Island Region:Negros Occidental:EGGS,All surveyed individuals,PROVINCE_HUC,Negros Island Region,43,Negros Occidental,PROVINCE_OR_HUC,EGGS,epwt_fg18,Eggs,10,21.930005,9.754826,1853,1576719.656,0.72068,2021
PROVINCE_HUC:Negros Island Region:Negros Occidental:WHOLE_MILK,All surveyed individuals,PROVINCE_HUC,Negros Island Region,43,Negros Occidental,PROVINCE_OR_HUC,WHOLE_MILK,epwt_fg20,Whole Milk,11,19.46962,6.611768,1853,1576719.656,0.688624,2021
PROVINCE_HUC:Negros Island Region:Negros Occidental:POULTRY,All surveyed individuals,PROVINCE_HUC,Negros Island Region,43,Negros Occidental,PROVINCE_OR_HUC,POULTRY,epwt_fg17,Poultry,12,15.037494,11.954719,1853,1576719.656,0.592883,2021
PROVINCE_HUC:Negros Island Region:Negros Occidental:DRIED_BEANS,All surveyed individuals,PROVINCE_HUC,Negros Island Region,43,Negros Occidental,PROVINCE_OR_HUC,DRIED_BEANS,epwt_fg7,Dried Beans,13,22.412447,3.475154,1853,1576719.656,0.654429,2021
PROVINCE_HUC:Negros Island Region:Negros Occidental:CONDIMENTS_SPICES,All surveyed individuals,PROVINCE_HUC,Negros Island Region,43,Negros Occidental,PROVINCE_OR_HUC,CONDIMENTS_SPICES,epwt_fg26,Condiments and Spices,14,26.422993,1.764972,1853,1576719.656,1.009535,2021
PROVINCE_HUC:Negros Island Region:Negros Occidental:OTHER_FRUITS,All surveyed individuals,PROVINCE_HUC,Negros Island Region,43,Negros Occidental,PROVINCE_OR_HUC,OTHER_FRUITS,epwt_fg13,Other Fruits,15,8.161759,8.683675,1853,1576719.656,0.603114,2021
PROVINCE_HUC:Negros Island Region:Negros Occidental:STARCHY_ROOTS_TUBERS,All surveyed individuals,PROVINCE_HUC,Negros Island Region,43,Negros Occidental,PROVINCE_OR_HUC,STARCHY_ROOTS_TUBERS,epwt_fg5,Starchy Roots and Tubers,16,5.303205,3.229419,1853,1576719.656,0.545764,2021
PROVINCE_HUC:Negros Island Region:Negros Occidental:CORN_PRODUCTS,All surveyed individuals,PROVINCE_HUC,Negros Island Region,43,Negros Occidental,PROVINCE_OR_HUC,CORN_PRODUCTS,epwt_fg3,Corn and Products,17,2.577061,3.12268,1853,1576719.656,0.398117,2021
PROVINCE_HUC:Negros Island Region:Negros Occidental:OTHER_MISCELLANEOUS,All surveyed individuals,PROVINCE_HUC,Negros Island Region,43,Negros Occidental,PROVINCE_OR_HUC,OTHER_MISCELLANEOUS,epwt_fg27,Other Miscellaneous,18,4.640243,1.05811,1853,1576719.656,0.518492,2021
PROVINCE_HUC:Negros Island Region:Negros Occidental:MILK_PRODUCTS,All surveyed individuals,PROVINCE_HUC,Negros Island Region,43,Negros Occidental,PROVINCE_OR_HUC,MILK_PRODUCTS,epwt_fg21,Milk Products,19,1.372946,1.073968,1853,1576719.656,0.455154,2021
PROVINCE_HUC:Negros Island Region:Negros Occidental:VITAMIN_C_RICH_FRUITS,All surveyed individuals,PROVINCE_HUC,Negros Island Region,43,Negros Occidental,PROVINCE_OR_HUC,VITAMIN_C_RICH_FRUITS,epwt_fg12,Vitamin C-Rich Fruits,20,0.698132,0.856074,1853,1576719.656,0.334973,2021
PROVINCE_HUC:Negros Island Region:Negros Oriental:RICE_PRODUCTS,All surveyed individuals,PROVINCE_HUC,Negros Island Region,50,Negros Oriental,PROVINCE_OR_HUC,RICE_PRODUCTS,epwt_fg2,Rice and Products,1,75.569863,194.572919,1953,871274.24,0.88692,2021
PROVINCE_HUC:Negros Island Region:Negros Oriental:FISH_PRODUCTS,All surveyed individuals,PROVINCE_HUC,Negros Island Region,50,Negros Oriental,PROVINCE_OR_HUC,FISH_PRODUCTS,epwt_fg15,Fish and Fish Products,2,75.399703,56.889593,1953,871274.24,1.306644,2021
PROVINCE_HUC:Negros Island Region:Negros Oriental:GREEN_LEAFY_YELLOW_VEGETABLES,All surveyed individuals,PROVINCE_HUC,Negros Island Region,50,Negros Oriental,PROVINCE_OR_HUC,GREEN_LEAFY_YELLOW_VEGETABLES,epwt_fg9,Green Leafy and Yellow Vegetables,3,66.165188,39.828636,1953,871274.24,2.742792,2021
PROVINCE_HUC:Negros Island Region:Negros Oriental:OTHER_CEREAL_PRODUCTS,All surveyed individuals,PROVINCE_HUC,Negros Island Region,50,Negros Oriental,PROVINCE_OR_HUC,OTHER_CEREAL_PRODUCTS,epwt_fg4,Other Cereal Products,4,41.692915,28.864393,1953,871274.24,0.649712,2021
PROVINCE_HUC:Negros Island Region:Negros Oriental:OTHER_VEGETABLES,All surveyed individuals,PROVINCE_HUC,Negros Island Region,50,Negros Oriental,PROVINCE_OR_HUC,OTHER_VEGETABLES,epwt_fg10,Other Vegetables,5,38.707704,31.616346,1953,871274.24,1.11693,2021
PROVINCE_HUC:Negros Island Region:Negros Oriental:BEVERAGES,All surveyed individuals,PROVINCE_HUC,Negros Island Region,50,Negros Oriental,PROVINCE_OR_HUC,BEVERAGES,epwt_fg25,Beverages,6,45.184661,14.527395,1953,871274.24,0.563872,2021
PROVINCE_HUC:Negros Island Region:Negros Oriental:SUGAR_SYRUPS,All surveyed individuals,PROVINCE_HUC,Negros Island Region,50,Negros Oriental,PROVINCE_OR_HUC,SUGAR_SYRUPS,epwt_fg6,Sugar and Syrups,7,38.613319,15.4111,1953,871274.24,0.436058,2021
PROVINCE_HUC:Negros Island Region:Negros Oriental:CORN_PRODUCTS,All surveyed individuals,PROVINCE_HUC,Negros Island Region,50,Negros Oriental,PROVINCE_OR_HUC,CORN_PRODUCTS,epwt_fg3,Corn and Products,8,27.073768,42.741839,1953,871274.24,5.449247,2021
PROVINCE_HUC:Negros Island Region:Negros Oriental:FATS_OILS,All surveyed individuals,PROVINCE_HUC,Negros Island Region,50,Negros Oriental,PROVINCE_OR_HUC,FATS_OILS,epwt_fg23,Fats and Oils,9,54.090511,4.480923,1953,871274.24,0.832171,2021
PROVINCE_HUC:Negros Island Region:Negros Oriental:MEAT_PRODUCTS,All surveyed individuals,PROVINCE_HUC,Negros Island Region,50,Negros Oriental,PROVINCE_OR_HUC,MEAT_PRODUCTS,epwt_fg16,Meat and Meat Products,10,18.458766,19.07461,1953,871274.24,0.476151,2021
PROVINCE_HUC:Negros Island Region:Negros Oriental:WHOLE_MILK,All surveyed individuals,PROVINCE_HUC,Negros Island Region,50,Negros Oriental,PROVINCE_OR_HUC,WHOLE_MILK,epwt_fg20,Whole Milk,11,20.212261,6.840783,1953,871274.24,0.712476,2021
PROVINCE_HUC:Negros Island Region:Negros Oriental:OTHER_FRUITS,All surveyed individuals,PROVINCE_HUC,Negros Island Region,50,Negros Oriental,PROVINCE_OR_HUC,OTHER_FRUITS,epwt_fg13,Other Fruits,12,13.666632,18.918834,1953,871274.24,1.313984,2021
PROVINCE_HUC:Negros Island Region:Negros Oriental:EGGS,All surveyed individuals,PROVINCE_HUC,Negros Island Region,50,Negros Oriental,PROVINCE_OR_HUC,EGGS,epwt_fg18,Eggs,13,17.111193,7.750207,1953,871274.24,0.57258,2021
PROVINCE_HUC:Negros Island Region:Negros Oriental:POULTRY,All surveyed individuals,PROVINCE_HUC,Negros Island Region,50,Negros Oriental,PROVINCE_OR_HUC,POULTRY,epwt_fg17,Poultry,14,14.05373,12.850021,1953,871274.24,0.637285,2021
PROVINCE_HUC:Negros Island Region:Negros Oriental:DRIED_BEANS,All surveyed individuals,PROVINCE_HUC,Negros Island Region,50,Negros Oriental,PROVINCE_OR_HUC,DRIED_BEANS,epwt_fg7,Dried Beans,15,17.005967,4.844726,1953,871274.24,0.912341,2021
PROVINCE_HUC:Negros Island Region:Negros Oriental:STARCHY_ROOTS_TUBERS,All surveyed individuals,PROVINCE_HUC,Negros Island Region,50,Negros Oriental,PROVINCE_OR_HUC,STARCHY_ROOTS_TUBERS,epwt_fg5,Starchy Roots and Tubers,16,11.328513,10.381086,1953,871274.24,1.75438,2021
PROVINCE_HUC:Negros Island Region:Negros Oriental:CONDIMENTS_SPICES,All surveyed individuals,PROVINCE_HUC,Negros Island Region,50,Negros Oriental,PROVINCE_OR_HUC,CONDIMENTS_SPICES,epwt_fg26,Condiments and Spices,17,18.627562,1.925785,1953,871274.24,1.101517,2021
PROVINCE_HUC:Negros Island Region:Negros Oriental:OTHER_MISCELLANEOUS,All surveyed individuals,PROVINCE_HUC,Negros Island Region,50,Negros Oriental,PROVINCE_OR_HUC,OTHER_MISCELLANEOUS,epwt_fg27,Other Miscellaneous,18,5.17122,1.0372,1953,871274.24,0.508246,2021
PROVINCE_HUC:Negros Island Region:Negros Oriental:MILK_PRODUCTS,All surveyed individuals,PROVINCE_HUC,Negros Island Region,50,Negros Oriental,PROVINCE_OR_HUC,MILK_PRODUCTS,epwt_fg21,Milk Products,19,1.952302,1.136683,1953,871274.24,0.481733,2021
PROVINCE_HUC:Negros Island Region:Negros Oriental:VITAMIN_C_RICH_FRUITS,All surveyed individuals,PROVINCE_HUC,Negros Island Region,50,Negros Oriental,PROVINCE_OR_HUC,VITAMIN_C_RICH_FRUITS,epwt_fg12,Vitamin C-Rich Fruits,20,1.819739,1.109397,1953,871274.24,0.434095,2021
PROVINCE_HUC:Negros Island Region:Siquijor:RICE_PRODUCTS,All surveyed individuals,PROVINCE_HUC,Negros Island Region,51,Siquijor,PROVINCE_OR_HUC,RICE_PRODUCTS,epwt_fg2,Rice and Products,1,83.498737,213.660572,1331,80798.208,0.973927,2018
PROVINCE_HUC:Negros Island Region:Siquijor:FISH_PRODUCTS,All surveyed individuals,PROVINCE_HUC,Negros Island Region,51,Siquijor,PROVINCE_OR_HUC,FISH_PRODUCTS,epwt_fg15,Fish and Fish Products,2,74.932689,55.632753,1331,80798.208,1.277777,2018
PROVINCE_HUC:Negros Island Region:Siquijor:OTHER_CEREAL_PRODUCTS,All surveyed individuals,PROVINCE_HUC,Negros Island Region,51,Siquijor,PROVINCE_OR_HUC,OTHER_CEREAL_PRODUCTS,epwt_fg4,Other Cereal Products,3,45.793253,32.790165,1331,80798.208,0.738078,2018
PROVINCE_HUC:Negros Island Region:Siquijor:BEVERAGES,All surveyed individuals,PROVINCE_HUC,Negros Island Region,51,Siquijor,PROVINCE_OR_HUC,BEVERAGES,epwt_fg25,Beverages,4,44.843373,25.68342,1331,80798.208,0.996886,2018
PROVINCE_HUC:Negros Island Region:Siquijor:GREEN_LEAFY_YELLOW_VEGETABLES,All surveyed individuals,PROVINCE_HUC,Negros Island Region,51,Siquijor,PROVINCE_OR_HUC,GREEN_LEAFY_YELLOW_VEGETABLES,epwt_fg9,Green Leafy and Yellow Vegetables,5,48.931695,15.41816,1331,80798.208,1.061769,2018
PROVINCE_HUC:Negros Island Region:Siquijor:SUGAR_SYRUPS,All surveyed individuals,PROVINCE_HUC,Negros Island Region,51,Siquijor,PROVINCE_OR_HUC,SUGAR_SYRUPS,epwt_fg6,Sugar and Syrups,6,34.075346,23.697459,1331,80798.208,0.670521,2018
PROVINCE_HUC:Negros Island Region:Siquijor:MEAT_PRODUCTS,All surveyed individuals,PROVINCE_HUC,Negros Island Region,51,Siquijor,PROVINCE_OR_HUC,MEAT_PRODUCTS,epwt_fg16,Meat and Meat Products,7,32.164559,27.14933,1331,80798.208,0.677716,2018
PROVINCE_HUC:Negros Island Region:Siquijor:FATS_OILS,All surveyed individuals,PROVINCE_HUC,Negros Island Region,51,Siquijor,PROVINCE_OR_HUC,FATS_OILS,epwt_fg23,Fats and Oils,8,60.242729,3.797218,1331,80798.208,0.705198,2018
PROVINCE_HUC:Negros Island Region:Siquijor:EGGS,All surveyed individuals,PROVINCE_HUC,Negros Island Region,51,Siquijor,PROVINCE_OR_HUC,EGGS,epwt_fg18,Eggs,9,27.797212,12.011714,1331,80798.208,0.887418,2018
PROVINCE_HUC:Negros Island Region:Siquijor:OTHER_VEGETABLES,All surveyed individuals,PROVINCE_HUC,Negros Island Region,51,Siquijor,PROVINCE_OR_HUC,OTHER_VEGETABLES,epwt_fg10,Other Vegetables,10,25.82195,14.112863,1331,80798.208,0.498574,2018
PROVINCE_HUC:Negros Island Region:Siquijor:CORN_PRODUCTS,All surveyed individuals,PROVINCE_HUC,Negros Island Region,51,Siquijor,PROVINCE_OR_HUC,CORN_PRODUCTS,epwt_fg3,Corn and Products,11,20.312775,30.05308,1331,80798.208,3.831531,2018
PROVINCE_HUC:Negros Island Region:Siquijor:DRIED_BEANS,All surveyed individuals,PROVINCE_HUC,Negros Island Region,51,Siquijor,PROVINCE_OR_HUC,DRIED_BEANS,epwt_fg7,Dried Beans,12,21.599367,6.529761,1331,80798.208,1.229661,2018
PROVINCE_HUC:Negros Island Region:Siquijor:POULTRY,All surveyed individuals,PROVINCE_HUC,Negros Island Region,51,Siquijor,PROVINCE_OR_HUC,POULTRY,epwt_fg17,Poultry,13,14.782892,12.564725,1331,80798.208,0.623136,2018
PROVINCE_HUC:Negros Island Region:Siquijor:WHOLE_MILK,All surveyed individuals,PROVINCE_HUC,Negros Island Region,51,Siquijor,PROVINCE_OR_HUC,WHOLE_MILK,epwt_fg20,Whole Milk,14,15.618189,5.819143,1331,80798.208,0.606071,2018
PROVINCE_HUC:Negros Island Region:Siquijor:OTHER_FRUITS,All surveyed individuals,PROVINCE_HUC,Negros Island Region,51,Siquijor,PROVINCE_OR_HUC,OTHER_FRUITS,epwt_fg13,Other Fruits,15,11.169047,13.181688,1331,80798.208,0.915517,2018
PROVINCE_HUC:Negros Island Region:Siquijor:CONDIMENTS_SPICES,All surveyed individuals,PROVINCE_HUC,Negros Island Region,51,Siquijor,PROVINCE_OR_HUC,CONDIMENTS_SPICES,epwt_fg26,Condiments and Spices,16,20.722922,1.867308,1331,80798.208,1.068069,2018
PROVINCE_HUC:Negros Island Region:Siquijor:STARCHY_ROOTS_TUBERS,All surveyed individuals,PROVINCE_HUC,Negros Island Region,51,Siquijor,PROVINCE_OR_HUC,STARCHY_ROOTS_TUBERS,epwt_fg5,Starchy Roots and Tubers,17,5.201657,2.241799,1331,80798.208,0.378859,2018
PROVINCE_HUC:Negros Island Region:Siquijor:OTHER_MISCELLANEOUS,All surveyed individuals,PROVINCE_HUC,Negros Island Region,51,Siquijor,PROVINCE_OR_HUC,OTHER_MISCELLANEOUS,epwt_fg27,Other Miscellaneous,18,2.564876,0.868752,1331,80798.208,0.425703,2018
PROVINCE_HUC:Negros Island Region:Siquijor:MILK_PRODUCTS,All surveyed individuals,PROVINCE_HUC,Negros Island Region,51,Siquijor,PROVINCE_OR_HUC,MILK_PRODUCTS,epwt_fg21,Milk Products,19,1.101617,1.139717,1331,80798.208,0.483019,2018
PROVINCE_HUC:Negros Island Region:Siquijor:VITAMIN_C_RICH_FRUITS,All surveyed individuals,PROVINCE_HUC,Negros Island Region,51,Siquijor,PROVINCE_OR_HUC,VITAMIN_C_RICH_FRUITS,epwt_fg12,Vitamin C-Rich Fruits,20,0.430061,0.55296,1331,80798.208,0.216367,2018
PROVINCE_HUC:Northern Mindanao:Bukidnon:RICE_PRODUCTS,All surveyed individuals,PROVINCE_HUC,Northern Mindanao,64,Bukidnon,PROVINCE_OR_HUC,RICE_PRODUCTS,epwt_fg2,Rice and Products,1,81.875777,204.889769,2535,1135393.353,0.933947,2019
PROVINCE_HUC:Northern Mindanao:Bukidnon:FISH_PRODUCTS,All surveyed individuals,PROVINCE_HUC,Northern Mindanao,64,Bukidnon,PROVINCE_OR_HUC,FISH_PRODUCTS,epwt_fg15,Fish and Fish Products,2,66.002342,36.481407,2535,1135393.353,0.837907,2019
PROVINCE_HUC:Northern Mindanao:Bukidnon:OTHER_CEREAL_PRODUCTS,All surveyed individuals,PROVINCE_HUC,Northern Mindanao,64,Bukidnon,PROVINCE_OR_HUC,OTHER_CEREAL_PRODUCTS,epwt_fg4,Other Cereal Products,3,48.377331,26.413151,2535,1135393.353,0.594537,2019
PROVINCE_HUC:Northern Mindanao:Bukidnon:OTHER_VEGETABLES,All surveyed individuals,PROVINCE_HUC,Northern Mindanao,64,Bukidnon,PROVINCE_OR_HUC,OTHER_VEGETABLES,epwt_fg10,Other Vegetables,4,45.002878,30.837302,2535,1135393.353,1.089409,2019
PROVINCE_HUC:Northern Mindanao:Bukidnon:SUGAR_SYRUPS,All surveyed individuals,PROVINCE_HUC,Northern Mindanao,64,Bukidnon,PROVINCE_OR_HUC,SUGAR_SYRUPS,epwt_fg6,Sugar and Syrups,5,45.002634,28.522603,2535,1135393.353,0.807049,2019
PROVINCE_HUC:Northern Mindanao:Bukidnon:GREEN_LEAFY_YELLOW_VEGETABLES,All surveyed individuals,PROVINCE_HUC,Northern Mindanao,64,Bukidnon,PROVINCE_OR_HUC,GREEN_LEAFY_YELLOW_VEGETABLES,epwt_fg9,Green Leafy and Yellow Vegetables,6,45.488568,16.460788,2535,1135393.353,1.133569,2019
PROVINCE_HUC:Northern Mindanao:Bukidnon:MEAT_PRODUCTS,All surveyed individuals,PROVINCE_HUC,Northern Mindanao,64,Bukidnon,PROVINCE_OR_HUC,MEAT_PRODUCTS,epwt_fg16,Meat and Meat Products,7,31.74308,33.888481,2535,1135393.353,0.845943,2019
PROVINCE_HUC:Northern Mindanao:Bukidnon:BEVERAGES,All surveyed individuals,PROVINCE_HUC,Northern Mindanao,64,Bukidnon,PROVINCE_OR_HUC,BEVERAGES,epwt_fg25,Beverages,8,40.529215,11.830273,2535,1135393.353,0.459185,2019
PROVINCE_HUC:Northern Mindanao:Bukidnon:CORN_PRODUCTS,All surveyed individuals,PROVINCE_HUC,Northern Mindanao,64,Bukidnon,PROVINCE_OR_HUC,CORN_PRODUCTS,epwt_fg3,Corn and Products,9,24.772233,35.799773,2535,1135393.353,4.564189,2019
PROVINCE_HUC:Northern Mindanao:Bukidnon:FATS_OILS,All surveyed individuals,PROVINCE_HUC,Northern Mindanao,64,Bukidnon,PROVINCE_OR_HUC,FATS_OILS,epwt_fg23,Fats and Oils,10,54.21513,3.209337,2535,1135393.353,0.59602,2019
PROVINCE_HUC:Northern Mindanao:Bukidnon:EGGS,All surveyed individuals,PROVINCE_HUC,Northern Mindanao,64,Bukidnon,PROVINCE_OR_HUC,EGGS,epwt_fg18,Eggs,11,27.394656,10.699245,2535,1135393.353,0.790454,2019
PROVINCE_HUC:Northern Mindanao:Bukidnon:POULTRY,All surveyed individuals,PROVINCE_HUC,Northern Mindanao,64,Bukidnon,PROVINCE_OR_HUC,POULTRY,epwt_fg17,Poultry,12,19.757608,17.13575,2535,1135393.353,0.849832,2019
PROVINCE_HUC:Northern Mindanao:Bukidnon:WHOLE_MILK,All surveyed individuals,PROVINCE_HUC,Northern Mindanao,64,Bukidnon,PROVINCE_OR_HUC,WHOLE_MILK,epwt_fg20,Whole Milk,13,21.469134,7.41165,2535,1135393.353,0.771933,2019
PROVINCE_HUC:Northern Mindanao:Bukidnon:DRIED_BEANS,All surveyed individuals,PROVINCE_HUC,Northern Mindanao,64,Bukidnon,PROVINCE_OR_HUC,DRIED_BEANS,epwt_fg7,Dried Beans,14,18.935206,2.71722,2535,1135393.353,0.511697,2019
PROVINCE_HUC:Northern Mindanao:Bukidnon:OTHER_FRUITS,All surveyed individuals,PROVINCE_HUC,Northern Mindanao,64,Bukidnon,PROVINCE_OR_HUC,OTHER_FRUITS,epwt_fg13,Other Fruits,15,9.268545,12.856584,2535,1135393.353,0.892938,2019
PROVINCE_HUC:Northern Mindanao:Bukidnon:CONDIMENTS_SPICES,All surveyed individuals,PROVINCE_HUC,Northern Mindanao,64,Bukidnon,PROVINCE_OR_HUC,CONDIMENTS_SPICES,epwt_fg26,Condiments and Spices,16,19.647761,1.414668,2535,1135393.353,0.809167,2019
PROVINCE_HUC:Northern Mindanao:Bukidnon:STARCHY_ROOTS_TUBERS,All surveyed individuals,PROVINCE_HUC,Northern Mindanao,64,Bukidnon,PROVINCE_OR_HUC,STARCHY_ROOTS_TUBERS,epwt_fg5,Starchy Roots and Tubers,17,8.479808,5.098919,2535,1135393.353,0.861706,2019
PROVINCE_HUC:Northern Mindanao:Bukidnon:VITAMIN_C_RICH_FRUITS,All surveyed individuals,PROVINCE_HUC,Northern Mindanao,64,Bukidnon,PROVINCE_OR_HUC,VITAMIN_C_RICH_FRUITS,epwt_fg12,Vitamin C-Rich Fruits,18,3.622638,5.078757,2535,1135393.353,1.987263,2019
PROVINCE_HUC:Northern Mindanao:Bukidnon:MILK_PRODUCTS,All surveyed individuals,PROVINCE_HUC,Northern Mindanao,64,Bukidnon,PROVINCE_OR_HUC,MILK_PRODUCTS,epwt_fg21,Milk Products,19,2.656242,1.728288,2535,1135393.353,0.732459,2019
PROVINCE_HUC:Northern Mindanao:Bukidnon:OTHER_MISCELLANEOUS,All surveyed individuals,PROVINCE_HUC,Northern Mindanao,64,Bukidnon,PROVINCE_OR_HUC,OTHER_MISCELLANEOUS,epwt_fg27,Other Miscellaneous,20,2.686048,0.720447,2535,1135393.353,0.353031,2019
PROVINCE_HUC:Northern Mindanao:Cagayan de Oro:RICE_PRODUCTS,All surveyed individuals,PROVINCE_HUC,Northern Mindanao,69,Cagayan de Oro,PROVINCE_OR_HUC,RICE_PRODUCTS,epwt_fg2,Rice and Products,1,94.814595,216.229314,1662,393332.498,0.985636,2018
PROVINCE_HUC:Northern Mindanao:Cagayan de Oro:FISH_PRODUCTS,All surveyed individuals,PROVINCE_HUC,Northern Mindanao,69,Cagayan de Oro,PROVINCE_OR_HUC,FISH_PRODUCTS,epwt_fg15,Fish and Fish Products,2,60.000814,40.540019,1662,393332.498,0.931126,2018
PROVINCE_HUC:Northern Mindanao:Cagayan de Oro:OTHER_CEREAL_PRODUCTS,All surveyed individuals,PROVINCE_HUC,Northern Mindanao,69,Cagayan de Oro,PROVINCE_OR_HUC,OTHER_CEREAL_PRODUCTS,epwt_fg4,Other Cereal Products,3,55.763045,33.650446,1662,393332.498,0.757442,2018
PROVINCE_HUC:Northern Mindanao:Cagayan de Oro:MEAT_PRODUCTS,All surveyed individuals,PROVINCE_HUC,Northern Mindanao,69,Cagayan de Oro,PROVINCE_OR_HUC,MEAT_PRODUCTS,epwt_fg16,Meat and Meat Products,4,43.618986,44.021571,1662,393332.498,1.09889,2018
PROVINCE_HUC:Northern Mindanao:Cagayan de Oro:OTHER_VEGETABLES,All surveyed individuals,PROVINCE_HUC,Northern Mindanao,69,Cagayan de Oro,PROVINCE_OR_HUC,OTHER_VEGETABLES,epwt_fg10,Other Vegetables,5,42.181286,26.264155,1662,393332.498,0.92785,2018
PROVINCE_HUC:Northern Mindanao:Cagayan de Oro:GREEN_LEAFY_YELLOW_VEGETABLES,All surveyed individuals,PROVINCE_HUC,Northern Mindanao,69,Cagayan de Oro,PROVINCE_OR_HUC,GREEN_LEAFY_YELLOW_VEGETABLES,epwt_fg9,Green Leafy and Yellow Vegetables,6,46.8028,16.511564,1662,393332.498,1.137066,2018
PROVINCE_HUC:Northern Mindanao:Cagayan de Oro:BEVERAGES,All surveyed individuals,PROVINCE_HUC,Northern Mindanao,69,Cagayan de Oro,PROVINCE_OR_HUC,BEVERAGES,epwt_fg25,Beverages,7,41.917837,16.91981,1662,393332.498,0.656732,2018
PROVINCE_HUC:Northern Mindanao:Cagayan de Oro:FATS_OILS,All surveyed individuals,PROVINCE_HUC,Northern Mindanao,69,Cagayan de Oro,PROVINCE_OR_HUC,FATS_OILS,epwt_fg23,Fats and Oils,8,62.607885,4.858366,1662,393332.498,0.902268,2018
PROVINCE_HUC:Northern Mindanao:Cagayan de Oro:POULTRY,All surveyed individuals,PROVINCE_HUC,Northern Mindanao,69,Cagayan de Oro,PROVINCE_OR_HUC,POULTRY,epwt_fg17,Poultry,9,32.299113,26.897015,1662,393332.498,1.333932,2018
PROVINCE_HUC:Northern Mindanao:Cagayan de Oro:EGGS,All surveyed individuals,PROVINCE_HUC,Northern Mindanao,69,Cagayan de Oro,PROVINCE_OR_HUC,EGGS,epwt_fg18,Eggs,10,36.638795,15.112327,1662,393332.498,1.116489,2018
PROVINCE_HUC:Northern Mindanao:Cagayan de Oro:SUGAR_SYRUPS,All surveyed individuals,PROVINCE_HUC,Northern Mindanao,69,Cagayan de Oro,PROVINCE_OR_HUC,SUGAR_SYRUPS,epwt_fg6,Sugar and Syrups,11,27.971472,32.911765,1662,393332.498,0.931241,2018
PROVINCE_HUC:Northern Mindanao:Cagayan de Oro:WHOLE_MILK,All surveyed individuals,PROVINCE_HUC,Northern Mindanao,69,Cagayan de Oro,PROVINCE_OR_HUC,WHOLE_MILK,epwt_fg20,Whole Milk,12,23.039919,10.905733,1662,393332.498,1.135846,2018
PROVINCE_HUC:Northern Mindanao:Cagayan de Oro:DRIED_BEANS,All surveyed individuals,PROVINCE_HUC,Northern Mindanao,69,Cagayan de Oro,PROVINCE_OR_HUC,DRIED_BEANS,epwt_fg7,Dried Beans,13,28.43191,5.410454,1662,393332.498,1.018877,2018
PROVINCE_HUC:Northern Mindanao:Cagayan de Oro:OTHER_FRUITS,All surveyed individuals,PROVINCE_HUC,Northern Mindanao,69,Cagayan de Oro,PROVINCE_OR_HUC,OTHER_FRUITS,epwt_fg13,Other Fruits,14,13.130894,14.972528,1662,393332.498,1.039898,2018
PROVINCE_HUC:Northern Mindanao:Cagayan de Oro:CONDIMENTS_SPICES,All surveyed individuals,PROVINCE_HUC,Northern Mindanao,69,Cagayan de Oro,PROVINCE_OR_HUC,CONDIMENTS_SPICES,epwt_fg26,Condiments and Spices,15,23.303977,2.619885,1662,393332.498,1.498531,2018
PROVINCE_HUC:Northern Mindanao:Cagayan de Oro:STARCHY_ROOTS_TUBERS,All surveyed individuals,PROVINCE_HUC,Northern Mindanao,69,Cagayan de Oro,PROVINCE_OR_HUC,STARCHY_ROOTS_TUBERS,epwt_fg5,Starchy Roots and Tubers,16,9.223617,4.926443,1662,393332.498,0.832557,2018
PROVINCE_HUC:Northern Mindanao:Cagayan de Oro:CORN_PRODUCTS,All surveyed individuals,PROVINCE_HUC,Northern Mindanao,69,Cagayan de Oro,PROVINCE_OR_HUC,CORN_PRODUCTS,epwt_fg3,Corn and Products,17,6.125794,7.97573,1662,393332.498,1.016843,2018
PROVINCE_HUC:Northern Mindanao:Cagayan de Oro:VITAMIN_C_RICH_FRUITS,All surveyed individuals,PROVINCE_HUC,Northern Mindanao,69,Cagayan de Oro,PROVINCE_OR_HUC,VITAMIN_C_RICH_FRUITS,epwt_fg12,Vitamin C-Rich Fruits,18,3.186189,2.670745,1662,393332.498,1.045034,2018
PROVINCE_HUC:Northern Mindanao:Cagayan de Oro:MILK_PRODUCTS,All surveyed individuals,PROVINCE_HUC,Northern Mindanao,69,Cagayan de Oro,PROVINCE_OR_HUC,MILK_PRODUCTS,epwt_fg21,Milk Products,19,2.676861,1.737069,1662,393332.498,0.736181,2018
PROVINCE_HUC:Northern Mindanao:Cagayan de Oro:OTHER_MISCELLANEOUS,All surveyed individuals,PROVINCE_HUC,Northern Mindanao,69,Cagayan de Oro,PROVINCE_OR_HUC,OTHER_MISCELLANEOUS,epwt_fg27,Other Miscellaneous,20,2.032408,2.345131,1662,393332.498,1.149155,2018
PROVINCE_HUC:Northern Mindanao:Camiguin:RICE_PRODUCTS,All surveyed individuals,PROVINCE_HUC,Northern Mindanao,65,Camiguin,PROVINCE_OR_HUC,RICE_PRODUCTS,epwt_fg2,Rice and Products,1,98.863521,226.721203,1315,70564.158,1.033461,2018
PROVINCE_HUC:Northern Mindanao:Camiguin:FISH_PRODUCTS,All surveyed individuals,PROVINCE_HUC,Northern Mindanao,65,Camiguin,PROVINCE_OR_HUC,FISH_PRODUCTS,epwt_fg15,Fish and Fish Products,2,71.317088,60.170948,1315,70564.158,1.38201,2018
PROVINCE_HUC:Northern Mindanao:Camiguin:OTHER_CEREAL_PRODUCTS,All surveyed individuals,PROVINCE_HUC,Northern Mindanao,65,Camiguin,PROVINCE_OR_HUC,OTHER_CEREAL_PRODUCTS,epwt_fg4,Other Cereal Products,3,46.947408,24.318818,1315,70564.158,0.547396,2018
PROVINCE_HUC:Northern Mindanao:Camiguin:MEAT_PRODUCTS,All surveyed individuals,PROVINCE_HUC,Northern Mindanao,65,Camiguin,PROVINCE_OR_HUC,MEAT_PRODUCTS,epwt_fg16,Meat and Meat Products,4,38.695318,34.517795,1315,70564.158,0.861652,2018
PROVINCE_HUC:Northern Mindanao:Camiguin:FATS_OILS,All surveyed individuals,PROVINCE_HUC,Northern Mindanao,65,Camiguin,PROVINCE_OR_HUC,FATS_OILS,epwt_fg23,Fats and Oils,5,65.724933,6.569711,1315,70564.158,1.220089,2018
PROVINCE_HUC:Northern Mindanao:Camiguin:BEVERAGES,All surveyed individuals,PROVINCE_HUC,Northern Mindanao,65,Camiguin,PROVINCE_OR_HUC,BEVERAGES,epwt_fg25,Beverages,6,41.720471,15.863268,1315,70564.158,0.615723,2018
PROVINCE_HUC:Northern Mindanao:Camiguin:GREEN_LEAFY_YELLOW_VEGETABLES,All surveyed individuals,PROVINCE_HUC,Northern Mindanao,65,Camiguin,PROVINCE_OR_HUC,GREEN_LEAFY_YELLOW_VEGETABLES,epwt_fg9,Green Leafy and Yellow Vegetables,7,43.711737,13.242923,1315,70564.158,0.911971,2018
PROVINCE_HUC:Northern Mindanao:Camiguin:EGGS,All surveyed individuals,PROVINCE_HUC,Northern Mindanao,65,Camiguin,PROVINCE_OR_HUC,EGGS,epwt_fg18,Eggs,8,37.285,16.029742,1315,70564.158,1.184267,2018
PROVINCE_HUC:Northern Mindanao:Camiguin:SUGAR_SYRUPS,All surveyed individuals,PROVINCE_HUC,Northern Mindanao,65,Camiguin,PROVINCE_OR_HUC,SUGAR_SYRUPS,epwt_fg6,Sugar and Syrups,9,31.472352,27.264875,1315,70564.158,0.771461,2018
PROVINCE_HUC:Northern Mindanao:Camiguin:OTHER_VEGETABLES,All surveyed individuals,PROVINCE_HUC,Northern Mindanao,65,Camiguin,PROVINCE_OR_HUC,OTHER_VEGETABLES,epwt_fg10,Other Vegetables,10,29.904168,17.163186,1315,70564.158,0.606335,2018
PROVINCE_HUC:Northern Mindanao:Camiguin:WHOLE_MILK,All surveyed individuals,PROVINCE_HUC,Northern Mindanao,65,Camiguin,PROVINCE_OR_HUC,WHOLE_MILK,epwt_fg20,Whole Milk,11,22.447514,9.778487,1315,70564.158,1.018442,2018
PROVINCE_HUC:Northern Mindanao:Camiguin:CONDIMENTS_SPICES,All surveyed individuals,PROVINCE_HUC,Northern Mindanao,65,Camiguin,PROVINCE_OR_HUC,CONDIMENTS_SPICES,epwt_fg26,Condiments and Spices,12,29.00223,3.342127,1315,70564.158,1.911642,2018
PROVINCE_HUC:Northern Mindanao:Camiguin:POULTRY,All surveyed individuals,PROVINCE_HUC,Northern Mindanao,65,Camiguin,PROVINCE_OR_HUC,POULTRY,epwt_fg17,Poultry,13,14.312549,14.344072,1315,70564.158,0.711381,2018
PROVINCE_HUC:Northern Mindanao:Camiguin:DRIED_BEANS,All surveyed individuals,PROVINCE_HUC,Northern Mindanao,65,Camiguin,PROVINCE_OR_HUC,DRIED_BEANS,epwt_fg7,Dried Beans,14,22.766436,3.703912,1315,70564.158,0.697507,2018
PROVINCE_HUC:Northern Mindanao:Camiguin:OTHER_FRUITS,All surveyed individuals,PROVINCE_HUC,Northern Mindanao,65,Camiguin,PROVINCE_OR_HUC,OTHER_FRUITS,epwt_fg13,Other Fruits,15,12.146314,14.134934,1315,70564.158,0.981724,2018
PROVINCE_HUC:Northern Mindanao:Camiguin:VITAMIN_C_RICH_FRUITS,All surveyed individuals,PROVINCE_HUC,Northern Mindanao,65,Camiguin,PROVINCE_OR_HUC,VITAMIN_C_RICH_FRUITS,epwt_fg12,Vitamin C-Rich Fruits,16,7.556312,14.122568,1315,70564.158,5.526009,2018
PROVINCE_HUC:Northern Mindanao:Camiguin:STARCHY_ROOTS_TUBERS,All surveyed individuals,PROVINCE_HUC,Northern Mindanao,65,Camiguin,PROVINCE_OR_HUC,STARCHY_ROOTS_TUBERS,epwt_fg5,Starchy Roots and Tubers,17,4.634282,2.03782,1315,70564.158,0.344387,2018
PROVINCE_HUC:Northern Mindanao:Camiguin:CORN_PRODUCTS,All surveyed individuals,PROVINCE_HUC,Northern Mindanao,65,Camiguin,PROVINCE_OR_HUC,CORN_PRODUCTS,epwt_fg3,Corn and Products,18,2.618278,2.787961,1315,70564.158,0.355443,2018
PROVINCE_HUC:Northern Mindanao:Camiguin:OTHER_MISCELLANEOUS,All surveyed individuals,PROVINCE_HUC,Northern Mindanao,65,Camiguin,PROVINCE_OR_HUC,OTHER_MISCELLANEOUS,epwt_fg27,Other Miscellaneous,19,1.623574,1.421743,1315,70564.158,0.696679,2018
PROVINCE_HUC:Northern Mindanao:Camiguin:MILK_PRODUCTS,All surveyed individuals,PROVINCE_HUC,Northern Mindanao,65,Camiguin,PROVINCE_OR_HUC,MILK_PRODUCTS,epwt_fg21,Milk Products,20,1.41929,0.79901,1315,70564.158,0.338625,2018
PROVINCE_HUC:Northern Mindanao:Iligan:RICE_PRODUCTS,All surveyed individuals,PROVINCE_HUC,Northern Mindanao,67,Iligan,PROVINCE_OR_HUC,RICE_PRODUCTS,epwt_fg2,Rice and Products,1,97.379482,221.566879,2024,245639.598,1.009967,2021
PROVINCE_HUC:Northern Mindanao:Iligan:FISH_PRODUCTS,All surveyed individuals,PROVINCE_HUC,Northern Mindanao,67,Iligan,PROVINCE_OR_HUC,FISH_PRODUCTS,epwt_fg15,Fish and Fish Products,2,71.933074,52.881308,2024,245639.598,1.214581,2021
PROVINCE_HUC:Northern Mindanao:Iligan:OTHER_CEREAL_PRODUCTS,All surveyed individuals,PROVINCE_HUC,Northern Mindanao,67,Iligan,PROVINCE_OR_HUC,OTHER_CEREAL_PRODUCTS,epwt_fg4,Other Cereal Products,3,56.070604,37.606495,2024,245639.598,0.84649,2021
PROVINCE_HUC:Northern Mindanao:Iligan:GREEN_LEAFY_YELLOW_VEGETABLES,All surveyed individuals,PROVINCE_HUC,Northern Mindanao,67,Iligan,PROVINCE_OR_HUC,GREEN_LEAFY_YELLOW_VEGETABLES,epwt_fg9,Green Leafy and Yellow Vegetables,4,44.845557,15.953396,2024,245639.598,1.098628,2021
PROVINCE_HUC:Northern Mindanao:Iligan:BEVERAGES,All surveyed individuals,PROVINCE_HUC,Northern Mindanao,67,Iligan,PROVINCE_OR_HUC,BEVERAGES,epwt_fg25,Beverages,5,42.911407,17.284186,2024,245639.598,0.670875,2021
PROVINCE_HUC:Northern Mindanao:Iligan:SUGAR_SYRUPS,All surveyed individuals,PROVINCE_HUC,Northern Mindanao,67,Iligan,PROVINCE_OR_HUC,SUGAR_SYRUPS,epwt_fg6,Sugar and Syrups,6,33.407184,36.709113,2024,245639.598,1.038687,2021
PROVINCE_HUC:Northern Mindanao:Iligan:OTHER_VEGETABLES,All surveyed individuals,PROVINCE_HUC,Northern Mindanao,67,Iligan,PROVINCE_OR_HUC,OTHER_VEGETABLES,epwt_fg10,Other Vegetables,7,36.252864,22.032896,2024,245639.598,0.77837,2021
PROVINCE_HUC:Northern Mindanao:Iligan:FATS_OILS,All surveyed individuals,PROVINCE_HUC,Northern Mindanao,67,Iligan,PROVINCE_OR_HUC,FATS_OILS,epwt_fg23,Fats and Oils,8,65.47404,4.663551,2024,245639.598,0.866088,2021
PROVINCE_HUC:Northern Mindanao:Iligan:EGGS,All surveyed individuals,PROVINCE_HUC,Northern Mindanao,67,Iligan,PROVINCE_OR_HUC,EGGS,epwt_fg18,Eggs,9,36.300668,18.632821,2024,245639.598,1.376581,2021
PROVINCE_HUC:Northern Mindanao:Iligan:MEAT_PRODUCTS,All surveyed individuals,PROVINCE_HUC,Northern Mindanao,67,Iligan,PROVINCE_OR_HUC,MEAT_PRODUCTS,epwt_fg16,Meat and Meat Products,10,28.499142,23.460778,2024,245639.598,0.585641,2021
PROVINCE_HUC:Northern Mindanao:Iligan:POULTRY,All surveyed individuals,PROVINCE_HUC,Northern Mindanao,67,Iligan,PROVINCE_OR_HUC,POULTRY,epwt_fg17,Poultry,11,24.840687,20.400482,2024,245639.598,1.011743,2021
PROVINCE_HUC:Northern Mindanao:Iligan:WHOLE_MILK,All surveyed individuals,PROVINCE_HUC,Northern Mindanao,67,Iligan,PROVINCE_OR_HUC,WHOLE_MILK,epwt_fg20,Whole Milk,12,22.707741,10.926591,2024,245639.598,1.138018,2021
PROVINCE_HUC:Northern Mindanao:Iligan:DRIED_BEANS,All surveyed individuals,PROVINCE_HUC,Northern Mindanao,67,Iligan,PROVINCE_OR_HUC,DRIED_BEANS,epwt_fg7,Dried Beans,13,25.85672,3.833645,2024,245639.598,0.721938,2021
PROVINCE_HUC:Northern Mindanao:Iligan:OTHER_FRUITS,All surveyed individuals,PROVINCE_HUC,Northern Mindanao,67,Iligan,PROVINCE_OR_HUC,OTHER_FRUITS,epwt_fg13,Other Fruits,14,13.800426,13.427522,2024,245639.598,0.932592,2021
PROVINCE_HUC:Northern Mindanao:Iligan:CONDIMENTS_SPICES,All surveyed individuals,PROVINCE_HUC,Northern Mindanao,67,Iligan,PROVINCE_OR_HUC,CONDIMENTS_SPICES,epwt_fg26,Condiments and Spices,15,25.90438,1.672221,2024,245639.598,0.956483,2021
PROVINCE_HUC:Northern Mindanao:Iligan:STARCHY_ROOTS_TUBERS,All surveyed individuals,PROVINCE_HUC,Northern Mindanao,67,Iligan,PROVINCE_OR_HUC,STARCHY_ROOTS_TUBERS,epwt_fg5,Starchy Roots and Tubers,16,8.756914,5.015538,2024,245639.598,0.847614,2021
PROVINCE_HUC:Northern Mindanao:Iligan:CORN_PRODUCTS,All surveyed individuals,PROVINCE_HUC,Northern Mindanao,67,Iligan,PROVINCE_OR_HUC,CORN_PRODUCTS,epwt_fg3,Corn and Products,17,4.131774,3.835683,2024,245639.598,0.489019,2021
PROVINCE_HUC:Northern Mindanao:Iligan:MILK_PRODUCTS,All surveyed individuals,PROVINCE_HUC,Northern Mindanao,67,Iligan,PROVINCE_OR_HUC,MILK_PRODUCTS,epwt_fg21,Milk Products,18,2.962023,2.76674,2024,245639.598,1.172562,2021
PROVINCE_HUC:Northern Mindanao:Iligan:VITAMIN_C_RICH_FRUITS,All surveyed individuals,PROVINCE_HUC,Northern Mindanao,67,Iligan,PROVINCE_OR_HUC,VITAMIN_C_RICH_FRUITS,epwt_fg12,Vitamin C-Rich Fruits,19,1.503029,1.351233,2024,245639.598,0.528723,2021
PROVINCE_HUC:Northern Mindanao:Iligan:OTHER_MISCELLANEOUS,All surveyed individuals,PROVINCE_HUC,Northern Mindanao,67,Iligan,PROVINCE_OR_HUC,OTHER_MISCELLANEOUS,epwt_fg27,Other Miscellaneous,20,1.721617,0.636794,2024,245639.598,0.31204,2021
PROVINCE_HUC:Northern Mindanao:Lanao del Norte:RICE_PRODUCTS,All surveyed individuals,PROVINCE_HUC,Northern Mindanao,66,Lanao del Norte,PROVINCE_OR_HUC,RICE_PRODUCTS,epwt_fg2,Rice and Products,1,85.139343,197.636048,3280,601006.237,0.900883,2019
PROVINCE_HUC:Northern Mindanao:Lanao del Norte:FISH_PRODUCTS,All surveyed individuals,PROVINCE_HUC,Northern Mindanao,66,Lanao del Norte,PROVINCE_OR_HUC,FISH_PRODUCTS,epwt_fg15,Fish and Fish Products,2,71.436943,46.597074,3280,601006.237,1.070245,2019
PROVINCE_HUC:Northern Mindanao:Lanao del Norte:OTHER_CEREAL_PRODUCTS,All surveyed individuals,PROVINCE_HUC,Northern Mindanao,66,Lanao del Norte,PROVINCE_OR_HUC,OTHER_CEREAL_PRODUCTS,epwt_fg4,Other Cereal Products,3,53.106942,32.693709,3280,601006.237,0.735907,2019
PROVINCE_HUC:Northern Mindanao:Lanao del Norte:SUGAR_SYRUPS,All surveyed individuals,PROVINCE_HUC,Northern Mindanao,66,Lanao del Norte,PROVINCE_OR_HUC,SUGAR_SYRUPS,epwt_fg6,Sugar and Syrups,4,38.906071,33.422944,3280,601006.237,0.945704,2019
PROVINCE_HUC:Northern Mindanao:Lanao del Norte:BEVERAGES,All surveyed individuals,PROVINCE_HUC,Northern Mindanao,66,Lanao del Norte,PROVINCE_OR_HUC,BEVERAGES,epwt_fg25,Beverages,5,43.919915,19.211644,3280,601006.237,0.745688,2019
PROVINCE_HUC:Northern Mindanao:Lanao del Norte:FATS_OILS,All surveyed individuals,PROVINCE_HUC,Northern Mindanao,66,Lanao del Norte,PROVINCE_OR_HUC,FATS_OILS,epwt_fg23,Fats and Oils,6,62.997148,6.003467,3280,601006.237,1.11493,2019
PROVINCE_HUC:Northern Mindanao:Lanao del Norte:GREEN_LEAFY_YELLOW_VEGETABLES,All surveyed individuals,PROVINCE_HUC,Northern Mindanao,66,Lanao del Norte,PROVINCE_OR_HUC,GREEN_LEAFY_YELLOW_VEGETABLES,epwt_fg9,Green Leafy and Yellow Vegetables,7,38.350986,15.71528,3280,601006.237,1.08223,2019
PROVINCE_HUC:Northern Mindanao:Lanao del Norte:OTHER_VEGETABLES,All surveyed individuals,PROVINCE_HUC,Northern Mindanao,66,Lanao del Norte,PROVINCE_OR_HUC,OTHER_VEGETABLES,epwt_fg10,Other Vegetables,8,31.743622,23.785811,3280,601006.237,0.840296,2019
PROVINCE_HUC:Northern Mindanao:Lanao del Norte:CORN_PRODUCTS,All surveyed individuals,PROVINCE_HUC,Northern Mindanao,66,Lanao del Norte,PROVINCE_OR_HUC,CORN_PRODUCTS,epwt_fg3,Corn and Products,9,21.624268,30.335192,3280,601006.237,3.867498,2019
PROVINCE_HUC:Northern Mindanao:Lanao del Norte:MEAT_PRODUCTS,All surveyed individuals,PROVINCE_HUC,Northern Mindanao,66,Lanao del Norte,PROVINCE_OR_HUC,MEAT_PRODUCTS,epwt_fg16,Meat and Meat Products,10,21.400544,19.903134,3280,601006.237,0.496833,2019
PROVINCE_HUC:Northern Mindanao:Lanao del Norte:EGGS,All surveyed individuals,PROVINCE_HUC,Northern Mindanao,66,Lanao del Norte,PROVINCE_OR_HUC,EGGS,epwt_fg18,Eggs,11,23.410827,10.276365,3280,601006.237,0.759211,2019
PROVINCE_HUC:Northern Mindanao:Lanao del Norte:DRIED_BEANS,All surveyed individuals,PROVINCE_HUC,Northern Mindanao,66,Lanao del Norte,PROVINCE_OR_HUC,DRIED_BEANS,epwt_fg7,Dried Beans,12,24.504199,4.446915,3280,601006.237,0.837427,2019
PROVINCE_HUC:Northern Mindanao:Lanao del Norte:WHOLE_MILK,All surveyed individuals,PROVINCE_HUC,Northern Mindanao,66,Lanao del Norte,PROVINCE_OR_HUC,WHOLE_MILK,epwt_fg20,Whole Milk,13,16.944678,7.491258,3280,601006.237,0.780224,2019
PROVINCE_HUC:Northern Mindanao:Lanao del Norte:OTHER_FRUITS,All surveyed individuals,PROVINCE_HUC,Northern Mindanao,66,Lanao del Norte,PROVINCE_OR_HUC,OTHER_FRUITS,epwt_fg13,Other Fruits,14,13.03469,13.349425,3280,601006.237,0.927167,2019
PROVINCE_HUC:Northern Mindanao:Lanao del Norte:CONDIMENTS_SPICES,All surveyed individuals,PROVINCE_HUC,Northern Mindanao,66,Lanao del Norte,PROVINCE_OR_HUC,CONDIMENTS_SPICES,epwt_fg26,Condiments and Spices,15,26.207932,2.65399,3280,601006.237,1.518039,2019
PROVINCE_HUC:Northern Mindanao:Lanao del Norte:POULTRY,All surveyed individuals,PROVINCE_HUC,Northern Mindanao,66,Lanao del Norte,PROVINCE_OR_HUC,POULTRY,epwt_fg17,Poultry,16,13.644954,10.181207,3280,601006.237,0.504927,2019
PROVINCE_HUC:Northern Mindanao:Lanao del Norte:STARCHY_ROOTS_TUBERS,All surveyed individuals,PROVINCE_HUC,Northern Mindanao,66,Lanao del Norte,PROVINCE_OR_HUC,STARCHY_ROOTS_TUBERS,epwt_fg5,Starchy Roots and Tubers,17,8.415169,7.292141,3280,601006.237,1.232355,2019
PROVINCE_HUC:Northern Mindanao:Lanao del Norte:OTHER_MISCELLANEOUS,All surveyed individuals,PROVINCE_HUC,Northern Mindanao,66,Lanao del Norte,PROVINCE_OR_HUC,OTHER_MISCELLANEOUS,epwt_fg27,Other Miscellaneous,18,2.188899,1.452127,3280,601006.237,0.711567,2019
PROVINCE_HUC:Northern Mindanao:Lanao del Norte:VITAMIN_C_RICH_FRUITS,All surveyed individuals,PROVINCE_HUC,Northern Mindanao,66,Lanao del Norte,PROVINCE_OR_HUC,VITAMIN_C_RICH_FRUITS,epwt_fg12,Vitamin C-Rich Fruits,19,1.891371,1.760539,3280,601006.237,0.68888,2019
PROVINCE_HUC:Northern Mindanao:Lanao del Norte:MILK_PRODUCTS,All surveyed individuals,PROVINCE_HUC,Northern Mindanao,66,Lanao del Norte,PROVINCE_OR_HUC,MILK_PRODUCTS,epwt_fg21,Milk Products,20,0.943974,0.675187,3280,601006.237,0.286148,2019
PROVINCE_HUC:Northern Mindanao:Misamis Occidental:RICE_PRODUCTS,All surveyed individuals,PROVINCE_HUC,Northern Mindanao,68,Misamis Occidental,PROVINCE_OR_HUC,RICE_PRODUCTS,epwt_fg2,Rice and Products,1,83.799905,210.346605,2700,499562.975,0.958821,2019
PROVINCE_HUC:Northern Mindanao:Misamis Occidental:FISH_PRODUCTS,All surveyed individuals,PROVINCE_HUC,Northern Mindanao,68,Misamis Occidental,PROVINCE_OR_HUC,FISH_PRODUCTS,epwt_fg15,Fish and Fish Products,2,79.527122,59.555196,2700,499562.975,1.367868,2019
PROVINCE_HUC:Northern Mindanao:Misamis Occidental:OTHER_CEREAL_PRODUCTS,All surveyed individuals,PROVINCE_HUC,Northern Mindanao,68,Misamis Occidental,PROVINCE_OR_HUC,OTHER_CEREAL_PRODUCTS,epwt_fg4,Other Cereal Products,3,53.296984,34.498424,2700,499562.975,0.77653,2019
PROVINCE_HUC:Northern Mindanao:Misamis Occidental:SUGAR_SYRUPS,All surveyed individuals,PROVINCE_HUC,Northern Mindanao,68,Misamis Occidental,PROVINCE_OR_HUC,SUGAR_SYRUPS,epwt_fg6,Sugar and Syrups,4,36.931752,36.508928,2700,499562.975,1.033023,2019
PROVINCE_HUC:Northern Mindanao:Misamis Occidental:MEAT_PRODUCTS,All surveyed individuals,PROVINCE_HUC,Northern Mindanao,68,Misamis Occidental,PROVINCE_OR_HUC,MEAT_PRODUCTS,epwt_fg16,Meat and Meat Products,5,34.810938,34.06189,2700,499562.975,0.850271,2019
PROVINCE_HUC:Northern Mindanao:Misamis Occidental:GREEN_LEAFY_YELLOW_VEGETABLES,All surveyed individuals,PROVINCE_HUC,Northern Mindanao,68,Misamis Occidental,PROVINCE_OR_HUC,GREEN_LEAFY_YELLOW_VEGETABLES,epwt_fg9,Green Leafy and Yellow Vegetables,6,40.017661,15.245099,2700,499562.975,1.049851,2019
PROVINCE_HUC:Northern Mindanao:Misamis Occidental:BEVERAGES,All surveyed individuals,PROVINCE_HUC,Northern Mindanao,68,Misamis Occidental,PROVINCE_OR_HUC,BEVERAGES,epwt_fg25,Beverages,7,35.505897,21.81665,2700,499562.975,0.8468,2019
PROVINCE_HUC:Northern Mindanao:Misamis Occidental:FATS_OILS,All surveyed individuals,PROVINCE_HUC,Northern Mindanao,68,Misamis Occidental,PROVINCE_OR_HUC,FATS_OILS,epwt_fg23,Fats and Oils,8,63.23839,4.041754,2700,499562.975,0.750611,2019
PROVINCE_HUC:Northern Mindanao:Misamis Occidental:OTHER_VEGETABLES,All surveyed individuals,PROVINCE_HUC,Northern Mindanao,68,Misamis Occidental,PROVINCE_OR_HUC,OTHER_VEGETABLES,epwt_fg10,Other Vegetables,9,28.317371,17.539295,2700,499562.975,0.619622,2019
PROVINCE_HUC:Northern Mindanao:Misamis Occidental:CORN_PRODUCTS,All surveyed individuals,PROVINCE_HUC,Northern Mindanao,68,Misamis Occidental,PROVINCE_OR_HUC,CORN_PRODUCTS,epwt_fg3,Corn and Products,10,21.198771,31.420262,2700,499562.975,4.005835,2019
PROVINCE_HUC:Northern Mindanao:Misamis Occidental:EGGS,All surveyed individuals,PROVINCE_HUC,Northern Mindanao,68,Misamis Occidental,PROVINCE_OR_HUC,EGGS,epwt_fg18,Eggs,11,26.151033,11.611112,2700,499562.975,0.857822,2019
PROVINCE_HUC:Northern Mindanao:Misamis Occidental:WHOLE_MILK,All surveyed individuals,PROVINCE_HUC,Northern Mindanao,68,Misamis Occidental,PROVINCE_OR_HUC,WHOLE_MILK,epwt_fg20,Whole Milk,12,20.765718,9.677744,2700,499562.975,1.007949,2019
PROVINCE_HUC:Northern Mindanao:Misamis Occidental:CONDIMENTS_SPICES,All surveyed individuals,PROVINCE_HUC,Northern Mindanao,68,Misamis Occidental,PROVINCE_OR_HUC,CONDIMENTS_SPICES,epwt_fg26,Condiments and Spices,13,32.054692,2.677155,2700,499562.975,1.531289,2019
PROVINCE_HUC:Northern Mindanao:Misamis Occidental:POULTRY,All surveyed individuals,PROVINCE_HUC,Northern Mindanao,68,Misamis Occidental,PROVINCE_OR_HUC,POULTRY,epwt_fg17,Poultry,14,15.738209,11.15116,2700,499562.975,0.553031,2019
PROVINCE_HUC:Northern Mindanao:Misamis Occidental:VITAMIN_C_RICH_FRUITS,All surveyed individuals,PROVINCE_HUC,Northern Mindanao,68,Misamis Occidental,PROVINCE_OR_HUC,VITAMIN_C_RICH_FRUITS,epwt_fg12,Vitamin C-Rich Fruits,15,11.450112,21.003319,2700,499562.975,8.218373,2019
PROVINCE_HUC:Northern Mindanao:Misamis Occidental:OTHER_FRUITS,All surveyed individuals,PROVINCE_HUC,Northern Mindanao,68,Misamis Occidental,PROVINCE_OR_HUC,OTHER_FRUITS,epwt_fg13,Other Fruits,16,12.266606,14.309496,2700,499562.975,0.993848,2019
PROVINCE_HUC:Northern Mindanao:Misamis Occidental:DRIED_BEANS,All surveyed individuals,PROVINCE_HUC,Northern Mindanao,68,Misamis Occidental,PROVINCE_OR_HUC,DRIED_BEANS,epwt_fg7,Dried Beans,17,20.403608,3.022744,2700,499562.975,0.569232,2019
PROVINCE_HUC:Northern Mindanao:Misamis Occidental:STARCHY_ROOTS_TUBERS,All surveyed individuals,PROVINCE_HUC,Northern Mindanao,68,Misamis Occidental,PROVINCE_OR_HUC,STARCHY_ROOTS_TUBERS,epwt_fg5,Starchy Roots and Tubers,18,6.708067,3.768376,2700,499562.975,0.636847,2019
PROVINCE_HUC:Northern Mindanao:Misamis Occidental:OTHER_MISCELLANEOUS,All surveyed individuals,PROVINCE_HUC,Northern Mindanao,68,Misamis Occidental,PROVINCE_OR_HUC,OTHER_MISCELLANEOUS,epwt_fg27,Other Miscellaneous,19,1.349053,3.882157,2700,499562.975,1.902324,2019
PROVINCE_HUC:Northern Mindanao:Misamis Occidental:MILK_PRODUCTS,All surveyed individuals,PROVINCE_HUC,Northern Mindanao,68,Misamis Occidental,PROVINCE_OR_HUC,MILK_PRODUCTS,epwt_fg21,Milk Products,20,1.313236,1.237122,2700,499562.975,0.5243,2019
PROVINCE_HUC:Northern Mindanao:Misamis Oriental:RICE_PRODUCTS,All surveyed individuals,PROVINCE_HUC,Northern Mindanao,70,Misamis Oriental,PROVINCE_OR_HUC,RICE_PRODUCTS,epwt_fg2,Rice and Products,1,87.665526,216.491404,2649,738524.641,0.986831,2019
PROVINCE_HUC:Northern Mindanao:Misamis Oriental:FISH_PRODUCTS,All surveyed individuals,PROVINCE_HUC,Northern Mindanao,70,Misamis Oriental,PROVINCE_OR_HUC,FISH_PRODUCTS,epwt_fg15,Fish and Fish Products,2,64.424504,39.939242,2649,738524.641,0.917327,2019
PROVINCE_HUC:Northern Mindanao:Misamis Oriental:OTHER_CEREAL_PRODUCTS,All surveyed individuals,PROVINCE_HUC,Northern Mindanao,70,Misamis Oriental,PROVINCE_OR_HUC,OTHER_CEREAL_PRODUCTS,epwt_fg4,Other Cereal Products,3,52.611577,31.237433,2649,738524.641,0.703128,2019
PROVINCE_HUC:Northern Mindanao:Misamis Oriental:GREEN_LEAFY_YELLOW_VEGETABLES,All surveyed individuals,PROVINCE_HUC,Northern Mindanao,70,Misamis Oriental,PROVINCE_OR_HUC,GREEN_LEAFY_YELLOW_VEGETABLES,epwt_fg9,Green Leafy and Yellow Vegetables,4,47.47698,16.914912,2649,738524.641,1.164842,2019
PROVINCE_HUC:Northern Mindanao:Misamis Oriental:SUGAR_SYRUPS,All surveyed individuals,PROVINCE_HUC,Northern Mindanao,70,Misamis Oriental,PROVINCE_OR_HUC,SUGAR_SYRUPS,epwt_fg6,Sugar and Syrups,5,36.671036,37.259933,2649,738524.641,1.054272,2019
PROVINCE_HUC:Northern Mindanao:Misamis Oriental:MEAT_PRODUCTS,All surveyed individuals,PROVINCE_HUC,Northern Mindanao,70,Misamis Oriental,PROVINCE_OR_HUC,MEAT_PRODUCTS,epwt_fg16,Meat and Meat Products,6,37.037213,35.457038,2649,738524.641,0.885098,2019
PROVINCE_HUC:Northern Mindanao:Misamis Oriental:BEVERAGES,All surveyed individuals,PROVINCE_HUC,Northern Mindanao,70,Misamis Oriental,PROVINCE_OR_HUC,BEVERAGES,epwt_fg25,Beverages,7,39.824453,23.634381,2649,738524.641,0.917354,2019
PROVINCE_HUC:Northern Mindanao:Misamis Oriental:OTHER_VEGETABLES,All surveyed individuals,PROVINCE_HUC,Northern Mindanao,70,Misamis Oriental,PROVINCE_OR_HUC,OTHER_VEGETABLES,epwt_fg10,Other Vegetables,8,36.712505,21.677274,2649,738524.641,0.765807,2019
PROVINCE_HUC:Northern Mindanao:Misamis Oriental:FATS_OILS,All surveyed individuals,PROVINCE_HUC,Northern Mindanao,70,Misamis Oriental,PROVINCE_OR_HUC,FATS_OILS,epwt_fg23,Fats and Oils,9,63.452902,4.30256,2649,738524.641,0.799047,2019
PROVINCE_HUC:Northern Mindanao:Misamis Oriental:EGGS,All surveyed individuals,PROVINCE_HUC,Northern Mindanao,70,Misamis Oriental,PROVINCE_OR_HUC,EGGS,epwt_fg18,Eggs,10,32.993583,14.506295,2649,738524.641,1.071716,2019
PROVINCE_HUC:Northern Mindanao:Misamis Oriental:POULTRY,All surveyed individuals,PROVINCE_HUC,Northern Mindanao,70,Misamis Oriental,PROVINCE_OR_HUC,POULTRY,epwt_fg17,Poultry,11,21.814042,16.956471,2649,738524.641,0.84094,2019
PROVINCE_HUC:Northern Mindanao:Misamis Oriental:WHOLE_MILK,All surveyed individuals,PROVINCE_HUC,Northern Mindanao,70,Misamis Oriental,PROVINCE_OR_HUC,WHOLE_MILK,epwt_fg20,Whole Milk,12,24.202447,9.719733,2649,738524.641,1.012322,2019
PROVINCE_HUC:Northern Mindanao:Misamis Oriental:CORN_PRODUCTS,All surveyed individuals,PROVINCE_HUC,Northern Mindanao,70,Misamis Oriental,PROVINCE_OR_HUC,CORN_PRODUCTS,epwt_fg3,Corn and Products,13,17.225042,24.604888,2649,738524.641,3.136929,2019
PROVINCE_HUC:Northern Mindanao:Misamis Oriental:OTHER_FRUITS,All surveyed individuals,PROVINCE_HUC,Northern Mindanao,70,Misamis Oriental,PROVINCE_OR_HUC,OTHER_FRUITS,epwt_fg13,Other Fruits,14,14.122789,16.482426,2649,738524.641,1.144766,2019
PROVINCE_HUC:Northern Mindanao:Misamis Oriental:DRIED_BEANS,All surveyed individuals,PROVINCE_HUC,Northern Mindanao,70,Misamis Oriental,PROVINCE_OR_HUC,DRIED_BEANS,epwt_fg7,Dried Beans,15,19.607634,3.00801,2649,738524.641,0.566458,2019
PROVINCE_HUC:Northern Mindanao:Misamis Oriental:CONDIMENTS_SPICES,All surveyed individuals,PROVINCE_HUC,Northern Mindanao,70,Misamis Oriental,PROVINCE_OR_HUC,CONDIMENTS_SPICES,epwt_fg26,Condiments and Spices,16,23.260647,1.861312,2649,738524.641,1.06464,2019
PROVINCE_HUC:Northern Mindanao:Misamis Oriental:STARCHY_ROOTS_TUBERS,All surveyed individuals,PROVINCE_HUC,Northern Mindanao,70,Misamis Oriental,PROVINCE_OR_HUC,STARCHY_ROOTS_TUBERS,epwt_fg5,Starchy Roots and Tubers,17,6.100655,3.649696,2649,738524.641,0.61679,2019
PROVINCE_HUC:Northern Mindanao:Misamis Oriental:MILK_PRODUCTS,All surveyed individuals,PROVINCE_HUC,Northern Mindanao,70,Misamis Oriental,PROVINCE_OR_HUC,MILK_PRODUCTS,epwt_fg21,Milk Products,18,2.36048,1.791465,2649,738524.641,0.759234,2019
PROVINCE_HUC:Northern Mindanao:Misamis Oriental:VITAMIN_C_RICH_FRUITS,All surveyed individuals,PROVINCE_HUC,Northern Mindanao,70,Misamis Oriental,PROVINCE_OR_HUC,VITAMIN_C_RICH_FRUITS,epwt_fg12,Vitamin C-Rich Fruits,19,1.977761,1.372955,2649,738524.641,0.537223,2019
PROVINCE_HUC:Northern Mindanao:Misamis Oriental:OTHER_MISCELLANEOUS,All surveyed individuals,PROVINCE_HUC,Northern Mindanao,70,Misamis Oriental,PROVINCE_OR_HUC,OTHER_MISCELLANEOUS,epwt_fg27,Other Miscellaneous,20,2.273408,0.714825,2649,738524.641,0.350276,2019
PROVINCE_HUC:SOCCSKSARGEN:Cotabato:RICE_PRODUCTS,All surveyed individuals,PROVINCE_HUC,SOCCSKSARGEN,77,Cotabato,PROVINCE_OR_HUC,RICE_PRODUCTS,epwt_fg2,Rice and Products,1,99.021527,231.021852,3584,1474573.129,1.053065,2021
PROVINCE_HUC:SOCCSKSARGEN:Cotabato:FISH_PRODUCTS,All surveyed individuals,PROVINCE_HUC,SOCCSKSARGEN,77,Cotabato,PROVINCE_OR_HUC,FISH_PRODUCTS,epwt_fg15,Fish and Fish Products,2,69.391752,51.145797,3584,1474573.129,1.17472,2021
PROVINCE_HUC:SOCCSKSARGEN:Cotabato:SUGAR_SYRUPS,All surveyed individuals,PROVINCE_HUC,SOCCSKSARGEN,77,Cotabato,PROVINCE_OR_HUC,SUGAR_SYRUPS,epwt_fg6,Sugar and Syrups,3,47.036226,42.988843,3584,1474573.129,1.216372,2021
PROVINCE_HUC:SOCCSKSARGEN:Cotabato:OTHER_CEREAL_PRODUCTS,All surveyed individuals,PROVINCE_HUC,SOCCSKSARGEN,77,Cotabato,PROVINCE_OR_HUC,OTHER_CEREAL_PRODUCTS,epwt_fg4,Other Cereal Products,4,50.550949,29.851837,3584,1474573.129,0.671939,2021
PROVINCE_HUC:SOCCSKSARGEN:Cotabato:BEVERAGES,All surveyed individuals,PROVINCE_HUC,SOCCSKSARGEN,77,Cotabato,PROVINCE_OR_HUC,BEVERAGES,epwt_fg25,Beverages,5,46.383116,18.322188,3584,1474573.129,0.711165,2021
PROVINCE_HUC:SOCCSKSARGEN:Cotabato:GREEN_LEAFY_YELLOW_VEGETABLES,All surveyed individuals,PROVINCE_HUC,SOCCSKSARGEN,77,Cotabato,PROVINCE_OR_HUC,GREEN_LEAFY_YELLOW_VEGETABLES,epwt_fg9,Green Leafy and Yellow Vegetables,6,46.792221,15.615778,3584,1474573.129,1.075378,2021
PROVINCE_HUC:SOCCSKSARGEN:Cotabato:OTHER_VEGETABLES,All surveyed individuals,PROVINCE_HUC,SOCCSKSARGEN,77,Cotabato,PROVINCE_OR_HUC,OTHER_VEGETABLES,epwt_fg10,Other Vegetables,7,42.031845,21.616142,3584,1474573.129,0.763647,2021
PROVINCE_HUC:SOCCSKSARGEN:Cotabato:FATS_OILS,All surveyed individuals,PROVINCE_HUC,SOCCSKSARGEN,77,Cotabato,PROVINCE_OR_HUC,FATS_OILS,epwt_fg23,Fats and Oils,8,59.57027,3.951411,3584,1474573.129,0.733834,2021
PROVINCE_HUC:SOCCSKSARGEN:Cotabato:POULTRY,All surveyed individuals,PROVINCE_HUC,SOCCSKSARGEN,77,Cotabato,PROVINCE_OR_HUC,POULTRY,epwt_fg17,Poultry,9,28.109775,18.038326,3584,1474573.129,0.894594,2021
PROVINCE_HUC:SOCCSKSARGEN:Cotabato:EGGS,All surveyed individuals,PROVINCE_HUC,SOCCSKSARGEN,77,Cotabato,PROVINCE_OR_HUC,EGGS,epwt_fg18,Eggs,10,28.39049,14.083402,3584,1474573.129,1.040473,2021
PROVINCE_HUC:SOCCSKSARGEN:Cotabato:MEAT_PRODUCTS,All surveyed individuals,PROVINCE_HUC,SOCCSKSARGEN,77,Cotabato,PROVINCE_OR_HUC,MEAT_PRODUCTS,epwt_fg16,Meat and Meat Products,11,22.81492,23.23935,3584,1474573.129,0.580113,2021
PROVINCE_HUC:SOCCSKSARGEN:Cotabato:OTHER_FRUITS,All surveyed individuals,PROVINCE_HUC,SOCCSKSARGEN,77,Cotabato,PROVINCE_OR_HUC,OTHER_FRUITS,epwt_fg13,Other Fruits,12,21.076999,24.676302,3584,1474573.129,1.713861,2021
PROVINCE_HUC:SOCCSKSARGEN:Cotabato:DRIED_BEANS,All surveyed individuals,PROVINCE_HUC,SOCCSKSARGEN,77,Cotabato,PROVINCE_OR_HUC,DRIED_BEANS,epwt_fg7,Dried Beans,13,28.873568,4.080425,3584,1474573.129,0.768411,2021
PROVINCE_HUC:SOCCSKSARGEN:Cotabato:WHOLE_MILK,All surveyed individuals,PROVINCE_HUC,SOCCSKSARGEN,77,Cotabato,PROVINCE_OR_HUC,WHOLE_MILK,epwt_fg20,Whole Milk,14,16.484327,6.26494,3584,1474573.129,0.652501,2021
PROVINCE_HUC:SOCCSKSARGEN:Cotabato:CONDIMENTS_SPICES,All surveyed individuals,PROVINCE_HUC,SOCCSKSARGEN,77,Cotabato,PROVINCE_OR_HUC,CONDIMENTS_SPICES,epwt_fg26,Condiments and Spices,15,21.855979,1.452743,3584,1474573.129,0.830945,2021
PROVINCE_HUC:SOCCSKSARGEN:Cotabato:STARCHY_ROOTS_TUBERS,All surveyed individuals,PROVINCE_HUC,SOCCSKSARGEN,77,Cotabato,PROVINCE_OR_HUC,STARCHY_ROOTS_TUBERS,epwt_fg5,Starchy Roots and Tubers,16,5.025653,3.130879,3584,1474573.129,0.529111,2021
PROVINCE_HUC:SOCCSKSARGEN:Cotabato:VITAMIN_C_RICH_FRUITS,All surveyed individuals,PROVINCE_HUC,SOCCSKSARGEN,77,Cotabato,PROVINCE_OR_HUC,VITAMIN_C_RICH_FRUITS,epwt_fg12,Vitamin C-Rich Fruits,17,3.093883,4.583444,3584,1474573.129,1.793452,2021
PROVINCE_HUC:SOCCSKSARGEN:Cotabato:CORN_PRODUCTS,All surveyed individuals,PROVINCE_HUC,SOCCSKSARGEN,77,Cotabato,PROVINCE_OR_HUC,CORN_PRODUCTS,epwt_fg3,Corn and Products,18,2.430868,1.744494,3584,1474573.129,0.222409,2021
PROVINCE_HUC:SOCCSKSARGEN:Cotabato:OTHER_MISCELLANEOUS,All surveyed individuals,PROVINCE_HUC,SOCCSKSARGEN,77,Cotabato,PROVINCE_OR_HUC,OTHER_MISCELLANEOUS,epwt_fg27,Other Miscellaneous,19,1.95274,1.167467,3584,1474573.129,0.572079,2021
PROVINCE_HUC:SOCCSKSARGEN:Cotabato:MILK_PRODUCTS,All surveyed individuals,PROVINCE_HUC,SOCCSKSARGEN,77,Cotabato,PROVINCE_OR_HUC,MILK_PRODUCTS,epwt_fg21,Milk Products,20,1.647781,0.821632,3584,1474573.129,0.348213,2021
PROVINCE_HUC:SOCCSKSARGEN:General Santos:RICE_PRODUCTS,All surveyed individuals,PROVINCE_HUC,SOCCSKSARGEN,79,General Santos,PROVINCE_OR_HUC,RICE_PRODUCTS,epwt_fg2,Rice and Products,1,98.95627,224.433876,1506,408777.742,1.023035,2021
PROVINCE_HUC:SOCCSKSARGEN:General Santos:FISH_PRODUCTS,All surveyed individuals,PROVINCE_HUC,SOCCSKSARGEN,79,General Santos,PROVINCE_OR_HUC,FISH_PRODUCTS,epwt_fg15,Fish and Fish Products,2,68.346112,56.457635,1506,408777.742,1.296723,2021
PROVINCE_HUC:SOCCSKSARGEN:General Santos:OTHER_CEREAL_PRODUCTS,All surveyed individuals,PROVINCE_HUC,SOCCSKSARGEN,79,General Santos,PROVINCE_OR_HUC,OTHER_CEREAL_PRODUCTS,epwt_fg4,Other Cereal Products,3,49.938425,29.534316,1506,408777.742,0.664792,2021
PROVINCE_HUC:SOCCSKSARGEN:General Santos:SUGAR_SYRUPS,All surveyed individuals,PROVINCE_HUC,SOCCSKSARGEN,79,General Santos,PROVINCE_OR_HUC,SUGAR_SYRUPS,epwt_fg6,Sugar and Syrups,4,38.07579,35.241297,1506,408777.742,0.997155,2021
PROVINCE_HUC:SOCCSKSARGEN:General Santos:GREEN_LEAFY_YELLOW_VEGETABLES,All surveyed individuals,PROVINCE_HUC,SOCCSKSARGEN,79,General Santos,PROVINCE_OR_HUC,GREEN_LEAFY_YELLOW_VEGETABLES,epwt_fg9,Green Leafy and Yellow Vegetables,5,46.07236,13.690798,1506,408777.742,0.942814,2021
PROVINCE_HUC:SOCCSKSARGEN:General Santos:BEVERAGES,All surveyed individuals,PROVINCE_HUC,SOCCSKSARGEN,79,General Santos,PROVINCE_OR_HUC,BEVERAGES,epwt_fg25,Beverages,6,44.138103,15.448062,1506,408777.742,0.599607,2021
PROVINCE_HUC:SOCCSKSARGEN:General Santos:OTHER_VEGETABLES,All surveyed individuals,PROVINCE_HUC,SOCCSKSARGEN,79,General Santos,PROVINCE_OR_HUC,OTHER_VEGETABLES,epwt_fg10,Other Vegetables,7,38.291361,22.279973,1506,408777.742,0.787098,2021
PROVINCE_HUC:SOCCSKSARGEN:General Santos:FATS_OILS,All surveyed individuals,PROVINCE_HUC,SOCCSKSARGEN,79,General Santos,PROVINCE_OR_HUC,FATS_OILS,epwt_fg23,Fats and Oils,8,67.958201,4.855183,1506,408777.742,0.901677,2021
PROVINCE_HUC:SOCCSKSARGEN:General Santos:MEAT_PRODUCTS,All surveyed individuals,PROVINCE_HUC,SOCCSKSARGEN,79,General Santos,PROVINCE_OR_HUC,MEAT_PRODUCTS,epwt_fg16,Meat and Meat Products,9,27.793956,24.936438,1506,408777.742,0.622477,2021
PROVINCE_HUC:SOCCSKSARGEN:General Santos:EGGS,All surveyed individuals,PROVINCE_HUC,SOCCSKSARGEN,79,General Santos,PROVINCE_OR_HUC,EGGS,epwt_fg18,Eggs,10,30.850821,15.760761,1506,408777.742,1.164395,2021
PROVINCE_HUC:SOCCSKSARGEN:General Santos:POULTRY,All surveyed individuals,PROVINCE_HUC,SOCCSKSARGEN,79,General Santos,PROVINCE_OR_HUC,POULTRY,epwt_fg17,Poultry,11,22.947653,19.371047,1506,408777.742,0.960689,2021
PROVINCE_HUC:SOCCSKSARGEN:General Santos:OTHER_FRUITS,All surveyed individuals,PROVINCE_HUC,SOCCSKSARGEN,79,General Santos,PROVINCE_OR_HUC,OTHER_FRUITS,epwt_fg13,Other Fruits,12,18.836052,20.810824,1506,408777.742,1.445389,2021
PROVINCE_HUC:SOCCSKSARGEN:General Santos:DRIED_BEANS,All surveyed individuals,PROVINCE_HUC,SOCCSKSARGEN,79,General Santos,PROVINCE_OR_HUC,DRIED_BEANS,epwt_fg7,Dried Beans,13,31.481164,3.654864,1506,408777.742,0.688271,2021
PROVINCE_HUC:SOCCSKSARGEN:General Santos:WHOLE_MILK,All surveyed individuals,PROVINCE_HUC,SOCCSKSARGEN,79,General Santos,PROVINCE_OR_HUC,WHOLE_MILK,epwt_fg20,Whole Milk,14,18.619425,9.964825,1506,408777.742,1.037849,2021
PROVINCE_HUC:SOCCSKSARGEN:General Santos:CONDIMENTS_SPICES,All surveyed individuals,PROVINCE_HUC,SOCCSKSARGEN,79,General Santos,PROVINCE_OR_HUC,CONDIMENTS_SPICES,epwt_fg26,Condiments and Spices,15,25.70192,1.933425,1506,408777.742,1.105887,2021
PROVINCE_HUC:SOCCSKSARGEN:General Santos:STARCHY_ROOTS_TUBERS,All surveyed individuals,PROVINCE_HUC,SOCCSKSARGEN,79,General Santos,PROVINCE_OR_HUC,STARCHY_ROOTS_TUBERS,epwt_fg5,Starchy Roots and Tubers,16,5.736785,3.303504,1506,408777.742,0.558284,2021
PROVINCE_HUC:SOCCSKSARGEN:General Santos:MILK_PRODUCTS,All surveyed individuals,PROVINCE_HUC,SOCCSKSARGEN,79,General Santos,PROVINCE_OR_HUC,MILK_PRODUCTS,epwt_fg21,Milk Products,17,3.512847,3.653272,1506,408777.742,1.548279,2021
PROVINCE_HUC:SOCCSKSARGEN:General Santos:CORN_PRODUCTS,All surveyed individuals,PROVINCE_HUC,SOCCSKSARGEN,79,General Santos,PROVINCE_OR_HUC,CORN_PRODUCTS,epwt_fg3,Corn and Products,18,3.069337,1.884293,1506,408777.742,0.240233,2021
PROVINCE_HUC:SOCCSKSARGEN:General Santos:VITAMIN_C_RICH_FRUITS,All surveyed individuals,PROVINCE_HUC,SOCCSKSARGEN,79,General Santos,PROVINCE_OR_HUC,VITAMIN_C_RICH_FRUITS,epwt_fg12,Vitamin C-Rich Fruits,19,1.910615,1.704527,1506,408777.742,0.666963,2021
PROVINCE_HUC:SOCCSKSARGEN:General Santos:OTHER_MISCELLANEOUS,All surveyed individuals,PROVINCE_HUC,SOCCSKSARGEN,79,General Santos,PROVINCE_OR_HUC,OTHER_MISCELLANEOUS,epwt_fg27,Other Miscellaneous,20,1.721164,0.416579,1506,408777.742,0.204131,2021
PROVINCE_HUC:SOCCSKSARGEN:Sarangani:RICE_PRODUCTS,All surveyed individuals,PROVINCE_HUC,SOCCSKSARGEN,81,Sarangani,PROVINCE_OR_HUC,RICE_PRODUCTS,epwt_fg2,Rice and Products,1,96.238382,235.221695,2128,446291.747,1.072209,2021
PROVINCE_HUC:SOCCSKSARGEN:Sarangani:FISH_PRODUCTS,All surveyed individuals,PROVINCE_HUC,SOCCSKSARGEN,81,Sarangani,PROVINCE_OR_HUC,FISH_PRODUCTS,epwt_fg15,Fish and Fish Products,2,67.867309,54.643269,2128,446291.747,1.25505,2021
PROVINCE_HUC:SOCCSKSARGEN:Sarangani:GREEN_LEAFY_YELLOW_VEGETABLES,All surveyed individuals,PROVINCE_HUC,SOCCSKSARGEN,81,Sarangani,PROVINCE_OR_HUC,GREEN_LEAFY_YELLOW_VEGETABLES,epwt_fg9,Green Leafy and Yellow Vegetables,3,57.077796,18.597515,2128,446291.747,1.280714,2021
PROVINCE_HUC:SOCCSKSARGEN:Sarangani:OTHER_VEGETABLES,All surveyed individuals,PROVINCE_HUC,SOCCSKSARGEN,81,Sarangani,PROVINCE_OR_HUC,OTHER_VEGETABLES,epwt_fg10,Other Vegetables,4,46.467158,27.93206,2128,446291.747,0.986773,2021
PROVINCE_HUC:SOCCSKSARGEN:Sarangani:SUGAR_SYRUPS,All surveyed individuals,PROVINCE_HUC,SOCCSKSARGEN,81,Sarangani,PROVINCE_OR_HUC,SUGAR_SYRUPS,epwt_fg6,Sugar and Syrups,5,41.71961,22.598472,2128,446291.747,0.639425,2021
PROVINCE_HUC:SOCCSKSARGEN:Sarangani:BEVERAGES,All surveyed individuals,PROVINCE_HUC,SOCCSKSARGEN,81,Sarangani,PROVINCE_OR_HUC,BEVERAGES,epwt_fg25,Beverages,6,47.779408,12.885866,2128,446291.747,0.500157,2021
PROVINCE_HUC:SOCCSKSARGEN:Sarangani:OTHER_CEREAL_PRODUCTS,All surveyed individuals,PROVINCE_HUC,SOCCSKSARGEN,81,Sarangani,PROVINCE_OR_HUC,OTHER_CEREAL_PRODUCTS,epwt_fg4,Other Cereal Products,7,39.711169,20.099052,2128,446291.747,0.452412,2021
PROVINCE_HUC:SOCCSKSARGEN:Sarangani:FATS_OILS,All surveyed individuals,PROVINCE_HUC,SOCCSKSARGEN,81,Sarangani,PROVINCE_OR_HUC,FATS_OILS,epwt_fg23,Fats and Oils,8,51.433472,3.706796,2128,446291.747,0.688405,2021
PROVINCE_HUC:SOCCSKSARGEN:Sarangani:EGGS,All surveyed individuals,PROVINCE_HUC,SOCCSKSARGEN,81,Sarangani,PROVINCE_OR_HUC,EGGS,epwt_fg18,Eggs,9,22.459224,11.280752,2128,446291.747,0.833415,2021
PROVINCE_HUC:SOCCSKSARGEN:Sarangani:MEAT_PRODUCTS,All surveyed individuals,PROVINCE_HUC,SOCCSKSARGEN,81,Sarangani,PROVINCE_OR_HUC,MEAT_PRODUCTS,epwt_fg16,Meat and Meat Products,10,16.178758,15.349807,2128,446291.747,0.38317,2021
PROVINCE_HUC:SOCCSKSARGEN:Sarangani:POULTRY,All surveyed individuals,PROVINCE_HUC,SOCCSKSARGEN,81,Sarangani,PROVINCE_OR_HUC,POULTRY,epwt_fg17,Poultry,11,16.166981,14.152326,2128,446291.747,0.701871,2021
PROVINCE_HUC:SOCCSKSARGEN:Sarangani:OTHER_FRUITS,All surveyed individuals,PROVINCE_HUC,SOCCSKSARGEN,81,Sarangani,PROVINCE_OR_HUC,OTHER_FRUITS,epwt_fg13,Other Fruits,12,14.132274,16.683447,2128,446291.747,1.158728,2021
PROVINCE_HUC:SOCCSKSARGEN:Sarangani:WHOLE_MILK,All surveyed individuals,PROVINCE_HUC,SOCCSKSARGEN,81,Sarangani,PROVINCE_OR_HUC,WHOLE_MILK,epwt_fg20,Whole Milk,13,17.043942,7.399036,2128,446291.747,0.770619,2021
PROVINCE_HUC:SOCCSKSARGEN:Sarangani:DRIED_BEANS,All surveyed individuals,PROVINCE_HUC,SOCCSKSARGEN,81,Sarangani,PROVINCE_OR_HUC,DRIED_BEANS,epwt_fg7,Dried Beans,14,21.7909,2.76345,2128,446291.747,0.520403,2021
PROVINCE_HUC:SOCCSKSARGEN:Sarangani:CONDIMENTS_SPICES,All surveyed individuals,PROVINCE_HUC,SOCCSKSARGEN,81,Sarangani,PROVINCE_OR_HUC,CONDIMENTS_SPICES,epwt_fg26,Condiments and Spices,15,25.022479,1.762096,2128,446291.747,1.00789,2021
PROVINCE_HUC:SOCCSKSARGEN:Sarangani:CORN_PRODUCTS,All surveyed individuals,PROVINCE_HUC,SOCCSKSARGEN,81,Sarangani,PROVINCE_OR_HUC,CORN_PRODUCTS,epwt_fg3,Corn and Products,16,4.899509,5.954308,2128,446291.747,0.759127,2021
PROVINCE_HUC:SOCCSKSARGEN:Sarangani:STARCHY_ROOTS_TUBERS,All surveyed individuals,PROVINCE_HUC,SOCCSKSARGEN,81,Sarangani,PROVINCE_OR_HUC,STARCHY_ROOTS_TUBERS,epwt_fg5,Starchy Roots and Tubers,17,5.096768,4.22719,2128,446291.747,0.714385,2021
PROVINCE_HUC:SOCCSKSARGEN:Sarangani:OTHER_MISCELLANEOUS,All surveyed individuals,PROVINCE_HUC,SOCCSKSARGEN,81,Sarangani,PROVINCE_OR_HUC,OTHER_MISCELLANEOUS,epwt_fg27,Other Miscellaneous,18,2.192665,0.719319,2128,446291.747,0.352479,2021
PROVINCE_HUC:SOCCSKSARGEN:Sarangani:VITAMIN_C_RICH_FRUITS,All surveyed individuals,PROVINCE_HUC,SOCCSKSARGEN,81,Sarangani,PROVINCE_OR_HUC,VITAMIN_C_RICH_FRUITS,epwt_fg12,Vitamin C-Rich Fruits,19,0.492718,0.124732,2128,446291.747,0.048806,2021
PROVINCE_HUC:SOCCSKSARGEN:Sarangani:MILK_PRODUCTS,All surveyed individuals,PROVINCE_HUC,SOCCSKSARGEN,81,Sarangani,PROVINCE_OR_HUC,MILK_PRODUCTS,epwt_fg21,Milk Products,20,0.210484,0.132767,2128,446291.747,0.056268,2021
PROVINCE_HUC:SOCCSKSARGEN:South Cotabato:RICE_PRODUCTS,All surveyed individuals,PROVINCE_HUC,SOCCSKSARGEN,78,South Cotabato,PROVINCE_OR_HUC,RICE_PRODUCTS,epwt_fg2,Rice and Products,1,97.73317,246.500486,2331,751425.5,1.123621,2019
PROVINCE_HUC:SOCCSKSARGEN:South Cotabato:FISH_PRODUCTS,All surveyed individuals,PROVINCE_HUC,SOCCSKSARGEN,78,South Cotabato,PROVINCE_OR_HUC,FISH_PRODUCTS,epwt_fg15,Fish and Fish Products,2,68.532953,41.443833,2331,751425.5,0.951885,2019
PROVINCE_HUC:SOCCSKSARGEN:South Cotabato:OTHER_VEGETABLES,All surveyed individuals,PROVINCE_HUC,SOCCSKSARGEN,78,South Cotabato,PROVINCE_OR_HUC,OTHER_VEGETABLES,epwt_fg10,Other Vegetables,3,54.561552,40.2,2331,751425.5,1.42017,2019
PROVINCE_HUC:SOCCSKSARGEN:South Cotabato:OTHER_CEREAL_PRODUCTS,All surveyed individuals,PROVINCE_HUC,SOCCSKSARGEN,78,South Cotabato,PROVINCE_OR_HUC,OTHER_CEREAL_PRODUCTS,epwt_fg4,Other Cereal Products,4,52.204084,29.356517,2331,751425.5,0.66079,2019
PROVINCE_HUC:SOCCSKSARGEN:South Cotabato:SUGAR_SYRUPS,All surveyed individuals,PROVINCE_HUC,SOCCSKSARGEN,78,South Cotabato,PROVINCE_OR_HUC,SUGAR_SYRUPS,epwt_fg6,Sugar and Syrups,5,43.628012,38.812072,2331,751425.5,1.09819,2019
PROVINCE_HUC:SOCCSKSARGEN:South Cotabato:GREEN_LEAFY_YELLOW_VEGETABLES,All surveyed individuals,PROVINCE_HUC,SOCCSKSARGEN,78,South Cotabato,PROVINCE_OR_HUC,GREEN_LEAFY_YELLOW_VEGETABLES,epwt_fg9,Green Leafy and Yellow Vegetables,6,49.45431,18.554424,2331,751425.5,1.277747,2019
PROVINCE_HUC:SOCCSKSARGEN:South Cotabato:MEAT_PRODUCTS,All surveyed individuals,PROVINCE_HUC,SOCCSKSARGEN,78,South Cotabato,PROVINCE_OR_HUC,MEAT_PRODUCTS,epwt_fg16,Meat and Meat Products,7,35.866616,34.287543,2331,751425.5,0.855904,2019
PROVINCE_HUC:SOCCSKSARGEN:South Cotabato:BEVERAGES,All surveyed individuals,PROVINCE_HUC,SOCCSKSARGEN,78,South Cotabato,PROVINCE_OR_HUC,BEVERAGES,epwt_fg25,Beverages,8,43.436629,16.098197,2331,751425.5,0.624842,2019
PROVINCE_HUC:SOCCSKSARGEN:South Cotabato:FATS_OILS,All surveyed individuals,PROVINCE_HUC,SOCCSKSARGEN,78,South Cotabato,PROVINCE_OR_HUC,FATS_OILS,epwt_fg23,Fats and Oils,9,58.732616,4.121184,2331,751425.5,0.765363,2019
PROVINCE_HUC:SOCCSKSARGEN:South Cotabato:EGGS,All surveyed individuals,PROVINCE_HUC,SOCCSKSARGEN,78,South Cotabato,PROVINCE_OR_HUC,EGGS,epwt_fg18,Eggs,10,30.368357,13.042818,2331,751425.5,0.963595,2019
PROVINCE_HUC:SOCCSKSARGEN:South Cotabato:POULTRY,All surveyed individuals,PROVINCE_HUC,SOCCSKSARGEN,78,South Cotabato,PROVINCE_OR_HUC,POULTRY,epwt_fg17,Poultry,11,21.071375,19.733196,2331,751425.5,0.978649,2019
PROVINCE_HUC:SOCCSKSARGEN:South Cotabato:WHOLE_MILK,All surveyed individuals,PROVINCE_HUC,SOCCSKSARGEN,78,South Cotabato,PROVINCE_OR_HUC,WHOLE_MILK,epwt_fg20,Whole Milk,12,20.869365,9.753294,2331,751425.5,1.015818,2019
PROVINCE_HUC:SOCCSKSARGEN:South Cotabato:OTHER_FRUITS,All surveyed individuals,PROVINCE_HUC,SOCCSKSARGEN,78,South Cotabato,PROVINCE_OR_HUC,OTHER_FRUITS,epwt_fg13,Other Fruits,13,15.17706,17.903053,2331,751425.5,1.243434,2019
PROVINCE_HUC:SOCCSKSARGEN:South Cotabato:DRIED_BEANS,All surveyed individuals,PROVINCE_HUC,SOCCSKSARGEN,78,South Cotabato,PROVINCE_OR_HUC,DRIED_BEANS,epwt_fg7,Dried Beans,14,26.349253,3.477077,2331,751425.5,0.654791,2019
PROVINCE_HUC:SOCCSKSARGEN:South Cotabato:CONDIMENTS_SPICES,All surveyed individuals,PROVINCE_HUC,SOCCSKSARGEN,78,South Cotabato,PROVINCE_OR_HUC,CONDIMENTS_SPICES,epwt_fg26,Condiments and Spices,15,24.452484,2.127417,2331,751425.5,1.216847,2019
PROVINCE_HUC:SOCCSKSARGEN:South Cotabato:STARCHY_ROOTS_TUBERS,All surveyed individuals,PROVINCE_HUC,SOCCSKSARGEN,78,South Cotabato,PROVINCE_OR_HUC,STARCHY_ROOTS_TUBERS,epwt_fg5,Starchy Roots and Tubers,16,8.507677,5.988786,2331,751425.5,1.012091,2019
PROVINCE_HUC:SOCCSKSARGEN:South Cotabato:CORN_PRODUCTS,All surveyed individuals,PROVINCE_HUC,SOCCSKSARGEN,78,South Cotabato,PROVINCE_OR_HUC,CORN_PRODUCTS,epwt_fg3,Corn and Products,17,6.012334,5.675932,2331,751425.5,0.723637,2019
PROVINCE_HUC:SOCCSKSARGEN:South Cotabato:VITAMIN_C_RICH_FRUITS,All surveyed individuals,PROVINCE_HUC,SOCCSKSARGEN,78,South Cotabato,PROVINCE_OR_HUC,VITAMIN_C_RICH_FRUITS,epwt_fg12,Vitamin C-Rich Fruits,18,3.834586,2.29695,2331,751425.5,0.898772,2019
PROVINCE_HUC:SOCCSKSARGEN:South Cotabato:OTHER_MISCELLANEOUS,All surveyed individuals,PROVINCE_HUC,SOCCSKSARGEN,78,South Cotabato,PROVINCE_OR_HUC,OTHER_MISCELLANEOUS,epwt_fg27,Other Miscellaneous,19,3.528718,1.88318,2331,751425.5,0.922791,2019
PROVINCE_HUC:SOCCSKSARGEN:South Cotabato:MILK_PRODUCTS,All surveyed individuals,PROVINCE_HUC,SOCCSKSARGEN,78,South Cotabato,PROVINCE_OR_HUC,MILK_PRODUCTS,epwt_fg21,Milk Products,20,3.242303,2.114976,2331,751425.5,0.89634,2019
PROVINCE_HUC:SOCCSKSARGEN:Sultan Kudarat:RICE_PRODUCTS,All surveyed individuals,PROVINCE_HUC,SOCCSKSARGEN,80,Sultan Kudarat,PROVINCE_OR_HUC,RICE_PRODUCTS,epwt_fg2,Rice and Products,1,97.02399,231.243758,2657,620291.045,1.054077,2018
PROVINCE_HUC:SOCCSKSARGEN:Sultan Kudarat:FISH_PRODUCTS,All surveyed individuals,PROVINCE_HUC,SOCCSKSARGEN,80,Sultan Kudarat,PROVINCE_OR_HUC,FISH_PRODUCTS,epwt_fg15,Fish and Fish Products,2,74.569827,51.857501,2657,620291.045,1.191067,2018
PROVINCE_HUC:SOCCSKSARGEN:Sultan Kudarat:OTHER_VEGETABLES,All surveyed individuals,PROVINCE_HUC,SOCCSKSARGEN,80,Sultan Kudarat,PROVINCE_OR_HUC,OTHER_VEGETABLES,epwt_fg10,Other Vegetables,3,46.834101,34.095266,2657,620291.045,1.204505,2018
PROVINCE_HUC:SOCCSKSARGEN:Sultan Kudarat:SUGAR_SYRUPS,All surveyed individuals,PROVINCE_HUC,SOCCSKSARGEN,80,Sultan Kudarat,PROVINCE_OR_HUC,SUGAR_SYRUPS,epwt_fg6,Sugar and Syrups,4,45.454686,37.811789,2657,620291.045,1.069887,2018
PROVINCE_HUC:SOCCSKSARGEN:Sultan Kudarat:GREEN_LEAFY_YELLOW_VEGETABLES,All surveyed individuals,PROVINCE_HUC,SOCCSKSARGEN,80,Sultan Kudarat,PROVINCE_OR_HUC,GREEN_LEAFY_YELLOW_VEGETABLES,epwt_fg9,Green Leafy and Yellow Vegetables,5,49.126854,21.306172,2657,620291.045,1.467245,2018
PROVINCE_HUC:SOCCSKSARGEN:Sultan Kudarat:BEVERAGES,All surveyed individuals,PROVINCE_HUC,SOCCSKSARGEN,80,Sultan Kudarat,PROVINCE_OR_HUC,BEVERAGES,epwt_fg25,Beverages,6,49.950383,13.159776,2657,620291.045,0.510789,2018
PROVINCE_HUC:SOCCSKSARGEN:Sultan Kudarat:OTHER_CEREAL_PRODUCTS,All surveyed individuals,PROVINCE_HUC,SOCCSKSARGEN,80,Sultan Kudarat,PROVINCE_OR_HUC,OTHER_CEREAL_PRODUCTS,epwt_fg4,Other Cereal Products,7,36.313099,18.865705,2657,620291.045,0.424651,2018
PROVINCE_HUC:SOCCSKSARGEN:Sultan Kudarat:FATS_OILS,All surveyed individuals,PROVINCE_HUC,SOCCSKSARGEN,80,Sultan Kudarat,PROVINCE_OR_HUC,FATS_OILS,epwt_fg23,Fats and Oils,8,57.038312,4.249651,2657,620291.045,0.789221,2018
PROVINCE_HUC:SOCCSKSARGEN:Sultan Kudarat:MEAT_PRODUCTS,All surveyed individuals,PROVINCE_HUC,SOCCSKSARGEN,80,Sultan Kudarat,PROVINCE_OR_HUC,MEAT_PRODUCTS,epwt_fg16,Meat and Meat Products,9,19.736319,20.652493,2657,620291.045,0.515539,2018
PROVINCE_HUC:SOCCSKSARGEN:Sultan Kudarat:OTHER_FRUITS,All surveyed individuals,PROVINCE_HUC,SOCCSKSARGEN,80,Sultan Kudarat,PROVINCE_OR_HUC,OTHER_FRUITS,epwt_fg13,Other Fruits,10,14.373301,18.598659,2657,620291.045,1.291746,2018
PROVINCE_HUC:SOCCSKSARGEN:Sultan Kudarat:EGGS,All surveyed individuals,PROVINCE_HUC,SOCCSKSARGEN,80,Sultan Kudarat,PROVINCE_OR_HUC,EGGS,epwt_fg18,Eggs,11,18.608246,8.1557,2657,620291.045,0.602538,2018
PROVINCE_HUC:SOCCSKSARGEN:Sultan Kudarat:POULTRY,All surveyed individuals,PROVINCE_HUC,SOCCSKSARGEN,80,Sultan Kudarat,PROVINCE_OR_HUC,POULTRY,epwt_fg17,Poultry,12,14.25025,11.703998,2657,620291.045,0.580449,2018
PROVINCE_HUC:SOCCSKSARGEN:Sultan Kudarat:DRIED_BEANS,All surveyed individuals,PROVINCE_HUC,SOCCSKSARGEN,80,Sultan Kudarat,PROVINCE_OR_HUC,DRIED_BEANS,epwt_fg7,Dried Beans,13,18.397086,3.160828,2657,620291.045,0.595236,2018
PROVINCE_HUC:SOCCSKSARGEN:Sultan Kudarat:WHOLE_MILK,All surveyed individuals,PROVINCE_HUC,SOCCSKSARGEN,80,Sultan Kudarat,PROVINCE_OR_HUC,WHOLE_MILK,epwt_fg20,Whole Milk,14,11.854889,5.764587,2657,620291.045,0.600389,2018
PROVINCE_HUC:SOCCSKSARGEN:Sultan Kudarat:CORN_PRODUCTS,All surveyed individuals,PROVINCE_HUC,SOCCSKSARGEN,80,Sultan Kudarat,PROVINCE_OR_HUC,CORN_PRODUCTS,epwt_fg3,Corn and Products,15,9.509126,9.537418,2657,620291.045,1.215946,2018
PROVINCE_HUC:SOCCSKSARGEN:Sultan Kudarat:CONDIMENTS_SPICES,All surveyed individuals,PROVINCE_HUC,SOCCSKSARGEN,80,Sultan Kudarat,PROVINCE_OR_HUC,CONDIMENTS_SPICES,epwt_fg26,Condiments and Spices,16,14.95262,1.078629,2657,620291.045,0.616958,2018
PROVINCE_HUC:SOCCSKSARGEN:Sultan Kudarat:STARCHY_ROOTS_TUBERS,All surveyed individuals,PROVINCE_HUC,SOCCSKSARGEN,80,Sultan Kudarat,PROVINCE_OR_HUC,STARCHY_ROOTS_TUBERS,epwt_fg5,Starchy Roots and Tubers,17,5.004042,3.913287,2657,620291.045,0.661336,2018
PROVINCE_HUC:SOCCSKSARGEN:Sultan Kudarat:VITAMIN_C_RICH_FRUITS,All surveyed individuals,PROVINCE_HUC,SOCCSKSARGEN,80,Sultan Kudarat,PROVINCE_OR_HUC,VITAMIN_C_RICH_FRUITS,epwt_fg12,Vitamin C-Rich Fruits,18,3.582748,4.145868,2657,620291.045,1.622233,2018
PROVINCE_HUC:SOCCSKSARGEN:Sultan Kudarat:OTHER_MISCELLANEOUS,All surveyed individuals,PROVINCE_HUC,SOCCSKSARGEN,80,Sultan Kudarat,PROVINCE_OR_HUC,OTHER_MISCELLANEOUS,epwt_fg27,Other Miscellaneous,19,2.355131,1.542734,2657,620291.045,0.755966,2018
PROVINCE_HUC:SOCCSKSARGEN:Sultan Kudarat:MILK_PRODUCTS,All surveyed individuals,PROVINCE_HUC,SOCCSKSARGEN,80,Sultan Kudarat,PROVINCE_OR_HUC,MILK_PRODUCTS,epwt_fg21,Milk Products,20,1.419272,1.052154,2657,620291.045,0.445909,2018
PROVINCE_HUC:Western Visayas:Aklan:RICE_PRODUCTS,All surveyed individuals,PROVINCE_HUC,Western Visayas,37,Aklan,PROVINCE_OR_HUC,RICE_PRODUCTS,epwt_fg2,Rice and Products,1,99.36625,244.534604,2269,432582.902,1.11466,2018
PROVINCE_HUC:Western Visayas:Aklan:FISH_PRODUCTS,All surveyed individuals,PROVINCE_HUC,Western Visayas,37,Aklan,PROVINCE_OR_HUC,FISH_PRODUCTS,epwt_fg15,Fish and Fish Products,2,75.17254,63.196612,2269,432582.902,1.451504,2018
PROVINCE_HUC:Western Visayas:Aklan:OTHER_CEREAL_PRODUCTS,All surveyed individuals,PROVINCE_HUC,Western Visayas,37,Aklan,PROVINCE_OR_HUC,OTHER_CEREAL_PRODUCTS,epwt_fg4,Other Cereal Products,3,50.115775,33.488776,2269,432582.902,0.753803,2018
PROVINCE_HUC:Western Visayas:Aklan:BEVERAGES,All surveyed individuals,PROVINCE_HUC,Western Visayas,37,Aklan,PROVINCE_OR_HUC,BEVERAGES,epwt_fg25,Beverages,4,55.062164,17.294936,2269,432582.902,0.671292,2018
PROVINCE_HUC:Western Visayas:Aklan:SUGAR_SYRUPS,All surveyed individuals,PROVINCE_HUC,Western Visayas,37,Aklan,PROVINCE_OR_HUC,SUGAR_SYRUPS,epwt_fg6,Sugar and Syrups,5,40.63343,23.983973,2269,432582.902,0.678628,2018
PROVINCE_HUC:Western Visayas:Aklan:MEAT_PRODUCTS,All surveyed individuals,PROVINCE_HUC,Western Visayas,37,Aklan,PROVINCE_OR_HUC,MEAT_PRODUCTS,epwt_fg16,Meat and Meat Products,6,32.048126,31.856652,2269,432582.902,0.795223,2018
PROVINCE_HUC:Western Visayas:Aklan:OTHER_VEGETABLES,All surveyed individuals,PROVINCE_HUC,Western Visayas,37,Aklan,PROVINCE_OR_HUC,OTHER_VEGETABLES,epwt_fg10,Other Vegetables,7,34.729312,21.130769,2269,432582.902,0.7465,2018
PROVINCE_HUC:Western Visayas:Aklan:GREEN_LEAFY_YELLOW_VEGETABLES,All surveyed individuals,PROVINCE_HUC,Western Visayas,37,Aklan,PROVINCE_OR_HUC,GREEN_LEAFY_YELLOW_VEGETABLES,epwt_fg9,Green Leafy and Yellow Vegetables,8,35.249444,13.352932,2269,432582.902,0.919547,2018
PROVINCE_HUC:Western Visayas:Aklan:FATS_OILS,All surveyed individuals,PROVINCE_HUC,Western Visayas,37,Aklan,PROVINCE_OR_HUC,FATS_OILS,epwt_fg23,Fats and Oils,9,56.458739,3.869036,2269,432582.902,0.718535,2018
PROVINCE_HUC:Western Visayas:Aklan:EGGS,All surveyed individuals,PROVINCE_HUC,Western Visayas,37,Aklan,PROVINCE_OR_HUC,EGGS,epwt_fg18,Eggs,10,25.152798,12.207264,2269,432582.902,0.901865,2018
PROVINCE_HUC:Western Visayas:Aklan:POULTRY,All surveyed individuals,PROVINCE_HUC,Western Visayas,37,Aklan,PROVINCE_OR_HUC,POULTRY,epwt_fg17,Poultry,11,16.70753,14.121029,2269,432582.902,0.700319,2018
PROVINCE_HUC:Western Visayas:Aklan:WHOLE_MILK,All surveyed individuals,PROVINCE_HUC,Western Visayas,37,Aklan,PROVINCE_OR_HUC,WHOLE_MILK,epwt_fg20,Whole Milk,12,18.063152,7.62752,2269,432582.902,0.794416,2018
PROVINCE_HUC:Western Visayas:Aklan:OTHER_FRUITS,All surveyed individuals,PROVINCE_HUC,Western Visayas,37,Aklan,PROVINCE_OR_HUC,OTHER_FRUITS,epwt_fg13,Other Fruits,13,10.458324,12.866348,2269,432582.902,0.893616,2018
PROVINCE_HUC:Western Visayas:Aklan:DRIED_BEANS,All surveyed individuals,PROVINCE_HUC,Western Visayas,37,Aklan,PROVINCE_OR_HUC,DRIED_BEANS,epwt_fg7,Dried Beans,14,15.367266,1.97388,2269,432582.902,0.371714,2018
PROVINCE_HUC:Western Visayas:Aklan:OTHER_MISCELLANEOUS,All surveyed individuals,PROVINCE_HUC,Western Visayas,37,Aklan,PROVINCE_OR_HUC,OTHER_MISCELLANEOUS,epwt_fg27,Other Miscellaneous,15,10.912978,1.893417,2269,432582.902,0.927807,2018
PROVINCE_HUC:Western Visayas:Aklan:CONDIMENTS_SPICES,All surveyed individuals,PROVINCE_HUC,Western Visayas,37,Aklan,PROVINCE_OR_HUC,CONDIMENTS_SPICES,epwt_fg26,Condiments and Spices,16,13.406787,1.212115,2269,432582.902,0.69331,2018
PROVINCE_HUC:Western Visayas:Aklan:STARCHY_ROOTS_TUBERS,All surveyed individuals,PROVINCE_HUC,Western Visayas,37,Aklan,PROVINCE_OR_HUC,STARCHY_ROOTS_TUBERS,epwt_fg5,Starchy Roots and Tubers,17,3.189897,1.642749,2269,432582.902,0.277621,2018
PROVINCE_HUC:Western Visayas:Aklan:MILK_PRODUCTS,All surveyed individuals,PROVINCE_HUC,Western Visayas,37,Aklan,PROVINCE_OR_HUC,MILK_PRODUCTS,epwt_fg21,Milk Products,18,1.889133,1.349778,2269,432582.902,0.572044,2018
PROVINCE_HUC:Western Visayas:Aklan:VITAMIN_C_RICH_FRUITS,All surveyed individuals,PROVINCE_HUC,Western Visayas,37,Aklan,PROVINCE_OR_HUC,VITAMIN_C_RICH_FRUITS,epwt_fg12,Vitamin C-Rich Fruits,19,1.366611,1.790521,2269,432582.902,0.700612,2018
PROVINCE_HUC:Western Visayas:Aklan:CORN_PRODUCTS,All surveyed individuals,PROVINCE_HUC,Western Visayas,37,Aklan,PROVINCE_OR_HUC,CORN_PRODUCTS,epwt_fg3,Corn and Products,20,1.151286,0.445103,2269,432582.902,0.056747,2018
PROVINCE_HUC:Western Visayas:Antique:RICE_PRODUCTS,All surveyed individuals,PROVINCE_HUC,Western Visayas,38,Antique,PROVINCE_OR_HUC,RICE_PRODUCTS,epwt_fg2,Rice and Products,1,99.115369,254.573272,2053,399014.057,1.160419,2019
PROVINCE_HUC:Western Visayas:Antique:FISH_PRODUCTS,All surveyed individuals,PROVINCE_HUC,Western Visayas,38,Antique,PROVINCE_OR_HUC,FISH_PRODUCTS,epwt_fg15,Fish and Fish Products,2,72.538724,44.940738,2053,399014.057,1.032202,2019
PROVINCE_HUC:Western Visayas:Antique:OTHER_VEGETABLES,All surveyed individuals,PROVINCE_HUC,Western Visayas,38,Antique,PROVINCE_OR_HUC,OTHER_VEGETABLES,epwt_fg10,Other Vegetables,3,43.339075,27.385692,2053,399014.057,0.967471,2019
PROVINCE_HUC:Western Visayas:Antique:OTHER_CEREAL_PRODUCTS,All surveyed individuals,PROVINCE_HUC,Western Visayas,38,Antique,PROVINCE_OR_HUC,OTHER_CEREAL_PRODUCTS,epwt_fg4,Other Cereal Products,4,42.423073,25.213949,2053,399014.057,0.567544,2019
PROVINCE_HUC:Western Visayas:Antique:FATS_OILS,All surveyed individuals,PROVINCE_HUC,Western Visayas,38,Antique,PROVINCE_OR_HUC,FATS_OILS,epwt_fg23,Fats and Oils,5,64.543618,4.647375,2053,399014.057,0.863084,2019
PROVINCE_HUC:Western Visayas:Antique:BEVERAGES,All surveyed individuals,PROVINCE_HUC,Western Visayas,38,Antique,PROVINCE_OR_HUC,BEVERAGES,epwt_fg25,Beverages,6,36.619846,16.136096,2053,399014.057,0.626313,2019
PROVINCE_HUC:Western Visayas:Antique:MEAT_PRODUCTS,All surveyed individuals,PROVINCE_HUC,Western Visayas,38,Antique,PROVINCE_OR_HUC,MEAT_PRODUCTS,epwt_fg16,Meat and Meat Products,7,31.439729,24.65697,2053,399014.057,0.615501,2019
PROVINCE_HUC:Western Visayas:Antique:GREEN_LEAFY_YELLOW_VEGETABLES,All surveyed individuals,PROVINCE_HUC,Western Visayas,38,Antique,PROVINCE_OR_HUC,GREEN_LEAFY_YELLOW_VEGETABLES,epwt_fg9,Green Leafy and Yellow Vegetables,8,39.583959,11.859919,2053,399014.057,0.816731,2019
PROVINCE_HUC:Western Visayas:Antique:SUGAR_SYRUPS,All surveyed individuals,PROVINCE_HUC,Western Visayas,38,Antique,PROVINCE_OR_HUC,SUGAR_SYRUPS,epwt_fg6,Sugar and Syrups,9,30.121987,24.008028,2053,399014.057,0.679309,2019
PROVINCE_HUC:Western Visayas:Antique:EGGS,All surveyed individuals,PROVINCE_HUC,Western Visayas,38,Antique,PROVINCE_OR_HUC,EGGS,epwt_fg18,Eggs,10,29.877146,12.410299,2053,399014.057,0.916865,2019
PROVINCE_HUC:Western Visayas:Antique:POULTRY,All surveyed individuals,PROVINCE_HUC,Western Visayas,38,Antique,PROVINCE_OR_HUC,POULTRY,epwt_fg17,Poultry,11,17.667873,14.019201,2053,399014.057,0.695269,2019
PROVINCE_HUC:Western Visayas:Antique:DRIED_BEANS,All surveyed individuals,PROVINCE_HUC,Western Visayas,38,Antique,PROVINCE_OR_HUC,DRIED_BEANS,epwt_fg7,Dried Beans,12,25.086572,5.636796,2053,399014.057,1.061501,2019
PROVINCE_HUC:Western Visayas:Antique:WHOLE_MILK,All surveyed individuals,PROVINCE_HUC,Western Visayas,38,Antique,PROVINCE_OR_HUC,WHOLE_MILK,epwt_fg20,Whole Milk,13,14.109801,6.910184,2053,399014.057,0.719704,2019
PROVINCE_HUC:Western Visayas:Antique:CONDIMENTS_SPICES,All surveyed individuals,PROVINCE_HUC,Western Visayas,38,Antique,PROVINCE_OR_HUC,CONDIMENTS_SPICES,epwt_fg26,Condiments and Spices,14,17.048929,1.518771,2053,399014.057,0.868712,2019
PROVINCE_HUC:Western Visayas:Antique:OTHER_FRUITS,All surveyed individuals,PROVINCE_HUC,Western Visayas,38,Antique,PROVINCE_OR_HUC,OTHER_FRUITS,epwt_fg13,Other Fruits,15,7.226223,6.307542,2053,399014.057,0.438082,2019
PROVINCE_HUC:Western Visayas:Antique:STARCHY_ROOTS_TUBERS,All surveyed individuals,PROVINCE_HUC,Western Visayas,38,Antique,PROVINCE_OR_HUC,STARCHY_ROOTS_TUBERS,epwt_fg5,Starchy Roots and Tubers,16,5.165468,3.170394,2053,399014.057,0.535789,2019
PROVINCE_HUC:Western Visayas:Antique:OTHER_MISCELLANEOUS,All surveyed individuals,PROVINCE_HUC,Western Visayas,38,Antique,PROVINCE_OR_HUC,OTHER_MISCELLANEOUS,epwt_fg27,Other Miscellaneous,17,3.914761,0.596722,2053,399014.057,0.292404,2019
PROVINCE_HUC:Western Visayas:Antique:MILK_PRODUCTS,All surveyed individuals,PROVINCE_HUC,Western Visayas,38,Antique,PROVINCE_OR_HUC,MILK_PRODUCTS,epwt_fg21,Milk Products,18,1.788157,1.45678,2053,399014.057,0.617392,2019
PROVINCE_HUC:Western Visayas:Antique:CORN_PRODUCTS,All surveyed individuals,PROVINCE_HUC,Western Visayas,38,Antique,PROVINCE_OR_HUC,CORN_PRODUCTS,epwt_fg3,Corn and Products,19,1.18625,0.537022,2053,399014.057,0.068466,2019
PROVINCE_HUC:Western Visayas:Antique:VITAMIN_C_RICH_FRUITS,All surveyed individuals,PROVINCE_HUC,Western Visayas,38,Antique,PROVINCE_OR_HUC,VITAMIN_C_RICH_FRUITS,epwt_fg12,Vitamin C-Rich Fruits,20,0.512513,0.520689,2053,399014.057,0.20374,2019
PROVINCE_HUC:Western Visayas:Capiz:RICE_PRODUCTS,All surveyed individuals,PROVINCE_HUC,Western Visayas,39,Capiz,PROVINCE_OR_HUC,RICE_PRODUCTS,epwt_fg2,Rice and Products,1,99.325605,272.469772,2511,596093.883,1.241997,2018
PROVINCE_HUC:Western Visayas:Capiz:FISH_PRODUCTS,All surveyed individuals,PROVINCE_HUC,Western Visayas,39,Capiz,PROVINCE_OR_HUC,FISH_PRODUCTS,epwt_fg15,Fish and Fish Products,2,76.169634,60.290043,2511,596093.883,1.384746,2018
PROVINCE_HUC:Western Visayas:Capiz:OTHER_CEREAL_PRODUCTS,All surveyed individuals,PROVINCE_HUC,Western Visayas,39,Capiz,PROVINCE_OR_HUC,OTHER_CEREAL_PRODUCTS,epwt_fg4,Other Cereal Products,3,46.137102,27.978514,2511,596093.883,0.629772,2018
PROVINCE_HUC:Western Visayas:Capiz:BEVERAGES,All surveyed individuals,PROVINCE_HUC,Western Visayas,39,Capiz,PROVINCE_OR_HUC,BEVERAGES,epwt_fg25,Beverages,4,48.051423,18.199391,2511,596093.883,0.706398,2018
PROVINCE_HUC:Western Visayas:Capiz:GREEN_LEAFY_YELLOW_VEGETABLES,All surveyed individuals,PROVINCE_HUC,Western Visayas,39,Capiz,PROVINCE_OR_HUC,GREEN_LEAFY_YELLOW_VEGETABLES,epwt_fg9,Green Leafy and Yellow Vegetables,5,44.953584,18.915217,2511,596093.883,1.302593,2018
PROVINCE_HUC:Western Visayas:Capiz:OTHER_VEGETABLES,All surveyed individuals,PROVINCE_HUC,Western Visayas,39,Capiz,PROVINCE_OR_HUC,OTHER_VEGETABLES,epwt_fg10,Other Vegetables,6,39.82935,25.249429,2511,596093.883,0.892002,2018
PROVINCE_HUC:Western Visayas:Capiz:SUGAR_SYRUPS,All surveyed individuals,PROVINCE_HUC,Western Visayas,39,Capiz,PROVINCE_OR_HUC,SUGAR_SYRUPS,epwt_fg6,Sugar and Syrups,7,34.091459,38.175275,2511,596093.883,1.080172,2018
PROVINCE_HUC:Western Visayas:Capiz:MEAT_PRODUCTS,All surveyed individuals,PROVINCE_HUC,Western Visayas,39,Capiz,PROVINCE_OR_HUC,MEAT_PRODUCTS,epwt_fg16,Meat and Meat Products,8,33.279638,34.76175,2511,596093.883,0.867742,2018
PROVINCE_HUC:Western Visayas:Capiz:FATS_OILS,All surveyed individuals,PROVINCE_HUC,Western Visayas,39,Capiz,PROVINCE_OR_HUC,FATS_OILS,epwt_fg23,Fats and Oils,9,60.187393,4.111399,2511,596093.883,0.763546,2018
PROVINCE_HUC:Western Visayas:Capiz:EGGS,All surveyed individuals,PROVINCE_HUC,Western Visayas,39,Capiz,PROVINCE_OR_HUC,EGGS,epwt_fg18,Eggs,10,29.053197,12.693477,2511,596093.883,0.937786,2018
PROVINCE_HUC:Western Visayas:Capiz:POULTRY,All surveyed individuals,PROVINCE_HUC,Western Visayas,39,Capiz,PROVINCE_OR_HUC,POULTRY,epwt_fg17,Poultry,11,20.951034,20.203993,2511,596093.883,1.001998,2018
PROVINCE_HUC:Western Visayas:Capiz:WHOLE_MILK,All surveyed individuals,PROVINCE_HUC,Western Visayas,39,Capiz,PROVINCE_OR_HUC,WHOLE_MILK,epwt_fg20,Whole Milk,12,15.569591,6.809572,2511,596093.883,0.709225,2018
PROVINCE_HUC:Western Visayas:Capiz:OTHER_FRUITS,All surveyed individuals,PROVINCE_HUC,Western Visayas,39,Capiz,PROVINCE_OR_HUC,OTHER_FRUITS,epwt_fg13,Other Fruits,13,9.842849,10.619025,2511,596093.883,0.737531,2018
PROVINCE_HUC:Western Visayas:Capiz:DRIED_BEANS,All surveyed individuals,PROVINCE_HUC,Western Visayas,39,Capiz,PROVINCE_OR_HUC,DRIED_BEANS,epwt_fg7,Dried Beans,14,16.971879,2.416512,2511,596093.883,0.455069,2018
PROVINCE_HUC:Western Visayas:Capiz:CONDIMENTS_SPICES,All surveyed individuals,PROVINCE_HUC,Western Visayas,39,Capiz,PROVINCE_OR_HUC,CONDIMENTS_SPICES,epwt_fg26,Condiments and Spices,15,12.232793,1.136006,2511,596093.883,0.649777,2018
PROVINCE_HUC:Western Visayas:Capiz:STARCHY_ROOTS_TUBERS,All surveyed individuals,PROVINCE_HUC,Western Visayas,39,Capiz,PROVINCE_OR_HUC,STARCHY_ROOTS_TUBERS,epwt_fg5,Starchy Roots and Tubers,16,5.843073,3.308069,2511,596093.883,0.559056,2018
PROVINCE_HUC:Western Visayas:Capiz:OTHER_MISCELLANEOUS,All surveyed individuals,PROVINCE_HUC,Western Visayas,39,Capiz,PROVINCE_OR_HUC,OTHER_MISCELLANEOUS,epwt_fg27,Other Miscellaneous,17,5.99961,1.665937,2511,596093.883,0.816338,2018
PROVINCE_HUC:Western Visayas:Capiz:VITAMIN_C_RICH_FRUITS,All surveyed individuals,PROVINCE_HUC,Western Visayas,39,Capiz,PROVINCE_OR_HUC,VITAMIN_C_RICH_FRUITS,epwt_fg12,Vitamin C-Rich Fruits,18,2.040219,1.597621,2511,596093.883,0.625132,2018
PROVINCE_HUC:Western Visayas:Capiz:CORN_PRODUCTS,All surveyed individuals,PROVINCE_HUC,Western Visayas,39,Capiz,PROVINCE_OR_HUC,CORN_PRODUCTS,epwt_fg3,Corn and Products,19,1.956116,1.678574,2511,596093.883,0.214005,2018
PROVINCE_HUC:Western Visayas:Capiz:MILK_PRODUCTS,All surveyed individuals,PROVINCE_HUC,Western Visayas,39,Capiz,PROVINCE_OR_HUC,MILK_PRODUCTS,epwt_fg21,Milk Products,20,2.002041,1.164382,2511,596093.883,0.493472,2018
PROVINCE_HUC:Western Visayas:Guimaras:RICE_PRODUCTS,All surveyed individuals,PROVINCE_HUC,Western Visayas,44,Guimaras,PROVINCE_OR_HUC,RICE_PRODUCTS,epwt_fg2,Rice and Products,1,98.742885,252.7921,1133,133102.589,1.1523,2019
PROVINCE_HUC:Western Visayas:Guimaras:FISH_PRODUCTS,All surveyed individuals,PROVINCE_HUC,Western Visayas,44,Guimaras,PROVINCE_OR_HUC,FISH_PRODUCTS,epwt_fg15,Fish and Fish Products,2,68.760913,49.697449,1133,133102.589,1.141454,2019
PROVINCE_HUC:Western Visayas:Guimaras:OTHER_VEGETABLES,All surveyed individuals,PROVINCE_HUC,Western Visayas,44,Guimaras,PROVINCE_OR_HUC,OTHER_VEGETABLES,epwt_fg10,Other Vegetables,3,55.108476,49.975755,1133,133102.589,1.765525,2019
PROVINCE_HUC:Western Visayas:Guimaras:OTHER_CEREAL_PRODUCTS,All surveyed individuals,PROVINCE_HUC,Western Visayas,44,Guimaras,PROVINCE_OR_HUC,OTHER_CEREAL_PRODUCTS,epwt_fg4,Other Cereal Products,4,49.988138,30.767341,1133,133102.589,0.692546,2019
PROVINCE_HUC:Western Visayas:Guimaras:MEAT_PRODUCTS,All surveyed individuals,PROVINCE_HUC,Western Visayas,44,Guimaras,PROVINCE_OR_HUC,MEAT_PRODUCTS,epwt_fg16,Meat and Meat Products,5,42.680616,39.706478,1133,133102.589,0.991175,2019
PROVINCE_HUC:Western Visayas:Guimaras:GREEN_LEAFY_YELLOW_VEGETABLES,All surveyed individuals,PROVINCE_HUC,Western Visayas,44,Guimaras,PROVINCE_OR_HUC,GREEN_LEAFY_YELLOW_VEGETABLES,epwt_fg9,Green Leafy and Yellow Vegetables,6,50.378566,19.387739,1133,133102.589,1.335133,2019
PROVINCE_HUC:Western Visayas:Guimaras:SUGAR_SYRUPS,All surveyed individuals,PROVINCE_HUC,Western Visayas,44,Guimaras,PROVINCE_OR_HUC,SUGAR_SYRUPS,epwt_fg6,Sugar and Syrups,7,33.081912,43.957562,1133,133102.589,1.243782,2019
PROVINCE_HUC:Western Visayas:Guimaras:BEVERAGES,All surveyed individuals,PROVINCE_HUC,Western Visayas,44,Guimaras,PROVINCE_OR_HUC,BEVERAGES,epwt_fg25,Beverages,8,37.901408,23.07486,1133,133102.589,0.895637,2019
PROVINCE_HUC:Western Visayas:Guimaras:FATS_OILS,All surveyed individuals,PROVINCE_HUC,Western Visayas,44,Guimaras,PROVINCE_OR_HUC,FATS_OILS,epwt_fg23,Fats and Oils,9,55.298307,3.265765,1133,133102.589,0.606499,2019
PROVINCE_HUC:Western Visayas:Guimaras:POULTRY,All surveyed individuals,PROVINCE_HUC,Western Visayas,44,Guimaras,PROVINCE_OR_HUC,POULTRY,epwt_fg17,Poultry,10,20.51438,18.693961,1133,133102.589,0.92711,2019
PROVINCE_HUC:Western Visayas:Guimaras:EGGS,All surveyed individuals,PROVINCE_HUC,Western Visayas,44,Guimaras,PROVINCE_OR_HUC,EGGS,epwt_fg18,Eggs,11,23.343952,10.628002,1133,133102.589,0.78519,2019
PROVINCE_HUC:Western Visayas:Guimaras:WHOLE_MILK,All surveyed individuals,PROVINCE_HUC,Western Visayas,44,Guimaras,PROVINCE_OR_HUC,WHOLE_MILK,epwt_fg20,Whole Milk,12,20.106961,9.792781,1133,133102.589,1.01993,2019
PROVINCE_HUC:Western Visayas:Guimaras:DRIED_BEANS,All surveyed individuals,PROVINCE_HUC,Western Visayas,44,Guimaras,PROVINCE_OR_HUC,DRIED_BEANS,epwt_fg7,Dried Beans,13,25.880716,4.598196,1133,133102.589,0.865916,2019
PROVINCE_HUC:Western Visayas:Guimaras:OTHER_FRUITS,All surveyed individuals,PROVINCE_HUC,Western Visayas,44,Guimaras,PROVINCE_OR_HUC,OTHER_FRUITS,epwt_fg13,Other Fruits,14,12.812952,13.61558,1133,133102.589,0.945653,2019
PROVINCE_HUC:Western Visayas:Guimaras:CONDIMENTS_SPICES,All surveyed individuals,PROVINCE_HUC,Western Visayas,44,Guimaras,PROVINCE_OR_HUC,CONDIMENTS_SPICES,epwt_fg26,Condiments and Spices,15,17.01881,1.080332,1133,133102.589,0.617932,2019
PROVINCE_HUC:Western Visayas:Guimaras:STARCHY_ROOTS_TUBERS,All surveyed individuals,PROVINCE_HUC,Western Visayas,44,Guimaras,PROVINCE_OR_HUC,STARCHY_ROOTS_TUBERS,epwt_fg5,Starchy Roots and Tubers,16,6.768437,2.090833,1133,133102.589,0.353346,2019
PROVINCE_HUC:Western Visayas:Guimaras:MILK_PRODUCTS,All surveyed individuals,PROVINCE_HUC,Western Visayas,44,Guimaras,PROVINCE_OR_HUC,MILK_PRODUCTS,epwt_fg21,Milk Products,17,2.28951,2.265739,1133,133102.589,0.960234,2019
PROVINCE_HUC:Western Visayas:Guimaras:VITAMIN_C_RICH_FRUITS,All surveyed individuals,PROVINCE_HUC,Western Visayas,44,Guimaras,PROVINCE_OR_HUC,VITAMIN_C_RICH_FRUITS,epwt_fg12,Vitamin C-Rich Fruits,18,2.18045,2.178526,1133,133102.589,0.852434,2019
PROVINCE_HUC:Western Visayas:Guimaras:OTHER_MISCELLANEOUS,All surveyed individuals,PROVINCE_HUC,Western Visayas,44,Guimaras,PROVINCE_OR_HUC,OTHER_MISCELLANEOUS,epwt_fg27,Other Miscellaneous,19,3.445811,0.484417,1133,133102.589,0.237373,2019
PROVINCE_HUC:Western Visayas:Guimaras:CORN_PRODUCTS,All surveyed individuals,PROVINCE_HUC,Western Visayas,44,Guimaras,PROVINCE_OR_HUC,CORN_PRODUCTS,epwt_fg3,Corn and Products,20,2.212278,0.740911,1133,133102.589,0.09446,2019
PROVINCE_HUC:Western Visayas:Iloilo:RICE_PRODUCTS,All surveyed individuals,PROVINCE_HUC,Western Visayas,41,Iloilo,PROVINCE_OR_HUC,RICE_PRODUCTS,epwt_fg2,Rice and Products,1,99.47958,266.622107,2609,1583589.029,1.215341,2018
PROVINCE_HUC:Western Visayas:Iloilo:FISH_PRODUCTS,All surveyed individuals,PROVINCE_HUC,Western Visayas,41,Iloilo,PROVINCE_OR_HUC,FISH_PRODUCTS,epwt_fg15,Fish and Fish Products,2,73.54588,56.73733,2609,1583589.029,1.303147,2018
PROVINCE_HUC:Western Visayas:Iloilo:OTHER_CEREAL_PRODUCTS,All surveyed individuals,PROVINCE_HUC,Western Visayas,41,Iloilo,PROVINCE_OR_HUC,OTHER_CEREAL_PRODUCTS,epwt_fg4,Other Cereal Products,3,49.028325,31.123206,2609,1583589.029,0.700556,2018
PROVINCE_HUC:Western Visayas:Iloilo:OTHER_VEGETABLES,All surveyed individuals,PROVINCE_HUC,Western Visayas,41,Iloilo,PROVINCE_OR_HUC,OTHER_VEGETABLES,epwt_fg10,Other Vegetables,4,45.372771,27.542823,2609,1583589.029,0.973022,2018
PROVINCE_HUC:Western Visayas:Iloilo:SUGAR_SYRUPS,All surveyed individuals,PROVINCE_HUC,Western Visayas,41,Iloilo,PROVINCE_OR_HUC,SUGAR_SYRUPS,epwt_fg6,Sugar and Syrups,5,36.053522,42.018684,2609,1583589.029,1.188921,2018
PROVINCE_HUC:Western Visayas:Iloilo:BEVERAGES,All surveyed individuals,PROVINCE_HUC,Western Visayas,41,Iloilo,PROVINCE_OR_HUC,BEVERAGES,epwt_fg25,Beverages,6,42.422813,20.425776,2609,1583589.029,0.792814,2018
PROVINCE_HUC:Western Visayas:Iloilo:GREEN_LEAFY_YELLOW_VEGETABLES,All surveyed individuals,PROVINCE_HUC,Western Visayas,41,Iloilo,PROVINCE_OR_HUC,GREEN_LEAFY_YELLOW_VEGETABLES,epwt_fg9,Green Leafy and Yellow Vegetables,7,45.050604,16.224125,2609,1583589.029,1.117271,2018
PROVINCE_HUC:Western Visayas:Iloilo:MEAT_PRODUCTS,All surveyed individuals,PROVINCE_HUC,Western Visayas,41,Iloilo,PROVINCE_OR_HUC,MEAT_PRODUCTS,epwt_fg16,Meat and Meat Products,8,34.504517,34.300294,2609,1583589.029,0.856223,2018
PROVINCE_HUC:Western Visayas:Iloilo:FATS_OILS,All surveyed individuals,PROVINCE_HUC,Western Visayas,41,Iloilo,PROVINCE_OR_HUC,FATS_OILS,epwt_fg23,Fats and Oils,9,62.953427,4.290173,2609,1583589.029,0.796746,2018
PROVINCE_HUC:Western Visayas:Iloilo:EGGS,All surveyed individuals,PROVINCE_HUC,Western Visayas,41,Iloilo,PROVINCE_OR_HUC,EGGS,epwt_fg18,Eggs,10,27.662893,12.065708,2609,1583589.029,0.891407,2018
PROVINCE_HUC:Western Visayas:Iloilo:POULTRY,All surveyed individuals,PROVINCE_HUC,Western Visayas,41,Iloilo,PROVINCE_OR_HUC,POULTRY,epwt_fg17,Poultry,11,19.306173,15.871763,2609,1583589.029,0.787145,2018
PROVINCE_HUC:Western Visayas:Iloilo:WHOLE_MILK,All surveyed individuals,PROVINCE_HUC,Western Visayas,41,Iloilo,PROVINCE_OR_HUC,WHOLE_MILK,epwt_fg20,Whole Milk,12,16.177646,8.202254,2609,1583589.029,0.854275,2018
PROVINCE_HUC:Western Visayas:Iloilo:DRIED_BEANS,All surveyed individuals,PROVINCE_HUC,Western Visayas,41,Iloilo,PROVINCE_OR_HUC,DRIED_BEANS,epwt_fg7,Dried Beans,13,17.200603,3.906228,2609,1583589.029,0.735607,2018
PROVINCE_HUC:Western Visayas:Iloilo:OTHER_FRUITS,All surveyed individuals,PROVINCE_HUC,Western Visayas,41,Iloilo,PROVINCE_OR_HUC,OTHER_FRUITS,epwt_fg13,Other Fruits,14,9.056002,9.378969,2609,1583589.029,0.651404,2018
PROVINCE_HUC:Western Visayas:Iloilo:CONDIMENTS_SPICES,All surveyed individuals,PROVINCE_HUC,Western Visayas,41,Iloilo,PROVINCE_OR_HUC,CONDIMENTS_SPICES,epwt_fg26,Condiments and Spices,15,16.014216,1.433458,2609,1583589.029,0.819914,2018
PROVINCE_HUC:Western Visayas:Iloilo:STARCHY_ROOTS_TUBERS,All surveyed individuals,PROVINCE_HUC,Western Visayas,41,Iloilo,PROVINCE_OR_HUC,STARCHY_ROOTS_TUBERS,epwt_fg5,Starchy Roots and Tubers,16,3.896893,1.933853,2609,1583589.029,0.326817,2018
PROVINCE_HUC:Western Visayas:Iloilo:OTHER_MISCELLANEOUS,All surveyed individuals,PROVINCE_HUC,Western Visayas,41,Iloilo,PROVINCE_OR_HUC,OTHER_MISCELLANEOUS,epwt_fg27,Other Miscellaneous,17,3.225044,0.988694,2609,1583589.029,0.484477,2018
PROVINCE_HUC:Western Visayas:Iloilo:MILK_PRODUCTS,All surveyed individuals,PROVINCE_HUC,Western Visayas,41,Iloilo,PROVINCE_OR_HUC,MILK_PRODUCTS,epwt_fg21,Milk Products,18,2.460878,1.331531,2609,1583589.029,0.564311,2018
PROVINCE_HUC:Western Visayas:Iloilo:CORN_PRODUCTS,All surveyed individuals,PROVINCE_HUC,Western Visayas,41,Iloilo,PROVINCE_OR_HUC,CORN_PRODUCTS,epwt_fg3,Corn and Products,19,1.39126,1.101112,2609,1583589.029,0.140383,2018
PROVINCE_HUC:Western Visayas:Iloilo:VITAMIN_C_RICH_FRUITS,All surveyed individuals,PROVINCE_HUC,Western Visayas,41,Iloilo,PROVINCE_OR_HUC,VITAMIN_C_RICH_FRUITS,epwt_fg12,Vitamin C-Rich Fruits,20,1.368325,0.975278,2609,1583589.029,0.381616,2018
PROVINCE_HUC:Western Visayas:Iloilo City:RICE_PRODUCTS,All surveyed individuals,PROVINCE_HUC,Western Visayas,40,Iloilo City,PROVINCE_OR_HUC,RICE_PRODUCTS,epwt_fg2,Rice and Products,1,98.764115,227.894515,2400,334080.716,1.03881,2018
PROVINCE_HUC:Western Visayas:Iloilo City:OTHER_CEREAL_PRODUCTS,All surveyed individuals,PROVINCE_HUC,Western Visayas,40,Iloilo City,PROVINCE_OR_HUC,OTHER_CEREAL_PRODUCTS,epwt_fg4,Other Cereal Products,2,62.212335,43.281726,2400,334080.716,0.974234,2018
PROVINCE_HUC:Western Visayas:Iloilo City:FISH_PRODUCTS,All surveyed individuals,PROVINCE_HUC,Western Visayas,40,Iloilo City,PROVINCE_OR_HUC,FISH_PRODUCTS,epwt_fg15,Fish and Fish Products,3,59.895852,40.341185,2400,334080.716,0.926559,2018
PROVINCE_HUC:Western Visayas:Iloilo City:MEAT_PRODUCTS,All surveyed individuals,PROVINCE_HUC,Western Visayas,40,Iloilo City,PROVINCE_OR_HUC,MEAT_PRODUCTS,epwt_fg16,Meat and Meat Products,4,51.510721,48.422125,2400,334080.716,1.208739,2018
PROVINCE_HUC:Western Visayas:Iloilo City:BEVERAGES,All surveyed individuals,PROVINCE_HUC,Western Visayas,40,Iloilo City,PROVINCE_OR_HUC,BEVERAGES,epwt_fg25,Beverages,5,45.141198,30.670832,2400,334080.716,1.19047,2018
PROVINCE_HUC:Western Visayas:Iloilo City:OTHER_VEGETABLES,All surveyed individuals,PROVINCE_HUC,Western Visayas,40,Iloilo City,PROVINCE_OR_HUC,OTHER_VEGETABLES,epwt_fg10,Other Vegetables,6,42.250877,21.397027,2400,334080.716,0.755906,2018
PROVINCE_HUC:Western Visayas:Iloilo City:FATS_OILS,All surveyed individuals,PROVINCE_HUC,Western Visayas,40,Iloilo City,PROVINCE_OR_HUC,FATS_OILS,epwt_fg23,Fats and Oils,7,68.675757,5.579159,2400,334080.716,1.036129,2018
PROVINCE_HUC:Western Visayas:Iloilo City:SUGAR_SYRUPS,All surveyed individuals,PROVINCE_HUC,Western Visayas,40,Iloilo City,PROVINCE_OR_HUC,SUGAR_SYRUPS,epwt_fg6,Sugar and Syrups,8,29.838778,60.456728,2400,334080.716,1.710627,2018
PROVINCE_HUC:Western Visayas:Iloilo City:GREEN_LEAFY_YELLOW_VEGETABLES,All surveyed individuals,PROVINCE_HUC,Western Visayas,40,Iloilo City,PROVINCE_OR_HUC,GREEN_LEAFY_YELLOW_VEGETABLES,epwt_fg9,Green Leafy and Yellow Vegetables,9,42.975919,13.838412,2400,334080.716,0.95298,2018
PROVINCE_HUC:Western Visayas:Iloilo City:POULTRY,All surveyed individuals,PROVINCE_HUC,Western Visayas,40,Iloilo City,PROVINCE_OR_HUC,POULTRY,epwt_fg17,Poultry,10,33.768947,27.471357,2400,334080.716,1.362416,2018
PROVINCE_HUC:Western Visayas:Iloilo City:EGGS,All surveyed individuals,PROVINCE_HUC,Western Visayas,40,Iloilo City,PROVINCE_OR_HUC,EGGS,epwt_fg18,Eggs,11,35.011233,16.437886,2400,334080.716,1.214421,2018
PROVINCE_HUC:Western Visayas:Iloilo City:WHOLE_MILK,All surveyed individuals,PROVINCE_HUC,Western Visayas,40,Iloilo City,PROVINCE_OR_HUC,WHOLE_MILK,epwt_fg20,Whole Milk,12,18.393175,11.953909,2400,334080.716,1.245015,2018
PROVINCE_HUC:Western Visayas:Iloilo City:DRIED_BEANS,All surveyed individuals,PROVINCE_HUC,Western Visayas,40,Iloilo City,PROVINCE_OR_HUC,DRIED_BEANS,epwt_fg7,Dried Beans,13,23.778245,5.453673,2400,334080.716,1.027016,2018
PROVINCE_HUC:Western Visayas:Iloilo City:OTHER_FRUITS,All surveyed individuals,PROVINCE_HUC,Western Visayas,40,Iloilo City,PROVINCE_OR_HUC,OTHER_FRUITS,epwt_fg13,Other Fruits,14,10.029989,11.348835,2400,334080.716,0.788219,2018
PROVINCE_HUC:Western Visayas:Iloilo City:STARCHY_ROOTS_TUBERS,All surveyed individuals,PROVINCE_HUC,Western Visayas,40,Iloilo City,PROVINCE_OR_HUC,STARCHY_ROOTS_TUBERS,epwt_fg5,Starchy Roots and Tubers,15,7.522623,3.936448,2400,334080.716,0.665251,2018
PROVINCE_HUC:Western Visayas:Iloilo City:CONDIMENTS_SPICES,All surveyed individuals,PROVINCE_HUC,Western Visayas,40,Iloilo City,PROVINCE_OR_HUC,CONDIMENTS_SPICES,epwt_fg26,Condiments and Spices,16,12.131001,1.118023,2400,334080.716,0.639491,2018
PROVINCE_HUC:Western Visayas:Iloilo City:MILK_PRODUCTS,All surveyed individuals,PROVINCE_HUC,Western Visayas,40,Iloilo City,PROVINCE_OR_HUC,MILK_PRODUCTS,epwt_fg21,Milk Products,17,4.764497,3.388961,2400,334080.716,1.436263,2018
PROVINCE_HUC:Western Visayas:Iloilo City:CORN_PRODUCTS,All surveyed individuals,PROVINCE_HUC,Western Visayas,40,Iloilo City,PROVINCE_OR_HUC,CORN_PRODUCTS,epwt_fg3,Corn and Products,18,2.308775,1.739933,2400,334080.716,0.221828,2018
PROVINCE_HUC:Western Visayas:Iloilo City:OTHER_MISCELLANEOUS,All surveyed individuals,PROVINCE_HUC,Western Visayas,40,Iloilo City,PROVINCE_OR_HUC,OTHER_MISCELLANEOUS,epwt_fg27,Other Miscellaneous,19,2.018351,1.233215,2400,334080.716,0.604297,2018
PROVINCE_HUC:Western Visayas:Iloilo City:VITAMIN_C_RICH_FRUITS,All surveyed individuals,PROVINCE_HUC,Western Visayas,40,Iloilo City,PROVINCE_OR_HUC,VITAMIN_C_RICH_FRUITS,epwt_fg12,Vitamin C-Rich Fruits,20,1.872909,0.921602,2400,334080.716,0.360613,2018
PROVINCE_HUC:Zamboanga Peninsula:Zamboanga City:RICE_PRODUCTS,All surveyed individuals,PROVINCE_HUC,Zamboanga Peninsula,60,Zamboanga City,PROVINCE_OR_HUC,RICE_PRODUCTS,epwt_fg2,Rice and Products,1,98.807422,235.85222,2033,532199.552,1.075083,2019
PROVINCE_HUC:Zamboanga Peninsula:Zamboanga City:FISH_PRODUCTS,All surveyed individuals,PROVINCE_HUC,Zamboanga Peninsula,60,Zamboanga City,PROVINCE_OR_HUC,FISH_PRODUCTS,epwt_fg15,Fish and Fish Products,2,74.022622,61.737594,2033,532199.552,1.417993,2019
PROVINCE_HUC:Zamboanga Peninsula:Zamboanga City:OTHER_CEREAL_PRODUCTS,All surveyed individuals,PROVINCE_HUC,Zamboanga Peninsula,60,Zamboanga City,PROVINCE_OR_HUC,OTHER_CEREAL_PRODUCTS,epwt_fg4,Other Cereal Products,3,66.260186,43.538651,2033,532199.552,0.980017,2019
PROVINCE_HUC:Zamboanga Peninsula:Zamboanga City:BEVERAGES,All surveyed individuals,PROVINCE_HUC,Zamboanga Peninsula,60,Zamboanga City,PROVINCE_OR_HUC,BEVERAGES,epwt_fg25,Beverages,4,55.582299,22.40524,2033,532199.552,0.869646,2019
PROVINCE_HUC:Zamboanga Peninsula:Zamboanga City:SUGAR_SYRUPS,All surveyed individuals,PROVINCE_HUC,Zamboanga Peninsula,60,Zamboanga City,PROVINCE_OR_HUC,SUGAR_SYRUPS,epwt_fg6,Sugar and Syrups,5,39.666754,56.952143,2033,532199.552,1.611465,2019
PROVINCE_HUC:Zamboanga Peninsula:Zamboanga City:FATS_OILS,All surveyed individuals,PROVINCE_HUC,Zamboanga Peninsula,60,Zamboanga City,PROVINCE_OR_HUC,FATS_OILS,epwt_fg23,Fats and Oils,6,73.065384,5.954699,2033,532199.552,1.105873,2019
PROVINCE_HUC:Zamboanga Peninsula:Zamboanga City:OTHER_VEGETABLES,All surveyed individuals,PROVINCE_HUC,Zamboanga Peninsula,60,Zamboanga City,PROVINCE_OR_HUC,OTHER_VEGETABLES,epwt_fg10,Other Vegetables,7,31.585792,18.524636,2033,532199.552,0.654431,2019
PROVINCE_HUC:Zamboanga Peninsula:Zamboanga City:GREEN_LEAFY_YELLOW_VEGETABLES,All surveyed individuals,PROVINCE_HUC,Zamboanga Peninsula,60,Zamboanga City,PROVINCE_OR_HUC,GREEN_LEAFY_YELLOW_VEGETABLES,epwt_fg9,Green Leafy and Yellow Vegetables,8,35.367652,9.757385,2033,532199.552,0.67194,2019
PROVINCE_HUC:Zamboanga Peninsula:Zamboanga City:MEAT_PRODUCTS,All surveyed individuals,PROVINCE_HUC,Zamboanga Peninsula,60,Zamboanga City,PROVINCE_OR_HUC,MEAT_PRODUCTS,epwt_fg16,Meat and Meat Products,9,25.072574,25.474565,2033,532199.552,0.63591,2019
PROVINCE_HUC:Zamboanga Peninsula:Zamboanga City:EGGS,All surveyed individuals,PROVINCE_HUC,Zamboanga Peninsula,60,Zamboanga City,PROVINCE_OR_HUC,EGGS,epwt_fg18,Eggs,10,26.927953,11.996664,2033,532199.552,0.886306,2019
PROVINCE_HUC:Zamboanga Peninsula:Zamboanga City:POULTRY,All surveyed individuals,PROVINCE_HUC,Zamboanga Peninsula,60,Zamboanga City,PROVINCE_OR_HUC,POULTRY,epwt_fg17,Poultry,11,21.99858,19.344263,2033,532199.552,0.959361,2019
PROVINCE_HUC:Zamboanga Peninsula:Zamboanga City:DRIED_BEANS,All surveyed individuals,PROVINCE_HUC,Zamboanga Peninsula,60,Zamboanga City,PROVINCE_OR_HUC,DRIED_BEANS,epwt_fg7,Dried Beans,12,30.268673,3.735451,2033,532199.552,0.703447,2019
PROVINCE_HUC:Zamboanga Peninsula:Zamboanga City:WHOLE_MILK,All surveyed individuals,PROVINCE_HUC,Zamboanga Peninsula,60,Zamboanga City,PROVINCE_OR_HUC,WHOLE_MILK,epwt_fg20,Whole Milk,13,15.543425,8.320325,2033,532199.552,0.866572,2019
PROVINCE_HUC:Zamboanga Peninsula:Zamboanga City:OTHER_FRUITS,All surveyed individuals,PROVINCE_HUC,Zamboanga Peninsula,60,Zamboanga City,PROVINCE_OR_HUC,OTHER_FRUITS,epwt_fg13,Other Fruits,14,11.223482,11.815809,2033,532199.552,0.820652,2019
PROVINCE_HUC:Zamboanga Peninsula:Zamboanga City:CONDIMENTS_SPICES,All surveyed individuals,PROVINCE_HUC,Zamboanga Peninsula,60,Zamboanga City,PROVINCE_OR_HUC,CONDIMENTS_SPICES,epwt_fg26,Condiments and Spices,15,20.464395,1.447348,2033,532199.552,0.827859,2019
PROVINCE_HUC:Zamboanga Peninsula:Zamboanga City:VITAMIN_C_RICH_FRUITS,All surveyed individuals,PROVINCE_HUC,Zamboanga Peninsula,60,Zamboanga City,PROVINCE_OR_HUC,VITAMIN_C_RICH_FRUITS,epwt_fg12,Vitamin C-Rich Fruits,16,4.618403,4.959347,2033,532199.552,1.940539,2019
PROVINCE_HUC:Zamboanga Peninsula:Zamboanga City:STARCHY_ROOTS_TUBERS,All surveyed individuals,PROVINCE_HUC,Zamboanga Peninsula,60,Zamboanga City,PROVINCE_OR_HUC,STARCHY_ROOTS_TUBERS,epwt_fg5,Starchy Roots and Tubers,17,4.604406,2.125421,2033,532199.552,0.359191,2019
PROVINCE_HUC:Zamboanga Peninsula:Zamboanga City:CORN_PRODUCTS,All surveyed individuals,PROVINCE_HUC,Zamboanga Peninsula,60,Zamboanga City,PROVINCE_OR_HUC,CORN_PRODUCTS,epwt_fg3,Corn and Products,18,3.792417,2.182468,2033,532199.552,0.278247,2019
PROVINCE_HUC:Zamboanga Peninsula:Zamboanga City:MILK_PRODUCTS,All surveyed individuals,PROVINCE_HUC,Zamboanga Peninsula,60,Zamboanga City,PROVINCE_OR_HUC,MILK_PRODUCTS,epwt_fg21,Milk Products,19,2.322857,1.644308,2033,532199.552,0.696868,2019
PROVINCE_HUC:Zamboanga Peninsula:Zamboanga City:OTHER_MISCELLANEOUS,All surveyed individuals,PROVINCE_HUC,Zamboanga Peninsula,60,Zamboanga City,PROVINCE_OR_HUC,OTHER_MISCELLANEOUS,epwt_fg27,Other Miscellaneous,20,2.084,1.655559,2033,532199.552,0.811252,2019
PROVINCE_HUC:Zamboanga Peninsula:Zamboanga del Norte:RICE_PRODUCTS,All surveyed individuals,PROVINCE_HUC,Zamboanga Peninsula,59,Zamboanga del Norte,PROVINCE_OR_HUC,RICE_PRODUCTS,epwt_fg2,Rice and Products,1,68.585651,156.188986,2281,726311.034,0.711955,2018
PROVINCE_HUC:Zamboanga Peninsula:Zamboanga del Norte:FISH_PRODUCTS,All surveyed individuals,PROVINCE_HUC,Zamboanga Peninsula,59,Zamboanga del Norte,PROVINCE_OR_HUC,FISH_PRODUCTS,epwt_fg15,Fish and Fish Products,2,74.722006,55.329229,2281,726311.034,1.270805,2018
PROVINCE_HUC:Zamboanga Peninsula:Zamboanga del Norte:GREEN_LEAFY_YELLOW_VEGETABLES,All surveyed individuals,PROVINCE_HUC,Zamboanga Peninsula,59,Zamboanga del Norte,PROVINCE_OR_HUC,GREEN_LEAFY_YELLOW_VEGETABLES,epwt_fg9,Green Leafy and Yellow Vegetables,3,52.763905,24.820101,2281,726311.034,1.709232,2018
PROVINCE_HUC:Zamboanga Peninsula:Zamboanga del Norte:CORN_PRODUCTS,All surveyed individuals,PROVINCE_HUC,Zamboanga Peninsula,59,Zamboanga del Norte,PROVINCE_OR_HUC,CORN_PRODUCTS,epwt_fg3,Corn and Products,4,39.989515,60.675335,2281,726311.034,7.735626,2018
PROVINCE_HUC:Zamboanga Peninsula:Zamboanga del Norte:OTHER_CEREAL_PRODUCTS,All surveyed individuals,PROVINCE_HUC,Zamboanga Peninsula,59,Zamboanga del Norte,PROVINCE_OR_HUC,OTHER_CEREAL_PRODUCTS,epwt_fg4,Other Cereal Products,5,46.237345,26.204224,2281,726311.034,0.589834,2018
PROVINCE_HUC:Zamboanga Peninsula:Zamboanga del Norte:OTHER_VEGETABLES,All surveyed individuals,PROVINCE_HUC,Zamboanga Peninsula,59,Zamboanga del Norte,PROVINCE_OR_HUC,OTHER_VEGETABLES,epwt_fg10,Other Vegetables,6,40.462618,28.125781,2281,726311.034,0.993617,2018
PROVINCE_HUC:Zamboanga Peninsula:Zamboanga del Norte:BEVERAGES,All surveyed individuals,PROVINCE_HUC,Zamboanga Peninsula,59,Zamboanga del Norte,PROVINCE_OR_HUC,BEVERAGES,epwt_fg25,Beverages,7,35.688471,12.864252,2281,726311.034,0.499318,2018
PROVINCE_HUC:Zamboanga Peninsula:Zamboanga del Norte:FATS_OILS,All surveyed individuals,PROVINCE_HUC,Zamboanga Peninsula,59,Zamboanga del Norte,PROVINCE_OR_HUC,FATS_OILS,epwt_fg23,Fats and Oils,8,52.559087,4.420247,2281,726311.034,0.820903,2018
PROVINCE_HUC:Zamboanga Peninsula:Zamboanga del Norte:SUGAR_SYRUPS,All surveyed individuals,PROVINCE_HUC,Zamboanga Peninsula,59,Zamboanga del Norte,PROVINCE_OR_HUC,SUGAR_SYRUPS,epwt_fg6,Sugar and Syrups,9,29.958707,17.958337,2281,726311.034,0.508132,2018
PROVINCE_HUC:Zamboanga Peninsula:Zamboanga del Norte:MEAT_PRODUCTS,All surveyed individuals,PROVINCE_HUC,Zamboanga Peninsula,59,Zamboanga del Norte,PROVINCE_OR_HUC,MEAT_PRODUCTS,epwt_fg16,Meat and Meat Products,10,23.697639,27.896243,2281,726311.034,0.696361,2018
PROVINCE_HUC:Zamboanga Peninsula:Zamboanga del Norte:POULTRY,All surveyed individuals,PROVINCE_HUC,Zamboanga Peninsula,59,Zamboanga del Norte,PROVINCE_OR_HUC,POULTRY,epwt_fg17,Poultry,11,14.867356,15.427185,2281,726311.034,0.765097,2018
PROVINCE_HUC:Zamboanga Peninsula:Zamboanga del Norte:EGGS,All surveyed individuals,PROVINCE_HUC,Zamboanga Peninsula,59,Zamboanga del Norte,PROVINCE_OR_HUC,EGGS,epwt_fg18,Eggs,12,19.169404,7.249665,2281,726311.034,0.535601,2018
PROVINCE_HUC:Zamboanga Peninsula:Zamboanga del Norte:OTHER_FRUITS,All surveyed individuals,PROVINCE_HUC,Zamboanga Peninsula,59,Zamboanga del Norte,PROVINCE_OR_HUC,OTHER_FRUITS,epwt_fg13,Other Fruits,13,12.62253,17.321777,2281,726311.034,1.203062,2018
PROVINCE_HUC:Zamboanga Peninsula:Zamboanga del Norte:WHOLE_MILK,All surveyed individuals,PROVINCE_HUC,Zamboanga Peninsula,59,Zamboanga del Norte,PROVINCE_OR_HUC,WHOLE_MILK,epwt_fg20,Whole Milk,14,17.138691,7.284492,2281,726311.034,0.758689,2018
PROVINCE_HUC:Zamboanga Peninsula:Zamboanga del Norte:CONDIMENTS_SPICES,All surveyed individuals,PROVINCE_HUC,Zamboanga Peninsula,59,Zamboanga del Norte,PROVINCE_OR_HUC,CONDIMENTS_SPICES,epwt_fg26,Condiments and Spices,15,26.515356,2.894936,2281,726311.034,1.655856,2018
PROVINCE_HUC:Zamboanga Peninsula:Zamboanga del Norte:DRIED_BEANS,All surveyed individuals,PROVINCE_HUC,Zamboanga Peninsula,59,Zamboanga del Norte,PROVINCE_OR_HUC,DRIED_BEANS,epwt_fg7,Dried Beans,16,20.052496,3.221187,2281,726311.034,0.606602,2018
PROVINCE_HUC:Zamboanga Peninsula:Zamboanga del Norte:STARCHY_ROOTS_TUBERS,All surveyed individuals,PROVINCE_HUC,Zamboanga Peninsula,59,Zamboanga del Norte,PROVINCE_OR_HUC,STARCHY_ROOTS_TUBERS,epwt_fg5,Starchy Roots and Tubers,17,8.291398,7.403057,2281,726311.034,1.2511,2018
PROVINCE_HUC:Zamboanga Peninsula:Zamboanga del Norte:VITAMIN_C_RICH_FRUITS,All surveyed individuals,PROVINCE_HUC,Zamboanga Peninsula,59,Zamboanga del Norte,PROVINCE_OR_HUC,VITAMIN_C_RICH_FRUITS,epwt_fg12,Vitamin C-Rich Fruits,18,1.66865,0.780134,2281,726311.034,0.305258,2018
PROVINCE_HUC:Zamboanga Peninsula:Zamboanga del Norte:MILK_PRODUCTS,All surveyed individuals,PROVINCE_HUC,Zamboanga Peninsula,59,Zamboanga del Norte,PROVINCE_OR_HUC,MILK_PRODUCTS,epwt_fg21,Milk Products,19,1.145166,0.720793,2281,726311.034,0.305477,2018
PROVINCE_HUC:Zamboanga Peninsula:Zamboanga del Norte:OTHER_MISCELLANEOUS,All surveyed individuals,PROVINCE_HUC,Zamboanga Peninsula,59,Zamboanga del Norte,PROVINCE_OR_HUC,OTHER_MISCELLANEOUS,epwt_fg27,Other Miscellaneous,20,0.876605,0.553701,2281,726311.034,0.271323,2018
PROVINCE_HUC:Zamboanga Peninsula:Zamboanga del Sur:RICE_PRODUCTS,All surveyed individuals,PROVINCE_HUC,Zamboanga Peninsula,61,Zamboanga del Sur,PROVINCE_OR_HUC,RICE_PRODUCTS,epwt_fg2,Rice and Products,1,72.620834,170.682142,2542,764401.645,0.778019,2019
PROVINCE_HUC:Zamboanga Peninsula:Zamboanga del Sur:FISH_PRODUCTS,All surveyed individuals,PROVINCE_HUC,Zamboanga Peninsula,61,Zamboanga del Sur,PROVINCE_OR_HUC,FISH_PRODUCTS,epwt_fg15,Fish and Fish Products,2,83.703009,58.754175,2542,764401.645,1.34947,2019
PROVINCE_HUC:Zamboanga Peninsula:Zamboanga del Sur:OTHER_CEREAL_PRODUCTS,All surveyed individuals,PROVINCE_HUC,Zamboanga Peninsula,61,Zamboanga del Sur,PROVINCE_OR_HUC,OTHER_CEREAL_PRODUCTS,epwt_fg4,Other Cereal Products,3,44.303609,25.375907,2542,764401.645,0.57119,2019
PROVINCE_HUC:Zamboanga Peninsula:Zamboanga del Sur:CORN_PRODUCTS,All surveyed individuals,PROVINCE_HUC,Zamboanga Peninsula,61,Zamboanga del Sur,PROVINCE_OR_HUC,CORN_PRODUCTS,epwt_fg3,Corn and Products,4,34.426515,48.916915,2542,764401.645,6.236521,2019
PROVINCE_HUC:Zamboanga Peninsula:Zamboanga del Sur:GREEN_LEAFY_YELLOW_VEGETABLES,All surveyed individuals,PROVINCE_HUC,Zamboanga Peninsula,61,Zamboanga del Sur,PROVINCE_OR_HUC,GREEN_LEAFY_YELLOW_VEGETABLES,epwt_fg9,Green Leafy and Yellow Vegetables,5,42.559987,20.832479,2542,764401.645,1.434625,2019
PROVINCE_HUC:Zamboanga Peninsula:Zamboanga del Sur:OTHER_VEGETABLES,All surveyed individuals,PROVINCE_HUC,Zamboanga Peninsula,61,Zamboanga del Sur,PROVINCE_OR_HUC,OTHER_VEGETABLES,epwt_fg10,Other Vegetables,6,35.174991,23.500522,2542,764401.645,0.830218,2019
PROVINCE_HUC:Zamboanga Peninsula:Zamboanga del Sur:SUGAR_SYRUPS,All surveyed individuals,PROVINCE_HUC,Zamboanga Peninsula,61,Zamboanga del Sur,PROVINCE_OR_HUC,SUGAR_SYRUPS,epwt_fg6,Sugar and Syrups,7,33.809687,22.05959,2542,764401.645,0.624178,2019
PROVINCE_HUC:Zamboanga Peninsula:Zamboanga del Sur:BEVERAGES,All surveyed individuals,PROVINCE_HUC,Zamboanga Peninsula,61,Zamboanga del Sur,PROVINCE_OR_HUC,BEVERAGES,epwt_fg25,Beverages,8,36.428841,14.003682,2542,764401.645,0.543544,2019
PROVINCE_HUC:Zamboanga Peninsula:Zamboanga del Sur:FATS_OILS,All surveyed individuals,PROVINCE_HUC,Zamboanga Peninsula,61,Zamboanga del Sur,PROVINCE_OR_HUC,FATS_OILS,epwt_fg23,Fats and Oils,9,53.735939,3.945652,2542,764401.645,0.732764,2019
PROVINCE_HUC:Zamboanga Peninsula:Zamboanga del Sur:MEAT_PRODUCTS,All surveyed individuals,PROVINCE_HUC,Zamboanga Peninsula,61,Zamboanga del Sur,PROVINCE_OR_HUC,MEAT_PRODUCTS,epwt_fg16,Meat and Meat Products,10,21.853744,17.839823,2542,764401.645,0.445327,2019
PROVINCE_HUC:Zamboanga Peninsula:Zamboanga del Sur:CONDIMENTS_SPICES,All surveyed individuals,PROVINCE_HUC,Zamboanga Peninsula,61,Zamboanga del Sur,PROVINCE_OR_HUC,CONDIMENTS_SPICES,epwt_fg26,Condiments and Spices,11,34.936535,3.145071,2542,764401.645,1.798929,2019
PROVINCE_HUC:Zamboanga Peninsula:Zamboanga del Sur:WHOLE_MILK,All surveyed individuals,PROVINCE_HUC,Zamboanga Peninsula,61,Zamboanga del Sur,PROVINCE_OR_HUC,WHOLE_MILK,epwt_fg20,Whole Milk,12,18.111143,6.998682,2542,764401.645,0.728921,2019
PROVINCE_HUC:Zamboanga Peninsula:Zamboanga del Sur:EGGS,All surveyed individuals,PROVINCE_HUC,Zamboanga Peninsula,61,Zamboanga del Sur,PROVINCE_OR_HUC,EGGS,epwt_fg18,Eggs,13,17.181852,6.791438,2542,764401.645,0.501747,2019
PROVINCE_HUC:Zamboanga Peninsula:Zamboanga del Sur:POULTRY,All surveyed individuals,PROVINCE_HUC,Zamboanga Peninsula,61,Zamboanga del Sur,PROVINCE_OR_HUC,POULTRY,epwt_fg17,Poultry,14,14.332751,10.706549,2542,764401.645,0.530981,2019
PROVINCE_HUC:Zamboanga Peninsula:Zamboanga del Sur:DRIED_BEANS,All surveyed individuals,PROVINCE_HUC,Zamboanga Peninsula,61,Zamboanga del Sur,PROVINCE_OR_HUC,DRIED_BEANS,epwt_fg7,Dried Beans,15,20.249373,2.491195,2542,764401.645,0.469133,2019
PROVINCE_HUC:Zamboanga Peninsula:Zamboanga del Sur:OTHER_FRUITS,All surveyed individuals,PROVINCE_HUC,Zamboanga Peninsula,61,Zamboanga del Sur,PROVINCE_OR_HUC,OTHER_FRUITS,epwt_fg13,Other Fruits,16,10.144159,11.125897,2542,764401.645,0.772735,2019
PROVINCE_HUC:Zamboanga Peninsula:Zamboanga del Sur:STARCHY_ROOTS_TUBERS,All surveyed individuals,PROVINCE_HUC,Zamboanga Peninsula,61,Zamboanga del Sur,PROVINCE_OR_HUC,STARCHY_ROOTS_TUBERS,epwt_fg5,Starchy Roots and Tubers,17,7.415104,5.576951,2542,764401.645,0.942492,2019
PROVINCE_HUC:Zamboanga Peninsula:Zamboanga del Sur:VITAMIN_C_RICH_FRUITS,All surveyed individuals,PROVINCE_HUC,Zamboanga Peninsula,61,Zamboanga del Sur,PROVINCE_OR_HUC,VITAMIN_C_RICH_FRUITS,epwt_fg12,Vitamin C-Rich Fruits,18,0.953461,0.821126,2542,764401.645,0.321298,2019
PROVINCE_HUC:Zamboanga Peninsula:Zamboanga del Sur:MILK_PRODUCTS,All surveyed individuals,PROVINCE_HUC,Zamboanga Peninsula,61,Zamboanga del Sur,PROVINCE_OR_HUC,MILK_PRODUCTS,epwt_fg21,Milk Products,19,0.857454,0.36671,2542,764401.645,0.155414,2019
PROVINCE_HUC:Zamboanga Peninsula:Zamboanga del Sur:OTHER_MISCELLANEOUS,All surveyed individuals,PROVINCE_HUC,Zamboanga Peninsula,61,Zamboanga del Sur,PROVINCE_OR_HUC,OTHER_MISCELLANEOUS,epwt_fg27,Other Miscellaneous,20,0.787237,0.247954,2542,764401.645,0.121502,2019
PROVINCE_HUC:Zamboanga Peninsula:Zamboanga Sibugay:RICE_PRODUCTS,All surveyed individuals,PROVINCE_HUC,Zamboanga Peninsula,62,Zamboanga Sibugay,PROVINCE_OR_HUC,RICE_PRODUCTS,epwt_fg2,Rice and Products,1,91.647338,223.662264,2694,517674.488,1.019518,2019
PROVINCE_HUC:Zamboanga Peninsula:Zamboanga Sibugay:FISH_PRODUCTS,All surveyed individuals,PROVINCE_HUC,Zamboanga Peninsula,62,Zamboanga Sibugay,PROVINCE_OR_HUC,FISH_PRODUCTS,epwt_fg15,Fish and Fish Products,2,79.569691,64.739456,2694,517674.488,1.48694,2019
PROVINCE_HUC:Zamboanga Peninsula:Zamboanga Sibugay:OTHER_CEREAL_PRODUCTS,All surveyed individuals,PROVINCE_HUC,Zamboanga Peninsula,62,Zamboanga Sibugay,PROVINCE_OR_HUC,OTHER_CEREAL_PRODUCTS,epwt_fg4,Other Cereal Products,3,53.419345,28.604227,2694,517674.488,0.643856,2019
PROVINCE_HUC:Zamboanga Peninsula:Zamboanga Sibugay:GREEN_LEAFY_YELLOW_VEGETABLES,All surveyed individuals,PROVINCE_HUC,Zamboanga Peninsula,62,Zamboanga Sibugay,PROVINCE_OR_HUC,GREEN_LEAFY_YELLOW_VEGETABLES,epwt_fg9,Green Leafy and Yellow Vegetables,4,46.953104,17.980211,2694,517674.488,1.238204,2019
PROVINCE_HUC:Zamboanga Peninsula:Zamboanga Sibugay:OTHER_VEGETABLES,All surveyed individuals,PROVINCE_HUC,Zamboanga Peninsula,62,Zamboanga Sibugay,PROVINCE_OR_HUC,OTHER_VEGETABLES,epwt_fg10,Other Vegetables,5,38.357362,21.984404,2694,517674.488,0.776657,2019
PROVINCE_HUC:Zamboanga Peninsula:Zamboanga Sibugay:SUGAR_SYRUPS,All surveyed individuals,PROVINCE_HUC,Zamboanga Peninsula,62,Zamboanga Sibugay,PROVINCE_OR_HUC,SUGAR_SYRUPS,epwt_fg6,Sugar and Syrups,6,35.135481,25.380538,2694,517674.488,0.718144,2019
PROVINCE_HUC:Zamboanga Peninsula:Zamboanga Sibugay:BEVERAGES,All surveyed individuals,PROVINCE_HUC,Zamboanga Peninsula,62,Zamboanga Sibugay,PROVINCE_OR_HUC,BEVERAGES,epwt_fg25,Beverages,7,40.510989,13.663606,2694,517674.488,0.530345,2019
PROVINCE_HUC:Zamboanga Peninsula:Zamboanga Sibugay:FATS_OILS,All surveyed individuals,PROVINCE_HUC,Zamboanga Peninsula,62,Zamboanga Sibugay,PROVINCE_OR_HUC,FATS_OILS,epwt_fg23,Fats and Oils,8,60.052557,4.317114,2694,517674.488,0.80175,2019
PROVINCE_HUC:Zamboanga Peninsula:Zamboanga Sibugay:MEAT_PRODUCTS,All surveyed individuals,PROVINCE_HUC,Zamboanga Peninsula,62,Zamboanga Sibugay,PROVINCE_OR_HUC,MEAT_PRODUCTS,epwt_fg16,Meat and Meat Products,9,19.265131,17.490982,2694,517674.488,0.436619,2019
PROVINCE_HUC:Zamboanga Peninsula:Zamboanga Sibugay:OTHER_FRUITS,All surveyed individuals,PROVINCE_HUC,Zamboanga Peninsula,62,Zamboanga Sibugay,PROVINCE_OR_HUC,OTHER_FRUITS,epwt_fg13,Other Fruits,10,15.620822,24.318382,2694,517674.488,1.689002,2019
PROVINCE_HUC:Zamboanga Peninsula:Zamboanga Sibugay:EGGS,All surveyed individuals,PROVINCE_HUC,Zamboanga Peninsula,62,Zamboanga Sibugay,PROVINCE_OR_HUC,EGGS,epwt_fg18,Eggs,11,21.378258,8.509498,2694,517674.488,0.628676,2019
PROVINCE_HUC:Zamboanga Peninsula:Zamboanga Sibugay:CONDIMENTS_SPICES,All surveyed individuals,PROVINCE_HUC,Zamboanga Peninsula,62,Zamboanga Sibugay,PROVINCE_OR_HUC,CONDIMENTS_SPICES,epwt_fg26,Condiments and Spices,12,27.475455,2.582251,2694,517674.488,1.477005,2019
PROVINCE_HUC:Zamboanga Peninsula:Zamboanga Sibugay:CORN_PRODUCTS,All surveyed individuals,PROVINCE_HUC,Zamboanga Peninsula,62,Zamboanga Sibugay,PROVINCE_OR_HUC,CORN_PRODUCTS,epwt_fg3,Corn and Products,13,11.555873,14.047209,2694,517674.488,1.790908,2019
PROVINCE_HUC:Zamboanga Peninsula:Zamboanga Sibugay:POULTRY,All surveyed individuals,PROVINCE_HUC,Zamboanga Peninsula,62,Zamboanga Sibugay,PROVINCE_OR_HUC,POULTRY,epwt_fg17,Poultry,14,12.656308,10.265866,2694,517674.488,0.509126,2019
PROVINCE_HUC:Zamboanga Peninsula:Zamboanga Sibugay:DRIED_BEANS,All surveyed individuals,PROVINCE_HUC,Zamboanga Peninsula,62,Zamboanga Sibugay,PROVINCE_OR_HUC,DRIED_BEANS,epwt_fg7,Dried Beans,15,21.124749,2.78191,2694,517674.488,0.523879,2019
PROVINCE_HUC:Zamboanga Peninsula:Zamboanga Sibugay:WHOLE_MILK,All surveyed individuals,PROVINCE_HUC,Zamboanga Peninsula,62,Zamboanga Sibugay,PROVINCE_OR_HUC,WHOLE_MILK,epwt_fg20,Whole Milk,16,14.128336,5.659754,2694,517674.488,0.58947,2019
PROVINCE_HUC:Zamboanga Peninsula:Zamboanga Sibugay:VITAMIN_C_RICH_FRUITS,All surveyed individuals,PROVINCE_HUC,Zamboanga Peninsula,62,Zamboanga Sibugay,PROVINCE_OR_HUC,VITAMIN_C_RICH_FRUITS,epwt_fg12,Vitamin C-Rich Fruits,17,3.306359,3.260812,2694,517674.488,1.275921,2019
PROVINCE_HUC:Zamboanga Peninsula:Zamboanga Sibugay:STARCHY_ROOTS_TUBERS,All surveyed individuals,PROVINCE_HUC,Zamboanga Peninsula,62,Zamboanga Sibugay,PROVINCE_OR_HUC,STARCHY_ROOTS_TUBERS,epwt_fg5,Starchy Roots and Tubers,18,2.348689,1.195336,2694,517674.488,0.202009,2019
PROVINCE_HUC:Zamboanga Peninsula:Zamboanga Sibugay:MILK_PRODUCTS,All surveyed individuals,PROVINCE_HUC,Zamboanga Peninsula,62,Zamboanga Sibugay,PROVINCE_OR_HUC,MILK_PRODUCTS,epwt_fg21,Milk Products,19,1.115588,0.687148,2694,517674.488,0.291217,2019
PROVINCE_HUC:Zamboanga Peninsula:Zamboanga Sibugay:OTHER_MISCELLANEOUS,All surveyed individuals,PROVINCE_HUC,Zamboanga Peninsula,62,Zamboanga Sibugay,PROVINCE_OR_HUC,OTHER_MISCELLANEOUS,epwt_fg27,Other Miscellaneous,20,0.858481,0.703617,2694,517674.488,0.344784,2019
REGION:Bangsamoro Autonomous Region in Muslim Mindanao::RICE_PRODUCTS,All surveyed individuals,REGION,Bangsamoro Autonomous Region in Muslim Mindanao,,,REGION,RICE_PRODUCTS,epwt_fg2,Rice and Products,1,98.177602,229.264447,12979,42979639.723,1.045054,2018|2019|2021
REGION:Bangsamoro Autonomous Region in Muslim Mindanao::FISH_PRODUCTS,All surveyed individuals,REGION,Bangsamoro Autonomous Region in Muslim Mindanao,,,REGION,FISH_PRODUCTS,epwt_fg15,Fish and Fish Products,2,66.19699,46.929783,12979,42979639.723,1.077886,2018|2019|2021
REGION:Bangsamoro Autonomous Region in Muslim Mindanao::SUGAR_SYRUPS,All surveyed individuals,REGION,Bangsamoro Autonomous Region in Muslim Mindanao,,,REGION,SUGAR_SYRUPS,epwt_fg6,Sugar and Syrups,3,54.323577,24.460359,12979,42979639.723,0.692107,2018|2019|2021
REGION:Bangsamoro Autonomous Region in Muslim Mindanao::OTHER_CEREAL_PRODUCTS,All surveyed individuals,REGION,Bangsamoro Autonomous Region in Muslim Mindanao,,,REGION,OTHER_CEREAL_PRODUCTS,epwt_fg4,Other Cereal Products,4,47.691322,29.494655,12979,42979639.723,0.663899,2018|2019|2021
REGION:Bangsamoro Autonomous Region in Muslim Mindanao::BEVERAGES,All surveyed individuals,REGION,Bangsamoro Autonomous Region in Muslim Mindanao,,,REGION,BEVERAGES,epwt_fg25,Beverages,5,59.091108,14.158666,12979,42979639.723,0.54956,2018|2019|2021
REGION:Bangsamoro Autonomous Region in Muslim Mindanao::FATS_OILS,All surveyed individuals,REGION,Bangsamoro Autonomous Region in Muslim Mindanao,,,REGION,FATS_OILS,epwt_fg23,Fats and Oils,6,64.177843,6.532798,12979,42979639.723,1.213234,2018|2019|2021
REGION:Bangsamoro Autonomous Region in Muslim Mindanao::OTHER_VEGETABLES,All surveyed individuals,REGION,Bangsamoro Autonomous Region in Muslim Mindanao,,,REGION,OTHER_VEGETABLES,epwt_fg10,Other Vegetables,7,31.814223,25.213666,12979,42979639.723,0.890739,2018|2019|2021
REGION:Bangsamoro Autonomous Region in Muslim Mindanao::GREEN_LEAFY_YELLOW_VEGETABLES,All surveyed individuals,REGION,Bangsamoro Autonomous Region in Muslim Mindanao,,,REGION,GREEN_LEAFY_YELLOW_VEGETABLES,epwt_fg9,Green Leafy and Yellow Vegetables,8,34.700516,17.82184,12979,42979639.723,1.227298,2018|2019|2021
REGION:Bangsamoro Autonomous Region in Muslim Mindanao::OTHER_FRUITS,All surveyed individuals,REGION,Bangsamoro Autonomous Region in Muslim Mindanao,,,REGION,OTHER_FRUITS,epwt_fg13,Other Fruits,9,13.305848,16.842967,12979,42979639.723,1.169807,2018|2019|2021
REGION:Bangsamoro Autonomous Region in Muslim Mindanao::EGGS,All surveyed individuals,REGION,Bangsamoro Autonomous Region in Muslim Mindanao,,,REGION,EGGS,epwt_fg18,Eggs,10,16.933905,7.775189,12979,42979639.723,0.574426,2018|2019|2021
REGION:Bangsamoro Autonomous Region in Muslim Mindanao::DRIED_BEANS,All surveyed individuals,REGION,Bangsamoro Autonomous Region in Muslim Mindanao,,,REGION,DRIED_BEANS,epwt_fg7,Dried Beans,11,19.81959,3.531876,12979,42979639.723,0.66511,2018|2019|2021
REGION:Bangsamoro Autonomous Region in Muslim Mindanao::POULTRY,All surveyed individuals,REGION,Bangsamoro Autonomous Region in Muslim Mindanao,,,REGION,POULTRY,epwt_fg17,Poultry,12,12.443845,7.74269,12979,42979639.723,0.383991,2018|2019|2021
REGION:Bangsamoro Autonomous Region in Muslim Mindanao::WHOLE_MILK,All surveyed individuals,REGION,Bangsamoro Autonomous Region in Muslim Mindanao,,,REGION,WHOLE_MILK,epwt_fg20,Whole Milk,13,9.219357,5.09915,12979,42979639.723,0.531083,2018|2019|2021
REGION:Bangsamoro Autonomous Region in Muslim Mindanao::STARCHY_ROOTS_TUBERS,All surveyed individuals,REGION,Bangsamoro Autonomous Region in Muslim Mindanao,,,REGION,STARCHY_ROOTS_TUBERS,epwt_fg5,Starchy Roots and Tubers,14,5.649504,7.596189,12979,42979639.723,1.283738,2018|2019|2021
REGION:Bangsamoro Autonomous Region in Muslim Mindanao::MEAT_PRODUCTS,All surveyed individuals,REGION,Bangsamoro Autonomous Region in Muslim Mindanao,,,REGION,MEAT_PRODUCTS,epwt_fg16,Meat and Meat Products,15,6.030019,6.383206,12979,42979639.723,0.159341,2018|2019|2021
REGION:Bangsamoro Autonomous Region in Muslim Mindanao::CONDIMENTS_SPICES,All surveyed individuals,REGION,Bangsamoro Autonomous Region in Muslim Mindanao,,,REGION,CONDIMENTS_SPICES,epwt_fg26,Condiments and Spices,16,13.857234,0.853911,12979,42979639.723,0.488423,2018|2019|2021
REGION:Bangsamoro Autonomous Region in Muslim Mindanao::CORN_PRODUCTS,All surveyed individuals,REGION,Bangsamoro Autonomous Region in Muslim Mindanao,,,REGION,CORN_PRODUCTS,epwt_fg3,Corn and Products,17,3.904646,2.85652,12979,42979639.723,0.364184,2018|2019|2021
REGION:Bangsamoro Autonomous Region in Muslim Mindanao::VITAMIN_C_RICH_FRUITS,All surveyed individuals,REGION,Bangsamoro Autonomous Region in Muslim Mindanao,,,REGION,VITAMIN_C_RICH_FRUITS,epwt_fg12,Vitamin C-Rich Fruits,18,1.676036,2.119308,12979,42979639.723,0.829262,2018|2019|2021
REGION:Bangsamoro Autonomous Region in Muslim Mindanao::OTHER_MISCELLANEOUS,All surveyed individuals,REGION,Bangsamoro Autonomous Region in Muslim Mindanao,,,REGION,OTHER_MISCELLANEOUS,epwt_fg27,Other Miscellaneous,19,1.568208,0.771715,12979,42979639.723,0.378154,2018|2019|2021
REGION:Bangsamoro Autonomous Region in Muslim Mindanao::MILK_PRODUCTS,All surveyed individuals,REGION,Bangsamoro Autonomous Region in Muslim Mindanao,,,REGION,MILK_PRODUCTS,epwt_fg21,Milk Products,20,0.423163,0.416182,12979,42979639.723,0.17638,2018|2019|2021
REGION:Bicol Region::RICE_PRODUCTS,All surveyed individuals,REGION,Bicol Region,,,REGION,RICE_PRODUCTS,epwt_fg2,Rice and Products,1,98.97529,218.433465,15407,118480197.84,0.995684,2018|2019|2021
REGION:Bicol Region::OTHER_CEREAL_PRODUCTS,All surveyed individuals,REGION,Bicol Region,,,REGION,OTHER_CEREAL_PRODUCTS,epwt_fg4,Other Cereal Products,2,70.591967,60.126491,15407,118480197.84,1.353395,2018|2019|2021
REGION:Bicol Region::FISH_PRODUCTS,All surveyed individuals,REGION,Bicol Region,,,REGION,FISH_PRODUCTS,epwt_fg15,Fish and Fish Products,3,63.703757,41.39244,15407,118480197.84,0.950704,2018|2019|2021
REGION:Bicol Region::BEVERAGES,All surveyed individuals,REGION,Bicol Region,,,REGION,BEVERAGES,epwt_fg25,Beverages,4,61.578383,22.448487,15407,118480197.84,0.871324,2018|2019|2021
REGION:Bicol Region::FATS_OILS,All surveyed individuals,REGION,Bicol Region,,,REGION,FATS_OILS,epwt_fg23,Fats and Oils,5,75.155076,6.898547,15407,118480197.84,1.281159,2018|2019|2021
REGION:Bicol Region::OTHER_VEGETABLES,All surveyed individuals,REGION,Bicol Region,,,REGION,OTHER_VEGETABLES,epwt_fg10,Other Vegetables,6,44.344339,27.913467,15407,118480197.84,0.986116,2018|2019|2021
REGION:Bicol Region::SUGAR_SYRUPS,All surveyed individuals,REGION,Bicol Region,,,REGION,SUGAR_SYRUPS,epwt_fg6,Sugar and Syrups,7,44.219875,18.000542,15407,118480197.84,0.509327,2018|2019|2021
REGION:Bicol Region::MEAT_PRODUCTS,All surveyed individuals,REGION,Bicol Region,,,REGION,MEAT_PRODUCTS,epwt_fg16,Meat and Meat Products,8,35.025353,31.669905,15407,118480197.84,0.790561,2018|2019|2021
REGION:Bicol Region::GREEN_LEAFY_YELLOW_VEGETABLES,All surveyed individuals,REGION,Bicol Region,,,REGION,GREEN_LEAFY_YELLOW_VEGETABLES,epwt_fg9,Green Leafy and Yellow Vegetables,9,42.439792,13.644608,15407,118480197.84,0.939633,2018|2019|2021
REGION:Bicol Region::EGGS,All surveyed individuals,REGION,Bicol Region,,,REGION,EGGS,epwt_fg18,Eggs,10,26.69509,10.963026,15407,118480197.84,0.809942,2018|2019|2021
REGION:Bicol Region::WHOLE_MILK,All surveyed individuals,REGION,Bicol Region,,,REGION,WHOLE_MILK,epwt_fg20,Whole Milk,11,21.906888,9.443599,15407,118480197.84,0.983563,2018|2019|2021
REGION:Bicol Region::POULTRY,All surveyed individuals,REGION,Bicol Region,,,REGION,POULTRY,epwt_fg17,Poultry,12,17.968703,14.833363,15407,118480197.84,0.735647,2018|2019|2021
REGION:Bicol Region::OTHER_FRUITS,All surveyed individuals,REGION,Bicol Region,,,REGION,OTHER_FRUITS,epwt_fg13,Other Fruits,13,14.124477,16.137453,15407,118480197.84,1.120806,2018|2019|2021
REGION:Bicol Region::DRIED_BEANS,All surveyed individuals,REGION,Bicol Region,,,REGION,DRIED_BEANS,epwt_fg7,Dried Beans,14,18.830099,3.655905,15407,118480197.84,0.688467,2018|2019|2021
REGION:Bicol Region::STARCHY_ROOTS_TUBERS,All surveyed individuals,REGION,Bicol Region,,,REGION,STARCHY_ROOTS_TUBERS,epwt_fg5,Starchy Roots and Tubers,15,8.189688,6.109798,15407,118480197.84,1.032542,2018|2019|2021
REGION:Bicol Region::OTHER_MISCELLANEOUS,All surveyed individuals,REGION,Bicol Region,,,REGION,OTHER_MISCELLANEOUS,epwt_fg27,Other Miscellaneous,16,8.638755,1.50495,15407,118480197.84,0.737451,2018|2019|2021
REGION:Bicol Region::CONDIMENTS_SPICES,All surveyed individuals,REGION,Bicol Region,,,REGION,CONDIMENTS_SPICES,epwt_fg26,Condiments and Spices,17,11.068767,0.823775,15407,118480197.84,0.471186,2018|2019|2021
REGION:Bicol Region::CORN_PRODUCTS,All surveyed individuals,REGION,Bicol Region,,,REGION,CORN_PRODUCTS,epwt_fg3,Corn and Products,18,2.408733,1.830447,15407,118480197.84,0.233368,2018|2019|2021
REGION:Bicol Region::MILK_PRODUCTS,All surveyed individuals,REGION,Bicol Region,,,REGION,MILK_PRODUCTS,epwt_fg21,Milk Products,19,2.452651,1.375085,15407,118480197.84,0.58277,2018|2019|2021
REGION:Bicol Region::VITAMIN_C_RICH_FRUITS,All surveyed individuals,REGION,Bicol Region,,,REGION,VITAMIN_C_RICH_FRUITS,epwt_fg12,Vitamin C-Rich Fruits,20,2.275393,1.50059,15407,118480197.84,0.587165,2018|2019|2021
REGION:Cagayan Valley::RICE_PRODUCTS,All surveyed individuals,REGION,Cagayan Valley,,,REGION,RICE_PRODUCTS,epwt_fg2,Rice and Products,1,98.570031,212.184524,10102,65694305.339,0.967199,2018|2019|2021
REGION:Cagayan Valley::OTHER_CEREAL_PRODUCTS,All surveyed individuals,REGION,Cagayan Valley,,,REGION,OTHER_CEREAL_PRODUCTS,epwt_fg4,Other Cereal Products,2,63.446048,44.18443,10102,65694305.339,0.994553,2018|2019|2021
REGION:Cagayan Valley::BEVERAGES,All surveyed individuals,REGION,Cagayan Valley,,,REGION,BEVERAGES,epwt_fg25,Beverages,3,62.5208,42.97563,10102,65694305.339,1.668073,2018|2019|2021
REGION:Cagayan Valley::SUGAR_SYRUPS,All surveyed individuals,REGION,Cagayan Valley,,,REGION,SUGAR_SYRUPS,epwt_fg6,Sugar and Syrups,4,55.186793,65.684545,10102,65694305.339,1.858548,2018|2019|2021
REGION:Cagayan Valley::MEAT_PRODUCTS,All surveyed individuals,REGION,Cagayan Valley,,,REGION,MEAT_PRODUCTS,epwt_fg16,Meat and Meat Products,5,50.138683,56.518394,10102,65694305.339,1.410843,2018|2019|2021
REGION:Cagayan Valley::OTHER_VEGETABLES,All surveyed individuals,REGION,Cagayan Valley,,,REGION,OTHER_VEGETABLES,epwt_fg10,Other Vegetables,6,54.443529,39.791834,10102,65694305.339,1.405751,2018|2019|2021
REGION:Cagayan Valley::FISH_PRODUCTS,All surveyed individuals,REGION,Cagayan Valley,,,REGION,FISH_PRODUCTS,epwt_fg15,Fish and Fish Products,7,52.64602,32.009986,10102,65694305.339,0.735207,2018|2019|2021
REGION:Cagayan Valley::GREEN_LEAFY_YELLOW_VEGETABLES,All surveyed individuals,REGION,Cagayan Valley,,,REGION,GREEN_LEAFY_YELLOW_VEGETABLES,epwt_fg9,Green Leafy and Yellow Vegetables,8,38.430274,11.721593,10102,65694305.339,0.807205,2018|2019|2021
REGION:Cagayan Valley::EGGS,All surveyed individuals,REGION,Cagayan Valley,,,REGION,EGGS,epwt_fg18,Eggs,9,34.822726,15.3131,10102,65694305.339,1.131322,2018|2019|2021
REGION:Cagayan Valley::POULTRY,All surveyed individuals,REGION,Cagayan Valley,,,REGION,POULTRY,epwt_fg17,Poultry,10,26.667741,26.747913,10102,65694305.339,1.326538,2018|2019|2021
REGION:Cagayan Valley::FATS_OILS,All surveyed individuals,REGION,Cagayan Valley,,,REGION,FATS_OILS,epwt_fg23,Fats and Oils,11,53.400256,4.095997,10102,65694305.339,0.760685,2018|2019|2021
REGION:Cagayan Valley::DRIED_BEANS,All surveyed individuals,REGION,Cagayan Valley,,,REGION,DRIED_BEANS,epwt_fg7,Dried Beans,12,25.961826,7.672899,10102,65694305.339,1.444933,2018|2019|2021
REGION:Cagayan Valley::OTHER_FRUITS,All surveyed individuals,REGION,Cagayan Valley,,,REGION,OTHER_FRUITS,epwt_fg13,Other Fruits,13,16.401393,21.948576,10102,65694305.339,1.524411,2018|2019|2021
REGION:Cagayan Valley::WHOLE_MILK,All surveyed individuals,REGION,Cagayan Valley,,,REGION,WHOLE_MILK,epwt_fg20,Whole Milk,14,17.875243,8.21096,10102,65694305.339,0.855182,2018|2019|2021
REGION:Cagayan Valley::OTHER_MISCELLANEOUS,All surveyed individuals,REGION,Cagayan Valley,,,REGION,OTHER_MISCELLANEOUS,epwt_fg27,Other Miscellaneous,15,19.680459,4.675329,10102,65694305.339,2.290992,2018|2019|2021
REGION:Cagayan Valley::STARCHY_ROOTS_TUBERS,All surveyed individuals,REGION,Cagayan Valley,,,REGION,STARCHY_ROOTS_TUBERS,epwt_fg5,Starchy Roots and Tubers,16,11.384246,5.420606,10102,65694305.339,0.91607,2018|2019|2021
REGION:Cagayan Valley::VITAMIN_C_RICH_FRUITS,All surveyed individuals,REGION,Cagayan Valley,,,REGION,VITAMIN_C_RICH_FRUITS,epwt_fg12,Vitamin C-Rich Fruits,17,8.120482,9.608258,10102,65694305.339,3.759608,2018|2019|2021
REGION:Cagayan Valley::CONDIMENTS_SPICES,All surveyed individuals,REGION,Cagayan Valley,,,REGION,CONDIMENTS_SPICES,epwt_fg26,Condiments and Spices,18,16.230068,1.508493,10102,65694305.339,0.862833,2018|2019|2021
REGION:Cagayan Valley::CORN_PRODUCTS,All surveyed individuals,REGION,Cagayan Valley,,,REGION,CORN_PRODUCTS,epwt_fg3,Corn and Products,19,4.279526,2.601812,10102,65694305.339,0.33171,2018|2019|2021
REGION:Cagayan Valley::MILK_PRODUCTS,All surveyed individuals,REGION,Cagayan Valley,,,REGION,MILK_PRODUCTS,epwt_fg21,Milk Products,20,3.758229,2.660841,10102,65694305.339,1.127681,2018|2019|2021
REGION:CALABARZON::RICE_PRODUCTS,All surveyed individuals,REGION,CALABARZON,,,REGION,RICE_PRODUCTS,epwt_fg2,Rice and Products,1,98.742991,206.147924,10746,209419495.439,0.939682,2018|2019|2021
REGION:CALABARZON::OTHER_CEREAL_PRODUCTS,All surveyed individuals,REGION,CALABARZON,,,REGION,OTHER_CEREAL_PRODUCTS,epwt_fg4,Other Cereal Products,2,71.775868,58.509629,10746,209419495.439,1.317001,2018|2019|2021
REGION:CALABARZON::MEAT_PRODUCTS,All surveyed individuals,REGION,CALABARZON,,,REGION,MEAT_PRODUCTS,epwt_fg16,Meat and Meat Products,3,50.540501,50.784967,10746,209419495.439,1.267722,2018|2019|2021
REGION:CALABARZON::BEVERAGES,All surveyed individuals,REGION,CALABARZON,,,REGION,BEVERAGES,epwt_fg25,Beverages,4,53.630465,29.276867,10746,209419495.439,1.136364,2018|2019|2021
REGION:CALABARZON::FISH_PRODUCTS,All surveyed individuals,REGION,CALABARZON,,,REGION,FISH_PRODUCTS,epwt_fg15,Fish and Fish Products,5,50.648667,34.816076,10746,209419495.439,0.799658,2018|2019|2021
REGION:CALABARZON::OTHER_VEGETABLES,All surveyed individuals,REGION,CALABARZON,,,REGION,OTHER_VEGETABLES,epwt_fg10,Other Vegetables,6,44.710454,26.236568,10746,209419495.439,0.926876,2018|2019|2021
REGION:CALABARZON::FATS_OILS,All surveyed individuals,REGION,CALABARZON,,,REGION,FATS_OILS,epwt_fg23,Fats and Oils,7,72.307555,6.637381,10746,209419495.439,1.232657,2018|2019|2021
REGION:CALABARZON::SUGAR_SYRUPS,All surveyed individuals,REGION,CALABARZON,,,REGION,SUGAR_SYRUPS,epwt_fg6,Sugar and Syrups,8,33.613143,32.55226,10746,209419495.439,0.921068,2018|2019|2021
REGION:CALABARZON::EGGS,All surveyed individuals,REGION,CALABARZON,,,REGION,EGGS,epwt_fg18,Eggs,9,36.52464,16.408054,10746,209419495.439,1.212217,2018|2019|2021
REGION:CALABARZON::POULTRY,All surveyed individuals,REGION,CALABARZON,,,REGION,POULTRY,epwt_fg17,Poultry,10,31.210811,26.758441,10746,209419495.439,1.32706,2018|2019|2021
REGION:CALABARZON::GREEN_LEAFY_YELLOW_VEGETABLES,All surveyed individuals,REGION,CALABARZON,,,REGION,GREEN_LEAFY_YELLOW_VEGETABLES,epwt_fg9,Green Leafy and Yellow Vegetables,11,36.059348,10.444655,10746,209419495.439,0.719269,2018|2019|2021
REGION:CALABARZON::DRIED_BEANS,All surveyed individuals,REGION,CALABARZON,,,REGION,DRIED_BEANS,epwt_fg7,Dried Beans,12,28.575277,7.754125,10746,209419495.439,1.460229,2018|2019|2021
REGION:CALABARZON::WHOLE_MILK,All surveyed individuals,REGION,CALABARZON,,,REGION,WHOLE_MILK,epwt_fg20,Whole Milk,13,20.005775,11.265095,10746,209419495.439,1.173274,2018|2019|2021
REGION:CALABARZON::OTHER_FRUITS,All surveyed individuals,REGION,CALABARZON,,,REGION,OTHER_FRUITS,epwt_fg13,Other Fruits,14,12.510845,12.565482,10746,209419495.439,0.87272,2018|2019|2021
REGION:CALABARZON::STARCHY_ROOTS_TUBERS,All surveyed individuals,REGION,CALABARZON,,,REGION,STARCHY_ROOTS_TUBERS,epwt_fg5,Starchy Roots and Tubers,15,13.10571,5.955448,10746,209419495.439,1.006457,2018|2019|2021
REGION:CALABARZON::CONDIMENTS_SPICES,All surveyed individuals,REGION,CALABARZON,,,REGION,CONDIMENTS_SPICES,epwt_fg26,Condiments and Spices,16,17.32579,1.712438,10746,209419495.439,0.979486,2018|2019|2021
REGION:CALABARZON::MILK_PRODUCTS,All surveyed individuals,REGION,CALABARZON,,,REGION,MILK_PRODUCTS,epwt_fg21,Milk Products,17,6.740368,3.555879,10746,209419495.439,1.507004,2018|2019|2021
REGION:CALABARZON::OTHER_MISCELLANEOUS,All surveyed individuals,REGION,CALABARZON,,,REGION,OTHER_MISCELLANEOUS,epwt_fg27,Other Miscellaneous,18,6.691399,1.993947,10746,209419495.439,0.977068,2018|2019|2021
REGION:CALABARZON::CORN_PRODUCTS,All surveyed individuals,REGION,CALABARZON,,,REGION,CORN_PRODUCTS,epwt_fg3,Corn and Products,19,4.208245,2.068627,10746,209419495.439,0.263734,2018|2019|2021
REGION:CALABARZON::VITAMIN_C_RICH_FRUITS,All surveyed individuals,REGION,CALABARZON,,,REGION,VITAMIN_C_RICH_FRUITS,epwt_fg12,Vitamin C-Rich Fruits,20,3.954339,1.503281,10746,209419495.439,0.588218,2018|2019|2021
REGION:Caraga::RICE_PRODUCTS,All surveyed individuals,REGION,Caraga,,,REGION,RICE_PRODUCTS,epwt_fg2,Rice and Products,1,96.736158,239.196444,13731,47756582.867,1.090327,2018|2019|2021
REGION:Caraga::FISH_PRODUCTS,All surveyed individuals,REGION,Caraga,,,REGION,FISH_PRODUCTS,epwt_fg15,Fish and Fish Products,2,73.538662,52.650503,13731,47756582.867,1.20928,2018|2019|2021
REGION:Caraga::OTHER_CEREAL_PRODUCTS,All surveyed individuals,REGION,Caraga,,,REGION,OTHER_CEREAL_PRODUCTS,epwt_fg4,Other Cereal Products,3,49.288686,28.048933,13731,47756582.867,0.631357,2018|2019|2021
REGION:Caraga::OTHER_VEGETABLES,All surveyed individuals,REGION,Caraga,,,REGION,OTHER_VEGETABLES,epwt_fg10,Other Vegetables,4,37.895447,25.257533,13731,47756582.867,0.892289,2018|2019|2021
REGION:Caraga::GREEN_LEAFY_YELLOW_VEGETABLES,All surveyed individuals,REGION,Caraga,,,REGION,GREEN_LEAFY_YELLOW_VEGETABLES,epwt_fg9,Green Leafy and Yellow Vegetables,5,41.773753,14.134491,13731,47756582.867,0.973369,2018|2019|2021
REGION:Caraga::BEVERAGES,All surveyed individuals,REGION,Caraga,,,REGION,BEVERAGES,epwt_fg25,Beverages,6,39.065653,15.563506,13731,47756582.867,0.604088,2018|2019|2021
REGION:Caraga::SUGAR_SYRUPS,All surveyed individuals,REGION,Caraga,,,REGION,SUGAR_SYRUPS,epwt_fg6,Sugar and Syrups,7,31.400138,25.387377,13731,47756582.867,0.718337,2018|2019|2021
REGION:Caraga::MEAT_PRODUCTS,All surveyed individuals,REGION,Caraga,,,REGION,MEAT_PRODUCTS,epwt_fg16,Meat and Meat Products,8,30.569028,26.887333,13731,47756582.867,0.671176,2018|2019|2021
REGION:Caraga::FATS_OILS,All surveyed individuals,REGION,Caraga,,,REGION,FATS_OILS,epwt_fg23,Fats and Oils,9,57.903623,3.666284,13731,47756582.867,0.680881,2018|2019|2021
REGION:Caraga::EGGS,All surveyed individuals,REGION,Caraga,,,REGION,EGGS,epwt_fg18,Eggs,10,32.781675,14.094371,13731,47756582.867,1.041283,2018|2019|2021
REGION:Caraga::POULTRY,All surveyed individuals,REGION,Caraga,,,REGION,POULTRY,epwt_fg17,Poultry,11,19.601638,15.313379,13731,47756582.867,0.759453,2018|2019|2021
REGION:Caraga::WHOLE_MILK,All surveyed individuals,REGION,Caraga,,,REGION,WHOLE_MILK,epwt_fg20,Whole Milk,12,21.201648,8.793138,13731,47756582.867,0.915816,2018|2019|2021
REGION:Caraga::CONDIMENTS_SPICES,All surveyed individuals,REGION,Caraga,,,REGION,CONDIMENTS_SPICES,epwt_fg26,Condiments and Spices,13,33.383938,2.815387,13731,47756582.867,1.610355,2018|2019|2021
REGION:Caraga::DRIED_BEANS,All surveyed individuals,REGION,Caraga,,,REGION,DRIED_BEANS,epwt_fg7,Dried Beans,14,22.818731,2.607938,13731,47756582.867,0.491118,2018|2019|2021
REGION:Caraga::OTHER_FRUITS,All surveyed individuals,REGION,Caraga,,,REGION,OTHER_FRUITS,epwt_fg13,Other Fruits,15,9.556668,11.489501,13731,47756582.867,0.797989,2018|2019|2021
REGION:Caraga::STARCHY_ROOTS_TUBERS,All surveyed individuals,REGION,Caraga,,,REGION,STARCHY_ROOTS_TUBERS,epwt_fg5,Starchy Roots and Tubers,16,5.564602,4.872397,13731,47756582.867,0.823424,2018|2019|2021
REGION:Caraga::CORN_PRODUCTS,All surveyed individuals,REGION,Caraga,,,REGION,CORN_PRODUCTS,epwt_fg3,Corn and Products,17,4.679729,5.196539,13731,47756582.867,0.662518,2018|2019|2021
REGION:Caraga::VITAMIN_C_RICH_FRUITS,All surveyed individuals,REGION,Caraga,,,REGION,VITAMIN_C_RICH_FRUITS,epwt_fg12,Vitamin C-Rich Fruits,18,2.104103,1.967498,13731,47756582.867,0.769861,2018|2019|2021
REGION:Caraga::OTHER_MISCELLANEOUS,All surveyed individuals,REGION,Caraga,,,REGION,OTHER_MISCELLANEOUS,epwt_fg27,Other Miscellaneous,19,1.986979,1.240336,13731,47756582.867,0.607786,2018|2019|2021
REGION:Caraga::MILK_PRODUCTS,All surveyed individuals,REGION,Caraga,,,REGION,MILK_PRODUCTS,epwt_fg21,Milk Products,20,1.352813,0.97171,13731,47756582.867,0.411817,2018|2019|2021
REGION:Central Luzon::RICE_PRODUCTS,All surveyed individuals,REGION,Central Luzon,,,REGION,RICE_PRODUCTS,epwt_fg2,Rice and Products,1,98.045405,208.834917,17016,189080079.98,0.951931,2018|2019|2021
REGION:Central Luzon::OTHER_CEREAL_PRODUCTS,All surveyed individuals,REGION,Central Luzon,,,REGION,OTHER_CEREAL_PRODUCTS,epwt_fg4,Other Cereal Products,2,67.580404,50.573139,17016,189080079.98,1.138358,2018|2019|2021
REGION:Central Luzon::BEVERAGES,All surveyed individuals,REGION,Central Luzon,,,REGION,BEVERAGES,epwt_fg25,Beverages,3,55.752859,29.680969,17016,189080079.98,1.152049,2018|2019|2021
REGION:Central Luzon::FISH_PRODUCTS,All surveyed individuals,REGION,Central Luzon,,,REGION,FISH_PRODUCTS,epwt_fg15,Fish and Fish Products,4,52.058769,36.591317,17016,189080079.98,0.840432,2018|2019|2021
REGION:Central Luzon::MEAT_PRODUCTS,All surveyed individuals,REGION,Central Luzon,,,REGION,MEAT_PRODUCTS,epwt_fg16,Meat and Meat Products,5,47.635183,47.717216,17016,189080079.98,1.191143,2018|2019|2021
REGION:Central Luzon::OTHER_VEGETABLES,All surveyed individuals,REGION,Central Luzon,,,REGION,OTHER_VEGETABLES,epwt_fg10,Other Vegetables,6,47.2414,28.433757,17016,189080079.98,1.004497,2018|2019|2021
REGION:Central Luzon::SUGAR_SYRUPS,All surveyed individuals,REGION,Central Luzon,,,REGION,SUGAR_SYRUPS,epwt_fg6,Sugar and Syrups,7,40.974283,39.902108,17016,189080079.98,1.129033,2018|2019|2021
REGION:Central Luzon::FATS_OILS,All surveyed individuals,REGION,Central Luzon,,,REGION,FATS_OILS,epwt_fg23,Fats and Oils,8,69.080449,6.284413,17016,189080079.98,1.167105,2018|2019|2021
REGION:Central Luzon::EGGS,All surveyed individuals,REGION,Central Luzon,,,REGION,EGGS,epwt_fg18,Eggs,9,39.436333,17.16589,17016,189080079.98,1.268205,2018|2019|2021
REGION:Central Luzon::POULTRY,All surveyed individuals,REGION,Central Luzon,,,REGION,POULTRY,epwt_fg17,Poultry,10,30.979398,25.78807,17016,189080079.98,1.278935,2018|2019|2021
REGION:Central Luzon::GREEN_LEAFY_YELLOW_VEGETABLES,All surveyed individuals,REGION,Central Luzon,,,REGION,GREEN_LEAFY_YELLOW_VEGETABLES,epwt_fg9,Green Leafy and Yellow Vegetables,11,35.428195,10.265411,17016,189080079.98,0.706926,2018|2019|2021
REGION:Central Luzon::DRIED_BEANS,All surveyed individuals,REGION,Central Luzon,,,REGION,DRIED_BEANS,epwt_fg7,Dried Beans,12,27.893635,6.804824,17016,189080079.98,1.28146,2018|2019|2021
REGION:Central Luzon::WHOLE_MILK,All surveyed individuals,REGION,Central Luzon,,,REGION,WHOLE_MILK,epwt_fg20,Whole Milk,13,19.85411,13.75503,17016,189080079.98,1.432604,2018|2019|2021
REGION:Central Luzon::STARCHY_ROOTS_TUBERS,All surveyed individuals,REGION,Central Luzon,,,REGION,STARCHY_ROOTS_TUBERS,epwt_fg5,Starchy Roots and Tubers,14,13.731289,6.387997,17016,189080079.98,1.079557,2018|2019|2021
REGION:Central Luzon::OTHER_FRUITS,All surveyed individuals,REGION,Central Luzon,,,REGION,OTHER_FRUITS,epwt_fg13,Other Fruits,15,9.947087,10.059818,17016,189080079.98,0.698692,2018|2019|2021
REGION:Central Luzon::CONDIMENTS_SPICES,All surveyed individuals,REGION,Central Luzon,,,REGION,CONDIMENTS_SPICES,epwt_fg26,Condiments and Spices,16,19.509831,1.918525,17016,189080079.98,1.097365,2018|2019|2021
REGION:Central Luzon::OTHER_MISCELLANEOUS,All surveyed individuals,REGION,Central Luzon,,,REGION,OTHER_MISCELLANEOUS,epwt_fg27,Other Miscellaneous,17,12.615227,3.298771,17016,189080079.98,1.616454,2018|2019|2021
REGION:Central Luzon::MILK_PRODUCTS,All surveyed individuals,REGION,Central Luzon,,,REGION,MILK_PRODUCTS,epwt_fg21,Milk Products,18,6.06034,3.516153,17016,189080079.98,1.490168,2018|2019|2021
REGION:Central Luzon::VITAMIN_C_RICH_FRUITS,All surveyed individuals,REGION,Central Luzon,,,REGION,VITAMIN_C_RICH_FRUITS,epwt_fg12,Vitamin C-Rich Fruits,19,4.366236,1.87806,17016,189080079.98,0.734865,2018|2019|2021
REGION:Central Luzon::CORN_PRODUCTS,All surveyed individuals,REGION,Central Luzon,,,REGION,CORN_PRODUCTS,epwt_fg3,Corn and Products,20,4.216028,1.846277,17016,189080079.98,0.235386,2018|2019|2021
REGION:Central Visayas::RICE_PRODUCTS,All surveyed individuals,REGION,Central Visayas,,,REGION,RICE_PRODUCTS,epwt_fg2,Rice and Products,1,86.318704,202.567296,9068,96615830.035,0.923361,2018|2019|2021
REGION:Central Visayas::FISH_PRODUCTS,All surveyed individuals,REGION,Central Visayas,,,REGION,FISH_PRODUCTS,epwt_fg15,Fish and Fish Products,2,72.613309,50.530003,9068,96615830.035,1.160576,2018|2019|2021
REGION:Central Visayas::OTHER_CEREAL_PRODUCTS,All surveyed individuals,REGION,Central Visayas,,,REGION,OTHER_CEREAL_PRODUCTS,epwt_fg4,Other Cereal Products,3,55.027077,37.271198,9068,96615830.035,0.838942,2018|2019|2021
REGION:Central Visayas::MEAT_PRODUCTS,All surveyed individuals,REGION,Central Visayas,,,REGION,MEAT_PRODUCTS,epwt_fg16,Meat and Meat Products,4,39.108156,36.88204,9068,96615830.035,0.920669,2018|2019|2021
REGION:Central Visayas::GREEN_LEAFY_YELLOW_VEGETABLES,All surveyed individuals,REGION,Central Visayas,,,REGION,GREEN_LEAFY_YELLOW_VEGETABLES,epwt_fg9,Green Leafy and Yellow Vegetables,5,45.433962,16.332608,9068,96615830.035,1.124742,2018|2019|2021
REGION:Central Visayas::OTHER_VEGETABLES,All surveyed individuals,REGION,Central Visayas,,,REGION,OTHER_VEGETABLES,epwt_fg10,Other Vegetables,6,38.785363,22.98536,9068,96615830.035,0.812018,2018|2019|2021
REGION:Central Visayas::BEVERAGES,All surveyed individuals,REGION,Central Visayas,,,REGION,BEVERAGES,epwt_fg25,Beverages,7,38.331699,21.519135,9068,96615830.035,0.835252,2018|2019|2021
REGION:Central Visayas::SUGAR_SYRUPS,All surveyed individuals,REGION,Central Visayas,,,REGION,SUGAR_SYRUPS,epwt_fg6,Sugar and Syrups,8,30.733831,35.550647,9068,96615830.035,1.005908,2018|2019|2021
REGION:Central Visayas::FATS_OILS,All surveyed individuals,REGION,Central Visayas,,,REGION,FATS_OILS,epwt_fg23,Fats and Oils,9,62.067679,4.408316,9068,96615830.035,0.818687,2018|2019|2021
REGION:Central Visayas::CORN_PRODUCTS,All surveyed individuals,REGION,Central Visayas,,,REGION,CORN_PRODUCTS,epwt_fg3,Corn and Products,10,21.09312,28.652118,9068,96615830.035,3.652919,2018|2019|2021
REGION:Central Visayas::EGGS,All surveyed individuals,REGION,Central Visayas,,,REGION,EGGS,epwt_fg18,Eggs,11,28.001619,11.366509,9068,96615830.035,0.839751,2018|2019|2021
REGION:Central Visayas::POULTRY,All surveyed individuals,REGION,Central Visayas,,,REGION,POULTRY,epwt_fg17,Poultry,12,20.673398,16.898506,9068,96615830.035,0.838066,2018|2019|2021
REGION:Central Visayas::DRIED_BEANS,All surveyed individuals,REGION,Central Visayas,,,REGION,DRIED_BEANS,epwt_fg7,Dried Beans,13,21.696191,4.598592,9068,96615830.035,0.86599,2018|2019|2021
REGION:Central Visayas::WHOLE_MILK,All surveyed individuals,REGION,Central Visayas,,,REGION,WHOLE_MILK,epwt_fg20,Whole Milk,14,17.095486,7.480579,9068,96615830.035,0.779112,2018|2019|2021
REGION:Central Visayas::OTHER_FRUITS,All surveyed individuals,REGION,Central Visayas,,,REGION,OTHER_FRUITS,epwt_fg13,Other Fruits,15,10.565618,11.267714,9068,96615830.035,0.782585,2018|2019|2021
REGION:Central Visayas::CONDIMENTS_SPICES,All surveyed individuals,REGION,Central Visayas,,,REGION,CONDIMENTS_SPICES,epwt_fg26,Condiments and Spices,16,23.261349,1.847412,9068,96615830.035,1.056689,2018|2019|2021
REGION:Central Visayas::STARCHY_ROOTS_TUBERS,All surveyed individuals,REGION,Central Visayas,,,REGION,STARCHY_ROOTS_TUBERS,epwt_fg5,Starchy Roots and Tubers,17,10.331383,5.750693,9068,96615830.035,0.971854,2018|2019|2021
REGION:Central Visayas::OTHER_MISCELLANEOUS,All surveyed individuals,REGION,Central Visayas,,,REGION,OTHER_MISCELLANEOUS,epwt_fg27,Other Miscellaneous,18,1.732593,1.501785,9068,96615830.035,0.735901,2018|2019|2021
REGION:Central Visayas::VITAMIN_C_RICH_FRUITS,All surveyed individuals,REGION,Central Visayas,,,REGION,VITAMIN_C_RICH_FRUITS,epwt_fg12,Vitamin C-Rich Fruits,19,1.740543,1.398267,9068,96615830.035,0.547127,2018|2019|2021
REGION:Central Visayas::MILK_PRODUCTS,All surveyed individuals,REGION,Central Visayas,,,REGION,MILK_PRODUCTS,epwt_fg21,Milk Products,20,1.844262,1.107889,9068,96615830.035,0.46953,2018|2019|2021
REGION:Cordillera Administrative Region::RICE_PRODUCTS,All surveyed individuals,REGION,Cordillera Administrative Region,,,REGION,RICE_PRODUCTS,epwt_fg2,Rice and Products,1,98.855258,233.184905,14392,27811928.286,1.062925,2018|2019|2021
REGION:Cordillera Administrative Region::OTHER_CEREAL_PRODUCTS,All surveyed individuals,REGION,Cordillera Administrative Region,,,REGION,OTHER_CEREAL_PRODUCTS,epwt_fg4,Other Cereal Products,2,55.758884,41.371872,14392,27811928.286,0.931245,2018|2019|2021
REGION:Cordillera Administrative Region::OTHER_VEGETABLES,All surveyed individuals,REGION,Cordillera Administrative Region,,,REGION,OTHER_VEGETABLES,epwt_fg10,Other Vegetables,3,52.85059,48.679739,14392,27811928.286,1.719739,2018|2019|2021
REGION:Cordillera Administrative Region::MEAT_PRODUCTS,All surveyed individuals,REGION,Cordillera Administrative Region,,,REGION,MEAT_PRODUCTS,epwt_fg16,Meat and Meat Products,4,45.693252,53.101651,14392,27811928.286,1.325552,2018|2019|2021
REGION:Cordillera Administrative Region::BEVERAGES,All surveyed individuals,REGION,Cordillera Administrative Region,,,REGION,BEVERAGES,epwt_fg25,Beverages,5,53.946689,27.128989,14392,27811928.286,1.052995,2018|2019|2021
REGION:Cordillera Administrative Region::SUGAR_SYRUPS,All surveyed individuals,REGION,Cordillera Administrative Region,,,REGION,SUGAR_SYRUPS,epwt_fg6,Sugar and Syrups,6,46.967809,34.876905,14392,27811928.286,0.986844,2018|2019|2021
REGION:Cordillera Administrative Region::GREEN_LEAFY_YELLOW_VEGETABLES,All surveyed individuals,REGION,Cordillera Administrative Region,,,REGION,GREEN_LEAFY_YELLOW_VEGETABLES,epwt_fg9,Green Leafy and Yellow Vegetables,7,43.827109,22.966146,14392,27811928.286,1.581559,2018|2019|2021
REGION:Cordillera Administrative Region::FISH_PRODUCTS,All surveyed individuals,REGION,Cordillera Administrative Region,,,REGION,FISH_PRODUCTS,epwt_fg15,Fish and Fish Products,8,38.962568,23.845996,14392,27811928.286,0.547696,2018|2019|2021
REGION:Cordillera Administrative Region::POULTRY,All surveyed individuals,REGION,Cordillera Administrative Region,,,REGION,POULTRY,epwt_fg17,Poultry,9,27.540986,26.467089,14392,27811928.286,1.312611,2018|2019|2021
REGION:Cordillera Administrative Region::FATS_OILS,All surveyed individuals,REGION,Cordillera Administrative Region,,,REGION,FATS_OILS,epwt_fg23,Fats and Oils,10,51.314404,4.126806,14392,27811928.286,0.766407,2018|2019|2021
REGION:Cordillera Administrative Region::EGGS,All surveyed individuals,REGION,Cordillera Administrative Region,,,REGION,EGGS,epwt_fg18,Eggs,11,30.173621,14.313908,14392,27811928.286,1.057503,2018|2019|2021
REGION:Cordillera Administrative Region::DRIED_BEANS,All surveyed individuals,REGION,Cordillera Administrative Region,,,REGION,DRIED_BEANS,epwt_fg7,Dried Beans,12,23.22006,7.056672,14392,27811928.286,1.328887,2018|2019|2021
REGION:Cordillera Administrative Region::WHOLE_MILK,All surveyed individuals,REGION,Cordillera Administrative Region,,,REGION,WHOLE_MILK,epwt_fg20,Whole Milk,13,18.330538,7.396131,14392,27811928.286,0.770316,2018|2019|2021
REGION:Cordillera Administrative Region::STARCHY_ROOTS_TUBERS,All surveyed individuals,REGION,Cordillera Administrative Region,,,REGION,STARCHY_ROOTS_TUBERS,epwt_fg5,Starchy Roots and Tubers,14,13.061933,9.133463,14392,27811928.286,1.543534,2018|2019|2021
REGION:Cordillera Administrative Region::OTHER_FRUITS,All surveyed individuals,REGION,Cordillera Administrative Region,,,REGION,OTHER_FRUITS,epwt_fg13,Other Fruits,15,10.074471,11.933595,14392,27811928.286,0.828833,2018|2019|2021
REGION:Cordillera Administrative Region::OTHER_MISCELLANEOUS,All surveyed individuals,REGION,Cordillera Administrative Region,,,REGION,OTHER_MISCELLANEOUS,epwt_fg27,Other Miscellaneous,16,9.378649,1.919954,14392,27811928.286,0.940811,2018|2019|2021
REGION:Cordillera Administrative Region::VITAMIN_C_RICH_FRUITS,All surveyed individuals,REGION,Cordillera Administrative Region,,,REGION,VITAMIN_C_RICH_FRUITS,epwt_fg12,Vitamin C-Rich Fruits,17,5.241668,5.440821,14392,27811928.286,2.128935,2018|2019|2021
REGION:Cordillera Administrative Region::MILK_PRODUCTS,All surveyed individuals,REGION,Cordillera Administrative Region,,,REGION,MILK_PRODUCTS,epwt_fg21,Milk Products,18,4.918533,3.361989,14392,27811928.286,1.424832,2018|2019|2021
REGION:Cordillera Administrative Region::CONDIMENTS_SPICES,All surveyed individuals,REGION,Cordillera Administrative Region,,,REGION,CONDIMENTS_SPICES,epwt_fg26,Condiments and Spices,19,8.571983,0.677743,14392,27811928.286,0.387658,2018|2019|2021
REGION:Cordillera Administrative Region::CORN_PRODUCTS,All surveyed individuals,REGION,Cordillera Administrative Region,,,REGION,CORN_PRODUCTS,epwt_fg3,Corn and Products,20,2.854759,2.200586,14392,27811928.286,0.280557,2018|2019|2021
REGION:Davao Region::RICE_PRODUCTS,All surveyed individuals,REGION,Davao Region,,,REGION,RICE_PRODUCTS,epwt_fg2,Rice and Products,1,91.914164,227.148005,13687,101619672.613,1.035407,2018|2019|2021
REGION:Davao Region::FISH_PRODUCTS,All surveyed individuals,REGION,Davao Region,,,REGION,FISH_PRODUCTS,epwt_fg15,Fish and Fish Products,2,69.744885,45.258376,13687,101619672.613,1.039497,2018|2019|2021
REGION:Davao Region::OTHER_CEREAL_PRODUCTS,All surveyed individuals,REGION,Davao Region,,,REGION,OTHER_CEREAL_PRODUCTS,epwt_fg4,Other Cereal Products,3,53.471521,32.701021,13687,101619672.613,0.736072,2018|2019|2021
REGION:Davao Region::OTHER_VEGETABLES,All surveyed individuals,REGION,Davao Region,,,REGION,OTHER_VEGETABLES,epwt_fg10,Other Vegetables,4,49.627038,33.798771,13687,101619672.613,1.19403,2018|2019|2021
REGION:Davao Region::GREEN_LEAFY_YELLOW_VEGETABLES,All surveyed individuals,REGION,Davao Region,,,REGION,GREEN_LEAFY_YELLOW_VEGETABLES,epwt_fg9,Green Leafy and Yellow Vegetables,5,55.970506,21.285871,13687,101619672.613,1.465847,2018|2019|2021
REGION:Davao Region::SUGAR_SYRUPS,All surveyed individuals,REGION,Davao Region,,,REGION,SUGAR_SYRUPS,epwt_fg6,Sugar and Syrups,6,45.20821,35.85868,13687,101619672.613,1.014624,2018|2019|2021
REGION:Davao Region::BEVERAGES,All surveyed individuals,REGION,Davao Region,,,REGION,BEVERAGES,epwt_fg25,Beverages,7,49.182341,19.710169,13687,101619672.613,0.765038,2018|2019|2021
REGION:Davao Region::MEAT_PRODUCTS,All surveyed individuals,REGION,Davao Region,,,REGION,MEAT_PRODUCTS,epwt_fg16,Meat and Meat Products,8,34.772731,33.630713,13687,101619672.613,0.839508,2018|2019|2021
REGION:Davao Region::FATS_OILS,All surveyed individuals,REGION,Davao Region,,,REGION,FATS_OILS,epwt_fg23,Fats and Oils,9,62.894965,4.354952,13687,101619672.613,0.808777,2018|2019|2021
REGION:Davao Region::EGGS,All surveyed individuals,REGION,Davao Region,,,REGION,EGGS,epwt_fg18,Eggs,10,29.587462,12.745062,13687,101619672.613,0.941597,2018|2019|2021
REGION:Davao Region::POULTRY,All surveyed individuals,REGION,Davao Region,,,REGION,POULTRY,epwt_fg17,Poultry,11,22.180623,18.610541,13687,101619672.613,0.922972,2018|2019|2021
REGION:Davao Region::OTHER_FRUITS,All surveyed individuals,REGION,Davao Region,,,REGION,OTHER_FRUITS,epwt_fg13,Other Fruits,12,17.896718,24.968066,13687,101619672.613,1.734125,2018|2019|2021
REGION:Davao Region::WHOLE_MILK,All surveyed individuals,REGION,Davao Region,,,REGION,WHOLE_MILK,epwt_fg20,Whole Milk,13,20.840987,8.757218,13687,101619672.613,0.912075,2018|2019|2021
REGION:Davao Region::DRIED_BEANS,All surveyed individuals,REGION,Davao Region,,,REGION,DRIED_BEANS,epwt_fg7,Dried Beans,14,25.203506,4.213626,13687,101619672.613,0.793495,2018|2019|2021
REGION:Davao Region::CORN_PRODUCTS,All surveyed individuals,REGION,Davao Region,,,REGION,CORN_PRODUCTS,epwt_fg3,Corn and Products,15,11.735584,15.815159,13687,101619672.613,2.016308,2018|2019|2021
REGION:Davao Region::CONDIMENTS_SPICES,All surveyed individuals,REGION,Davao Region,,,REGION,CONDIMENTS_SPICES,epwt_fg26,Condiments and Spices,16,25.327268,2.274145,13687,101619672.613,1.300773,2018|2019|2021
REGION:Davao Region::STARCHY_ROOTS_TUBERS,All surveyed individuals,REGION,Davao Region,,,REGION,STARCHY_ROOTS_TUBERS,epwt_fg5,Starchy Roots and Tubers,17,10.27674,7.647381,13687,101619672.613,1.29239,2018|2019|2021
REGION:Davao Region::VITAMIN_C_RICH_FRUITS,All surveyed individuals,REGION,Davao Region,,,REGION,VITAMIN_C_RICH_FRUITS,epwt_fg12,Vitamin C-Rich Fruits,18,3.427594,2.729966,13687,101619672.613,1.068206,2018|2019|2021
REGION:Davao Region::OTHER_MISCELLANEOUS,All surveyed individuals,REGION,Davao Region,,,REGION,OTHER_MISCELLANEOUS,epwt_fg27,Other Miscellaneous,19,4.092704,1.577695,13687,101619672.613,0.773098,2018|2019|2021
REGION:Davao Region::MILK_PRODUCTS,All surveyed individuals,REGION,Davao Region,,,REGION,MILK_PRODUCTS,epwt_fg21,Milk Products,20,2.299864,1.174737,13687,101619672.613,0.497861,2018|2019|2021
REGION:Eastern Visayas::RICE_PRODUCTS,All surveyed individuals,REGION,Eastern Visayas,,,REGION,RICE_PRODUCTS,epwt_fg2,Rice and Products,1,98.992094,265.633891,18870,78341528.166,1.210837,2018|2019|2021
REGION:Eastern Visayas::FISH_PRODUCTS,All surveyed individuals,REGION,Eastern Visayas,,,REGION,FISH_PRODUCTS,epwt_fg15,Fish and Fish Products,2,76.409971,59.184156,18870,78341528.166,1.359346,2018|2019|2021
REGION:Eastern Visayas::OTHER_CEREAL_PRODUCTS,All surveyed individuals,REGION,Eastern Visayas,,,REGION,OTHER_CEREAL_PRODUCTS,epwt_fg4,Other Cereal Products,3,59.078796,47.626792,18870,78341528.166,1.072038,2018|2019|2021
REGION:Eastern Visayas::BEVERAGES,All surveyed individuals,REGION,Eastern Visayas,,,REGION,BEVERAGES,epwt_fg25,Beverages,4,53.114763,25.970768,18870,78341528.166,1.00804,2018|2019|2021
REGION:Eastern Visayas::FATS_OILS,All surveyed individuals,REGION,Eastern Visayas,,,REGION,FATS_OILS,epwt_fg23,Fats and Oils,5,63.941522,5.005835,18870,78341528.166,0.929655,2018|2019|2021
REGION:Eastern Visayas::SUGAR_SYRUPS,All surveyed individuals,REGION,Eastern Visayas,,,REGION,SUGAR_SYRUPS,epwt_fg6,Sugar and Syrups,6,34.988169,25.20431,18870,78341528.166,0.713158,2018|2019|2021
REGION:Eastern Visayas::MEAT_PRODUCTS,All surveyed individuals,REGION,Eastern Visayas,,,REGION,MEAT_PRODUCTS,epwt_fg16,Meat and Meat Products,7,29.984038,29.881785,18870,78341528.166,0.745925,2018|2019|2021
REGION:Eastern Visayas::OTHER_VEGETABLES,All surveyed individuals,REGION,Eastern Visayas,,,REGION,OTHER_VEGETABLES,epwt_fg10,Other Vegetables,8,32.422582,20.600462,18870,78341528.166,0.727765,2018|2019|2021
REGION:Eastern Visayas::GREEN_LEAFY_YELLOW_VEGETABLES,All surveyed individuals,REGION,Eastern Visayas,,,REGION,GREEN_LEAFY_YELLOW_VEGETABLES,epwt_fg9,Green Leafy and Yellow Vegetables,9,36.738356,13.846766,18870,78341528.166,0.953555,2018|2019|2021
REGION:Eastern Visayas::EGGS,All surveyed individuals,REGION,Eastern Visayas,,,REGION,EGGS,epwt_fg18,Eggs,10,22.920418,10.033141,18870,78341528.166,0.741242,2018|2019|2021
REGION:Eastern Visayas::POULTRY,All surveyed individuals,REGION,Eastern Visayas,,,REGION,POULTRY,epwt_fg17,Poultry,11,19.063233,14.8442,18870,78341528.166,0.736184,2018|2019|2021
REGION:Eastern Visayas::WHOLE_MILK,All surveyed individuals,REGION,Eastern Visayas,,,REGION,WHOLE_MILK,epwt_fg20,Whole Milk,12,16.274477,6.899186,18870,78341528.166,0.718559,2018|2019|2021
REGION:Eastern Visayas::CONDIMENTS_SPICES,All surveyed individuals,REGION,Eastern Visayas,,,REGION,CONDIMENTS_SPICES,epwt_fg26,Condiments and Spices,13,21.678886,1.734228,18870,78341528.166,0.99195,2018|2019|2021
REGION:Eastern Visayas::DRIED_BEANS,All surveyed individuals,REGION,Eastern Visayas,,,REGION,DRIED_BEANS,epwt_fg7,Dried Beans,14,16.237668,2.375947,18870,78341528.166,0.44743,2018|2019|2021
REGION:Eastern Visayas::OTHER_FRUITS,All surveyed individuals,REGION,Eastern Visayas,,,REGION,OTHER_FRUITS,epwt_fg13,Other Fruits,15,7.960396,9.902535,18870,78341528.166,0.687768,2018|2019|2021
REGION:Eastern Visayas::STARCHY_ROOTS_TUBERS,All surveyed individuals,REGION,Eastern Visayas,,,REGION,STARCHY_ROOTS_TUBERS,epwt_fg5,Starchy Roots and Tubers,16,5.881044,5.088994,18870,78341528.166,0.860028,2018|2019|2021
REGION:Eastern Visayas::OTHER_MISCELLANEOUS,All surveyed individuals,REGION,Eastern Visayas,,,REGION,OTHER_MISCELLANEOUS,epwt_fg27,Other Miscellaneous,17,3.348397,1.831729,18870,78341528.166,0.897579,2018|2019|2021
REGION:Eastern Visayas::CORN_PRODUCTS,All surveyed individuals,REGION,Eastern Visayas,,,REGION,CORN_PRODUCTS,epwt_fg3,Corn and Products,18,2.303988,1.314175,18870,78341528.166,0.167547,2018|2019|2021
REGION:Eastern Visayas::VITAMIN_C_RICH_FRUITS,All surveyed individuals,REGION,Eastern Visayas,,,REGION,VITAMIN_C_RICH_FRUITS,epwt_fg12,Vitamin C-Rich Fruits,19,1.819876,1.456105,18870,78341528.166,0.569758,2018|2019|2021
REGION:Eastern Visayas::MILK_PRODUCTS,All surveyed individuals,REGION,Eastern Visayas,,,REGION,MILK_PRODUCTS,epwt_fg21,Milk Products,20,1.960582,1.014829,18870,78341528.166,0.430091,2018|2019|2021
REGION:Ilocos Region::RICE_PRODUCTS,All surveyed individuals,REGION,Ilocos Region,,,REGION,RICE_PRODUCTS,epwt_fg2,Rice and Products,1,98.972321,208.774349,9122,88012165.427,0.951654,2019|2021
REGION:Ilocos Region::OTHER_CEREAL_PRODUCTS,All surveyed individuals,REGION,Ilocos Region,,,REGION,OTHER_CEREAL_PRODUCTS,epwt_fg4,Other Cereal Products,2,68.312302,45.527933,9122,88012165.427,1.024794,2019|2021
REGION:Ilocos Region::FISH_PRODUCTS,All surveyed individuals,REGION,Ilocos Region,,,REGION,FISH_PRODUCTS,epwt_fg15,Fish and Fish Products,3,57.965317,38.557754,9122,88012165.427,0.885597,2019|2021
REGION:Ilocos Region::BEVERAGES,All surveyed individuals,REGION,Ilocos Region,,,REGION,BEVERAGES,epwt_fg25,Beverages,4,57.022993,33.688991,9122,88012165.427,1.307618,2019|2021
REGION:Ilocos Region::MEAT_PRODUCTS,All surveyed individuals,REGION,Ilocos Region,,,REGION,MEAT_PRODUCTS,epwt_fg16,Meat and Meat Products,5,50.582191,51.139315,9122,88012165.427,1.276567,2019|2021
REGION:Ilocos Region::OTHER_VEGETABLES,All surveyed individuals,REGION,Ilocos Region,,,REGION,OTHER_VEGETABLES,epwt_fg10,Other Vegetables,6,53.257322,35.150567,9122,88012165.427,1.241786,2019|2021
REGION:Ilocos Region::SUGAR_SYRUPS,All surveyed individuals,REGION,Ilocos Region,,,REGION,SUGAR_SYRUPS,epwt_fg6,Sugar and Syrups,7,43.234197,56.266771,9122,88012165.427,1.592072,2019|2021
REGION:Ilocos Region::GREEN_LEAFY_YELLOW_VEGETABLES,All surveyed individuals,REGION,Ilocos Region,,,REGION,GREEN_LEAFY_YELLOW_VEGETABLES,epwt_fg9,Green Leafy and Yellow Vegetables,8,45.626016,12.750807,9122,88012165.427,0.878082,2019|2021
REGION:Ilocos Region::FATS_OILS,All surveyed individuals,REGION,Ilocos Region,,,REGION,FATS_OILS,epwt_fg23,Fats and Oils,9,64.309643,4.701817,9122,88012165.427,0.873195,2019|2021
REGION:Ilocos Region::EGGS,All surveyed individuals,REGION,Ilocos Region,,,REGION,EGGS,epwt_fg18,Eggs,10,35.780484,15.541798,9122,88012165.427,1.148218,2019|2021
REGION:Ilocos Region::POULTRY,All surveyed individuals,REGION,Ilocos Region,,,REGION,POULTRY,epwt_fg17,Poultry,11,22.407433,18.233431,9122,88012165.427,0.90427,2019|2021
REGION:Ilocos Region::DRIED_BEANS,All surveyed individuals,REGION,Ilocos Region,,,REGION,DRIED_BEANS,epwt_fg7,Dried Beans,12,24.445675,6.392779,9122,88012165.427,1.203865,2019|2021
REGION:Ilocos Region::WHOLE_MILK,All surveyed individuals,REGION,Ilocos Region,,,REGION,WHOLE_MILK,epwt_fg20,Whole Milk,13,19.888894,9.8646,9122,88012165.427,1.02741,2019|2021
REGION:Ilocos Region::OTHER_FRUITS,All surveyed individuals,REGION,Ilocos Region,,,REGION,OTHER_FRUITS,epwt_fg13,Other Fruits,14,9.344141,9.771471,9122,88012165.427,0.678665,2019|2021
REGION:Ilocos Region::STARCHY_ROOTS_TUBERS,All surveyed individuals,REGION,Ilocos Region,,,REGION,STARCHY_ROOTS_TUBERS,epwt_fg5,Starchy Roots and Tubers,15,10.317716,4.409447,9122,88012165.427,0.745186,2019|2021
REGION:Ilocos Region::CONDIMENTS_SPICES,All surveyed individuals,REGION,Ilocos Region,,,REGION,CONDIMENTS_SPICES,epwt_fg26,Condiments and Spices,16,15.549054,1.284867,9122,88012165.427,0.734923,2019|2021
REGION:Ilocos Region::OTHER_MISCELLANEOUS,All surveyed individuals,REGION,Ilocos Region,,,REGION,OTHER_MISCELLANEOUS,epwt_fg27,Other Miscellaneous,17,10.369465,2.029299,9122,88012165.427,0.994391,2019|2021
REGION:Ilocos Region::MILK_PRODUCTS,All surveyed individuals,REGION,Ilocos Region,,,REGION,MILK_PRODUCTS,epwt_fg21,Milk Products,18,4.545358,3.303023,9122,88012165.427,1.399842,2019|2021
REGION:Ilocos Region::CORN_PRODUCTS,All surveyed individuals,REGION,Ilocos Region,,,REGION,CORN_PRODUCTS,epwt_fg3,Corn and Products,19,3.240033,1.581401,9122,88012165.427,0.201616,2019|2021
REGION:Ilocos Region::VITAMIN_C_RICH_FRUITS,All surveyed individuals,REGION,Ilocos Region,,,REGION,VITAMIN_C_RICH_FRUITS,epwt_fg12,Vitamin C-Rich Fruits,20,3.126106,1.593103,9122,88012165.427,0.623364,2019|2021
REGION:MIMAROPA Region::RICE_PRODUCTS,All surveyed individuals,REGION,MIMAROPA Region,,,REGION,RICE_PRODUCTS,epwt_fg2,Rice and Products,1,99.072027,247.926226,14316,67730129.29,1.13012,2018|2019|2021
REGION:MIMAROPA Region::FISH_PRODUCTS,All surveyed individuals,REGION,MIMAROPA Region,,,REGION,FISH_PRODUCTS,epwt_fg15,Fish and Fish Products,2,72.709872,61.293793,14316,67730129.29,1.4078,2018|2019|2021
REGION:MIMAROPA Region::OTHER_CEREAL_PRODUCTS,All surveyed individuals,REGION,MIMAROPA Region,,,REGION,OTHER_CEREAL_PRODUCTS,epwt_fg4,Other Cereal Products,3,54.418422,39.260505,14316,67730129.29,0.88372,2018|2019|2021
REGION:MIMAROPA Region::BEVERAGES,All surveyed individuals,REGION,MIMAROPA Region,,,REGION,BEVERAGES,epwt_fg25,Beverages,4,53.998491,20.514052,14316,67730129.29,0.79624,2018|2019|2021
REGION:MIMAROPA Region::OTHER_VEGETABLES,All surveyed individuals,REGION,MIMAROPA Region,,,REGION,OTHER_VEGETABLES,epwt_fg10,Other Vegetables,5,42.832854,28.593191,14316,67730129.29,1.010129,2018|2019|2021
REGION:MIMAROPA Region::SUGAR_SYRUPS,All surveyed individuals,REGION,MIMAROPA Region,,,REGION,SUGAR_SYRUPS,epwt_fg6,Sugar and Syrups,6,41.498093,20.943278,14316,67730129.29,0.592591,2018|2019|2021
REGION:MIMAROPA Region::FATS_OILS,All surveyed individuals,REGION,MIMAROPA Region,,,REGION,FATS_OILS,epwt_fg23,Fats and Oils,7,65.384806,5.920151,14316,67730129.29,1.099456,2018|2019|2021
REGION:MIMAROPA Region::MEAT_PRODUCTS,All surveyed individuals,REGION,MIMAROPA Region,,,REGION,MEAT_PRODUCTS,epwt_fg16,Meat and Meat Products,8,30.278363,29.1074,14316,67730129.29,0.726595,2018|2019|2021
REGION:MIMAROPA Region::GREEN_LEAFY_YELLOW_VEGETABLES,All surveyed individuals,REGION,MIMAROPA Region,,,REGION,GREEN_LEAFY_YELLOW_VEGETABLES,epwt_fg9,Green Leafy and Yellow Vegetables,9,36.154568,11.497035,14316,67730129.29,0.791741,2018|2019|2021
REGION:MIMAROPA Region::EGGS,All surveyed individuals,REGION,MIMAROPA Region,,,REGION,EGGS,epwt_fg18,Eggs,10,25.526257,11.26047,14316,67730129.29,0.831916,2018|2019|2021
REGION:MIMAROPA Region::OTHER_FRUITS,All surveyed individuals,REGION,MIMAROPA Region,,,REGION,OTHER_FRUITS,epwt_fg13,Other Fruits,11,14.313964,17.812614,14316,67730129.29,1.237153,2018|2019|2021
REGION:MIMAROPA Region::WHOLE_MILK,All surveyed individuals,REGION,MIMAROPA Region,,,REGION,WHOLE_MILK,epwt_fg20,Whole Milk,12,17.792771,7.527467,14316,67730129.29,0.783995,2018|2019|2021
REGION:MIMAROPA Region::DRIED_BEANS,All surveyed individuals,REGION,MIMAROPA Region,,,REGION,DRIED_BEANS,epwt_fg7,Dried Beans,13,21.799038,4.31818,14316,67730129.29,0.813184,2018|2019|2021
REGION:MIMAROPA Region::POULTRY,All surveyed individuals,REGION,MIMAROPA Region,,,REGION,POULTRY,epwt_fg17,Poultry,14,13.44516,12.663564,14316,67730129.29,0.628038,2018|2019|2021
REGION:MIMAROPA Region::CONDIMENTS_SPICES,All surveyed individuals,REGION,MIMAROPA Region,,,REGION,CONDIMENTS_SPICES,epwt_fg26,Condiments and Spices,15,22.304811,1.852316,14316,67730129.29,1.059494,2018|2019|2021
REGION:MIMAROPA Region::STARCHY_ROOTS_TUBERS,All surveyed individuals,REGION,MIMAROPA Region,,,REGION,STARCHY_ROOTS_TUBERS,epwt_fg5,Starchy Roots and Tubers,16,9.689212,8.81356,14316,67730129.29,1.489471,2018|2019|2021
REGION:MIMAROPA Region::OTHER_MISCELLANEOUS,All surveyed individuals,REGION,MIMAROPA Region,,,REGION,OTHER_MISCELLANEOUS,epwt_fg27,Other Miscellaneous,17,8.169188,2.500734,14316,67730129.29,1.225403,2018|2019|2021
REGION:MIMAROPA Region::VITAMIN_C_RICH_FRUITS,All surveyed individuals,REGION,MIMAROPA Region,,,REGION,VITAMIN_C_RICH_FRUITS,epwt_fg12,Vitamin C-Rich Fruits,18,3.803692,2.616037,14316,67730129.29,1.023627,2018|2019|2021
REGION:MIMAROPA Region::MILK_PRODUCTS,All surveyed individuals,REGION,MIMAROPA Region,,,REGION,MILK_PRODUCTS,epwt_fg21,Milk Products,19,2.849032,1.612356,14316,67730129.29,0.683326,2018|2019|2021
REGION:MIMAROPA Region::CORN_PRODUCTS,All surveyed individuals,REGION,MIMAROPA Region,,,REGION,CORN_PRODUCTS,epwt_fg3,Corn and Products,20,2.568508,1.22784,14316,67730129.29,0.15654,2018|2019|2021
REGION:National Capital Region::RICE_PRODUCTS,All surveyed individuals,REGION,National Capital Region,,,REGION,RICE_PRODUCTS,epwt_fg2,Rice and Products,1,97.776673,201.275582,16873,162103313.122,0.917473,2018|2019|2021
REGION:National Capital Region::OTHER_CEREAL_PRODUCTS,All surveyed individuals,REGION,National Capital Region,,,REGION,OTHER_CEREAL_PRODUCTS,epwt_fg4,Other Cereal Products,2,75.015482,64.288274,16873,162103313.122,1.447073,2018|2019|2021
REGION:National Capital Region::MEAT_PRODUCTS,All surveyed individuals,REGION,National Capital Region,,,REGION,MEAT_PRODUCTS,epwt_fg16,Meat and Meat Products,3,61.85825,67.12387,16873,162103313.122,1.675582,2018|2019|2021
REGION:National Capital Region::BEVERAGES,All surveyed individuals,REGION,National Capital Region,,,REGION,BEVERAGES,epwt_fg25,Beverages,4,52.513157,45.636449,16873,162103313.122,1.771351,2018|2019|2021
REGION:National Capital Region::FISH_PRODUCTS,All surveyed individuals,REGION,National Capital Region,,,REGION,FISH_PRODUCTS,epwt_fg15,Fish and Fish Products,5,44.72017,29.596914,16873,162103313.122,0.679784,2018|2019|2021
REGION:National Capital Region::OTHER_VEGETABLES,All surveyed individuals,REGION,National Capital Region,,,REGION,OTHER_VEGETABLES,epwt_fg10,Other Vegetables,6,45.752509,26.084435,16873,162103313.122,0.921501,2018|2019|2021
REGION:National Capital Region::FATS_OILS,All surveyed individuals,REGION,National Capital Region,,,REGION,FATS_OILS,epwt_fg23,Fats and Oils,7,70.24316,6.84946,16873,162103313.122,1.272042,2018|2019|2021
REGION:National Capital Region::SUGAR_SYRUPS,All surveyed individuals,REGION,National Capital Region,,,REGION,SUGAR_SYRUPS,epwt_fg6,Sugar and Syrups,8,32.845072,46.625252,16873,162103313.122,1.319265,2018|2019|2021
REGION:National Capital Region::POULTRY,All surveyed individuals,REGION,National Capital Region,,,REGION,POULTRY,epwt_fg17,Poultry,9,34.842939,30.24199,16873,162103313.122,1.499823,2018|2019|2021
REGION:National Capital Region::EGGS,All surveyed individuals,REGION,National Capital Region,,,REGION,EGGS,epwt_fg18,Eggs,10,35.252882,16.439354,16873,162103313.122,1.214529,2018|2019|2021
REGION:National Capital Region::GREEN_LEAFY_YELLOW_VEGETABLES,All surveyed individuals,REGION,National Capital Region,,,REGION,GREEN_LEAFY_YELLOW_VEGETABLES,epwt_fg9,Green Leafy and Yellow Vegetables,11,35.757095,10.20287,16873,162103313.122,0.702619,2018|2019|2021
REGION:National Capital Region::DRIED_BEANS,All surveyed individuals,REGION,National Capital Region,,,REGION,DRIED_BEANS,epwt_fg7,Dried Beans,12,27.925989,8.225589,16873,162103313.122,1.549013,2018|2019|2021
REGION:National Capital Region::WHOLE_MILK,All surveyed individuals,REGION,National Capital Region,,,REGION,WHOLE_MILK,epwt_fg20,Whole Milk,13,21.30397,13.646469,16873,162103313.122,1.421297,2018|2019|2021
REGION:National Capital Region::OTHER_FRUITS,All surveyed individuals,REGION,National Capital Region,,,REGION,OTHER_FRUITS,epwt_fg13,Other Fruits,14,15.431541,16.6597,16873,162103313.122,1.157078,2018|2019|2021
REGION:National Capital Region::STARCHY_ROOTS_TUBERS,All surveyed individuals,REGION,National Capital Region,,,REGION,STARCHY_ROOTS_TUBERS,epwt_fg5,Starchy Roots and Tubers,15,16.615193,7.394732,16873,162103313.122,1.249693,2018|2019|2021
REGION:National Capital Region::CONDIMENTS_SPICES,All surveyed individuals,REGION,National Capital Region,,,REGION,CONDIMENTS_SPICES,epwt_fg26,Condiments and Spices,16,19.285664,2.210916,16873,162103313.122,1.264607,2018|2019|2021
REGION:National Capital Region::MILK_PRODUCTS,All surveyed individuals,REGION,National Capital Region,,,REGION,MILK_PRODUCTS,epwt_fg21,Milk Products,17,9.59525,5.096324,16873,162103313.122,2.159854,2018|2019|2021
REGION:National Capital Region::OTHER_MISCELLANEOUS,All surveyed individuals,REGION,National Capital Region,,,REGION,OTHER_MISCELLANEOUS,epwt_fg27,Other Miscellaneous,18,7.647569,3.417017,16873,162103313.122,1.674397,2018|2019|2021
REGION:National Capital Region::VITAMIN_C_RICH_FRUITS,All surveyed individuals,REGION,National Capital Region,,,REGION,VITAMIN_C_RICH_FRUITS,epwt_fg12,Vitamin C-Rich Fruits,19,4.595706,3.401749,16873,162103313.122,1.331068,2018|2019|2021
REGION:National Capital Region::CORN_PRODUCTS,All surveyed individuals,REGION,National Capital Region,,,REGION,CORN_PRODUCTS,epwt_fg3,Corn and Products,20,5.227651,2.380867,16873,162103313.122,0.303542,2018|2019|2021
REGION:Negros Island Region::RICE_PRODUCTS,All surveyed individuals,REGION,Negros Island Region,,,REGION,RICE_PRODUCTS,epwt_fg2,Rice and Products,1,89.456369,219.444827,6365,76837057.749,1.000294,2018|2021
REGION:Negros Island Region::FISH_PRODUCTS,All surveyed individuals,REGION,Negros Island Region,,,REGION,FISH_PRODUCTS,epwt_fg15,Fish and Fish Products,2,75.962897,57.788035,6365,76837057.749,1.327279,2018|2021
REGION:Negros Island Region::GREEN_LEAFY_YELLOW_VEGETABLES,All surveyed individuals,REGION,Negros Island Region,,,REGION,GREEN_LEAFY_YELLOW_VEGETABLES,epwt_fg9,Green Leafy and Yellow Vegetables,3,58.428454,27.961968,6365,76837057.749,1.925596,2018|2021
REGION:Negros Island Region::OTHER_CEREAL_PRODUCTS,All surveyed individuals,REGION,Negros Island Region,,,REGION,OTHER_CEREAL_PRODUCTS,epwt_fg4,Other Cereal Products,4,49.121389,32.827219,6365,76837057.749,0.738912,2018|2021
REGION:Negros Island Region::OTHER_VEGETABLES,All surveyed individuals,REGION,Negros Island Region,,,REGION,OTHER_VEGETABLES,epwt_fg10,Other Vegetables,5,44.21921,31.559823,6365,76837057.749,1.114934,2018|2021
REGION:Negros Island Region::SUGAR_SYRUPS,All surveyed individuals,REGION,Negros Island Region,,,REGION,SUGAR_SYRUPS,epwt_fg6,Sugar and Syrups,6,40.329645,23.771237,6365,76837057.749,0.672609,2018|2021
REGION:Negros Island Region::BEVERAGES,All surveyed individuals,REGION,Negros Island Region,,,REGION,BEVERAGES,epwt_fg25,Beverages,7,48.627541,13.156398,6365,76837057.749,0.510658,2018|2021
REGION:Negros Island Region::FATS_OILS,All surveyed individuals,REGION,Negros Island Region,,,REGION,FATS_OILS,epwt_fg23,Fats and Oils,8,56.619383,4.337567,6365,76837057.749,0.805548,2018|2021
REGION:Negros Island Region::MEAT_PRODUCTS,All surveyed individuals,REGION,Negros Island Region,,,REGION,MEAT_PRODUCTS,epwt_fg16,Meat and Meat Products,9,23.401332,19.933246,6365,76837057.749,0.497584,2018|2021
REGION:Negros Island Region::EGGS,All surveyed individuals,REGION,Negros Island Region,,,REGION,EGGS,epwt_fg18,Eggs,10,22.09318,10.013575,6365,76837057.749,0.739797,2018|2021
REGION:Negros Island Region::POULTRY,All surveyed individuals,REGION,Negros Island Region,,,REGION,POULTRY,epwt_fg17,Poultry,11,16.702251,13.984733,6365,76837057.749,0.69356,2018|2021
REGION:Negros Island Region::WHOLE_MILK,All surveyed individuals,REGION,Negros Island Region,,,REGION,WHOLE_MILK,epwt_fg20,Whole Milk,12,19.060812,6.932566,6365,76837057.749,0.722035,2018|2021
REGION:Negros Island Region::CORN_PRODUCTS,All surveyed individuals,REGION,Negros Island Region,,,REGION,CORN_PRODUCTS,epwt_fg3,Corn and Products,13,12.212736,18.758535,6365,76837057.749,2.391565,2018|2021
REGION:Negros Island Region::DRIED_BEANS,All surveyed individuals,REGION,Negros Island Region,,,REGION,DRIED_BEANS,epwt_fg7,Dried Beans,14,20.315385,4.330938,6365,76837057.749,0.815587,2018|2021
REGION:Negros Island Region::OTHER_FRUITS,All surveyed individuals,REGION,Negros Island Region,,,REGION,OTHER_FRUITS,epwt_fg13,Other Fruits,15,10.886291,12.991314,6365,76837057.749,0.902295,2018|2021
REGION:Negros Island Region::CONDIMENTS_SPICES,All surveyed individuals,REGION,Negros Island Region,,,REGION,CONDIMENTS_SPICES,epwt_fg26,Condiments and Spices,16,22.030972,1.785459,6365,76837057.749,1.021253,2018|2021
REGION:Negros Island Region::STARCHY_ROOTS_TUBERS,All surveyed individuals,REGION,Negros Island Region,,,REGION,STARCHY_ROOTS_TUBERS,epwt_fg5,Starchy Roots and Tubers,17,8.131051,6.183561,6365,76837057.749,1.045007,2018|2021
REGION:Negros Island Region::OTHER_MISCELLANEOUS,All surveyed individuals,REGION,Negros Island Region,,,REGION,OTHER_MISCELLANEOUS,epwt_fg27,Other Miscellaneous,18,4.637976,0.999836,6365,76837057.749,0.489937,2018|2021
REGION:Negros Island Region::MILK_PRODUCTS,All surveyed individuals,REGION,Negros Island Region,,,REGION,MILK_PRODUCTS,epwt_fg21,Milk Products,19,1.974342,1.475988,6365,76837057.749,0.625533,2018|2021
REGION:Negros Island Region::VITAMIN_C_RICH_FRUITS,All surveyed individuals,REGION,Negros Island Region,,,REGION,VITAMIN_C_RICH_FRUITS,epwt_fg12,Vitamin C-Rich Fruits,20,1.377063,1.101685,6365,76837057.749,0.431078,2018|2021
REGION:Northern Mindanao::RICE_PRODUCTS,All surveyed individuals,REGION,Northern Mindanao,,,REGION,RICE_PRODUCTS,epwt_fg2,Rice and Products,1,85.628015,211.724975,16165,104750159.564,0.965104,2018|2019|2021
REGION:Northern Mindanao::FISH_PRODUCTS,All surveyed individuals,REGION,Northern Mindanao,,,REGION,FISH_PRODUCTS,epwt_fg15,Fish and Fish Products,2,68.083833,42.90103,16165,104750159.564,0.985354,2018|2019|2021
REGION:Northern Mindanao::OTHER_CEREAL_PRODUCTS,All surveyed individuals,REGION,Northern Mindanao,,,REGION,OTHER_CEREAL_PRODUCTS,epwt_fg4,Other Cereal Products,3,50.584243,29.537133,16165,104750159.564,0.664855,2018|2019|2021
REGION:Northern Mindanao::SUGAR_SYRUPS,All surveyed individuals,REGION,Northern Mindanao,,,REGION,SUGAR_SYRUPS,epwt_fg6,Sugar and Syrups,4,40.154709,32.342077,16165,104750159.564,0.915121,2018|2019|2021
REGION:Northern Mindanao::OTHER_VEGETABLES,All surveyed individuals,REGION,Northern Mindanao,,,REGION,OTHER_VEGETABLES,epwt_fg10,Other Vegetables,5,39.986663,26.499647,16165,104750159.564,0.93617,2018|2019|2021
REGION:Northern Mindanao::GREEN_LEAFY_YELLOW_VEGETABLES,All surveyed individuals,REGION,Northern Mindanao,,,REGION,GREEN_LEAFY_YELLOW_VEGETABLES,epwt_fg9,Green Leafy and Yellow Vegetables,6,45.318513,16.672872,16165,104750159.564,1.148174,2018|2019|2021
REGION:Northern Mindanao::BEVERAGES,All surveyed individuals,REGION,Northern Mindanao,,,REGION,BEVERAGES,epwt_fg25,Beverages,7,41.186539,16.249218,16165,104750159.564,0.630704,2018|2019|2021
REGION:Northern Mindanao::MEAT_PRODUCTS,All surveyed individuals,REGION,Northern Mindanao,,,REGION,MEAT_PRODUCTS,epwt_fg16,Meat and Meat Products,8,32.923817,33.343492,16165,104750159.564,0.832338,2018|2019|2021
REGION:Northern Mindanao::FATS_OILS,All surveyed individuals,REGION,Northern Mindanao,,,REGION,FATS_OILS,epwt_fg23,Fats and Oils,9,59.324352,4.046582,16165,104750159.564,0.751508,2018|2019|2021
REGION:Northern Mindanao::EGGS,All surveyed individuals,REGION,Northern Mindanao,,,REGION,EGGS,epwt_fg18,Eggs,10,29.182961,12.340239,16165,104750159.564,0.911689,2018|2019|2021
REGION:Northern Mindanao::CORN_PRODUCTS,All surveyed individuals,REGION,Northern Mindanao,,,REGION,CORN_PRODUCTS,epwt_fg3,Corn and Products,11,19.788643,28.807879,16165,104750159.564,3.672777,2018|2019|2021
REGION:Northern Mindanao::POULTRY,All surveyed individuals,REGION,Northern Mindanao,,,REGION,POULTRY,epwt_fg17,Poultry,12,19.934824,16.434417,16165,104750159.564,0.81505,2018|2019|2021
REGION:Northern Mindanao::WHOLE_MILK,All surveyed individuals,REGION,Northern Mindanao,,,REGION,WHOLE_MILK,epwt_fg20,Whole Milk,13,21.270439,8.253294,16165,104750159.564,0.859591,2018|2019|2021
REGION:Northern Mindanao::OTHER_FRUITS,All surveyed individuals,REGION,Northern Mindanao,,,REGION,OTHER_FRUITS,epwt_fg13,Other Fruits,14,11.527468,14.336299,16165,104750159.564,0.995709,2018|2019|2021
REGION:Northern Mindanao::DRIED_BEANS,All surveyed individuals,REGION,Northern Mindanao,,,REGION,DRIED_BEANS,epwt_fg7,Dried Beans,15,21.08087,3.272288,16165,104750159.564,0.616226,2018|2019|2021
REGION:Northern Mindanao::CONDIMENTS_SPICES,All surveyed individuals,REGION,Northern Mindanao,,,REGION,CONDIMENTS_SPICES,epwt_fg26,Condiments and Spices,16,23.399416,1.929226,16165,104750159.564,1.103486,2018|2019|2021
REGION:Northern Mindanao::STARCHY_ROOTS_TUBERS,All surveyed individuals,REGION,Northern Mindanao,,,REGION,STARCHY_ROOTS_TUBERS,epwt_fg5,Starchy Roots and Tubers,17,7.904089,4.956719,16165,104750159.564,0.837674,2018|2019|2021
REGION:Northern Mindanao::VITAMIN_C_RICH_FRUITS,All surveyed individuals,REGION,Northern Mindanao,,,REGION,VITAMIN_C_RICH_FRUITS,epwt_fg12,Vitamin C-Rich Fruits,18,4.035075,5.773465,16165,104750159.564,2.259095,2018|2019|2021
REGION:Northern Mindanao::MILK_PRODUCTS,All surveyed individuals,REGION,Northern Mindanao,,,REGION,MILK_PRODUCTS,epwt_fg21,Milk Products,19,2.171301,1.544639,16165,104750159.564,0.654628,2018|2019|2021
REGION:Northern Mindanao::OTHER_MISCELLANEOUS,All surveyed individuals,REGION,Northern Mindanao,,,REGION,OTHER_MISCELLANEOUS,epwt_fg27,Other Miscellaneous,20,2.410256,1.166052,16165,104750159.564,0.571386,2018|2019|2021
REGION:SOCCSKSARGEN::RICE_PRODUCTS,All surveyed individuals,REGION,SOCCSKSARGEN,,,REGION,RICE_PRODUCTS,epwt_fg2,Rice and Products,1,97.710347,234.12102,12206,74510089.743,1.067192,2018|2019|2021
REGION:SOCCSKSARGEN::FISH_PRODUCTS,All surveyed individuals,REGION,SOCCSKSARGEN,,,REGION,FISH_PRODUCTS,epwt_fg15,Fish and Fish Products,2,70.283667,50.704799,12206,74510089.743,1.164591,2018|2019|2021
REGION:SOCCSKSARGEN::OTHER_VEGETABLES,All surveyed individuals,REGION,SOCCSKSARGEN,,,REGION,OTHER_VEGETABLES,epwt_fg10,Other Vegetables,3,46.503107,29.975932,12206,74510089.743,1.058978,2018|2019|2021
REGION:SOCCSKSARGEN::SUGAR_SYRUPS,All surveyed individuals,REGION,SOCCSKSARGEN,,,REGION,SUGAR_SYRUPS,epwt_fg6,Sugar and Syrups,4,44.087589,35.822709,12206,74510089.743,1.013606,2018|2019|2021
REGION:SOCCSKSARGEN::OTHER_CEREAL_PRODUCTS,All surveyed individuals,REGION,SOCCSKSARGEN,,,REGION,OTHER_CEREAL_PRODUCTS,epwt_fg4,Other Cereal Products,5,45.324678,25.402637,12206,74510089.743,0.571791,2018|2019|2021
REGION:SOCCSKSARGEN::GREEN_LEAFY_YELLOW_VEGETABLES,All surveyed individuals,REGION,SOCCSKSARGEN,,,REGION,GREEN_LEAFY_YELLOW_VEGETABLES,epwt_fg9,Green Leafy and Yellow Vegetables,6,49.616359,17.906279,12206,74510089.743,1.233112,2018|2019|2021
REGION:SOCCSKSARGEN::BEVERAGES,All surveyed individuals,REGION,SOCCSKSARGEN,,,REGION,BEVERAGES,epwt_fg25,Beverages,7,46.91093,15.241453,12206,74510089.743,0.591588,2018|2019|2021
REGION:SOCCSKSARGEN::FATS_OILS,All surveyed individuals,REGION,SOCCSKSARGEN,,,REGION,FATS_OILS,epwt_fg23,Fats and Oils,8,58.419515,4.155338,12206,74510089.743,0.771706,2018|2019|2021
REGION:SOCCSKSARGEN::MEAT_PRODUCTS,All surveyed individuals,REGION,SOCCSKSARGEN,,,REGION,MEAT_PRODUCTS,epwt_fg16,Meat and Meat Products,9,23.954067,23.49322,12206,74510089.743,0.58645,2018|2019|2021
REGION:SOCCSKSARGEN::EGGS,All surveyed individuals,REGION,SOCCSKSARGEN,,,REGION,EGGS,epwt_fg18,Eggs,10,25.91432,12.17421,12206,74510089.743,0.899423,2018|2019|2021
REGION:SOCCSKSARGEN::POULTRY,All surveyed individuals,REGION,SOCCSKSARGEN,,,REGION,POULTRY,epwt_fg17,Poultry,11,20.849642,16.473735,12206,74510089.743,0.817,2018|2019|2021
REGION:SOCCSKSARGEN::OTHER_FRUITS,All surveyed individuals,REGION,SOCCSKSARGEN,,,REGION,OTHER_FRUITS,epwt_fg13,Other Fruits,12,17.096169,20.568681,12206,74510089.743,1.428572,2018|2019|2021
REGION:SOCCSKSARGEN::DRIED_BEANS,All surveyed individuals,REGION,SOCCSKSARGEN,,,REGION,DRIED_BEANS,epwt_fg7,Dried Beans,13,25.255131,3.544242,12206,74510089.743,0.667439,2018|2019|2021
REGION:SOCCSKSARGEN::WHOLE_MILK,All surveyed individuals,REGION,SOCCSKSARGEN,,,REGION,WHOLE_MILK,epwt_fg20,Whole Milk,14,16.506501,7.461377,12206,74510089.743,0.777112,2018|2019|2021
REGION:SOCCSKSARGEN::CONDIMENTS_SPICES,All surveyed individuals,REGION,SOCCSKSARGEN,,,REGION,CONDIMENTS_SPICES,epwt_fg26,Condiments and Spices,15,22.031138,1.650834,12206,74510089.743,0.94425,2018|2019|2021
REGION:SOCCSKSARGEN::STARCHY_ROOTS_TUBERS,All surveyed individuals,REGION,SOCCSKSARGEN,,,REGION,STARCHY_ROOTS_TUBERS,epwt_fg5,Starchy Roots and Tubers,16,5.973199,4.187022,12206,74510089.743,0.707597,2018|2019|2021
REGION:SOCCSKSARGEN::CORN_PRODUCTS,All surveyed individuals,REGION,SOCCSKSARGEN,,,REGION,CORN_PRODUCTS,epwt_fg3,Corn and Products,17,5.31485,5.07416,12206,74510089.743,0.646915,2018|2019|2021
REGION:SOCCSKSARGEN::VITAMIN_C_RICH_FRUITS,All surveyed individuals,REGION,SOCCSKSARGEN,,,REGION,VITAMIN_C_RICH_FRUITS,epwt_fg12,Vitamin C-Rich Fruits,18,2.700377,2.645533,12206,74510089.743,1.035169,2018|2019|2021
REGION:SOCCSKSARGEN::OTHER_MISCELLANEOUS,All surveyed individuals,REGION,SOCCSKSARGEN,,,REGION,OTHER_MISCELLANEOUS,epwt_fg27,Other Miscellaneous,19,2.402226,1.189086,12206,74510089.743,0.582673,2018|2019|2021
REGION:SOCCSKSARGEN::MILK_PRODUCTS,All surveyed individuals,REGION,SOCCSKSARGEN,,,REGION,MILK_PRODUCTS,epwt_fg21,Milk Products,20,1.931326,1.347929,12206,74510089.743,0.571261,2018|2019|2021
REGION:Western Visayas::RICE_PRODUCTS,All surveyed individuals,REGION,Western Visayas,,,REGION,RICE_PRODUCTS,epwt_fg2,Rice and Products,1,99.297233,259.510863,12975,90363890.802,1.182926,2018|2019
REGION:Western Visayas::FISH_PRODUCTS,All surveyed individuals,REGION,Western Visayas,,,REGION,FISH_PRODUCTS,epwt_fg15,Fish and Fish Products,2,72.836263,55.529515,12975,90363890.802,1.275406,2018|2019
REGION:Western Visayas::OTHER_CEREAL_PRODUCTS,All surveyed individuals,REGION,Western Visayas,,,REGION,OTHER_CEREAL_PRODUCTS,epwt_fg4,Other Cereal Products,3,48.999894,31.013858,12975,90363890.802,0.698095,2018|2019
REGION:Western Visayas::OTHER_VEGETABLES,All surveyed individuals,REGION,Western Visayas,,,REGION,OTHER_VEGETABLES,epwt_fg10,Other Vegetables,4,42.780165,25.903097,12975,90363890.802,0.915095,2018|2019
REGION:Western Visayas::BEVERAGES,All surveyed individuals,REGION,Western Visayas,,,REGION,BEVERAGES,epwt_fg25,Beverages,5,44.304825,19.745587,12975,90363890.802,0.766413,2018|2019
REGION:Western Visayas::SUGAR_SYRUPS,All surveyed individuals,REGION,Western Visayas,,,REGION,SUGAR_SYRUPS,epwt_fg6,Sugar and Syrups,6,34.699228,37.699689,12975,90363890.802,1.066715,2018|2019
REGION:Western Visayas::MEAT_PRODUCTS,All surveyed individuals,REGION,Western Visayas,,,REGION,MEAT_PRODUCTS,epwt_fg16,Meat and Meat Products,7,35.313137,34.486956,12975,90363890.802,0.860882,2018|2019
REGION:Western Visayas::GREEN_LEAFY_YELLOW_VEGETABLES,All surveyed individuals,REGION,Western Visayas,,,REGION,GREEN_LEAFY_YELLOW_VEGETABLES,epwt_fg9,Green Leafy and Yellow Vegetables,8,43.474558,15.684255,12975,90363890.802,1.080093,2018|2019
REGION:Western Visayas::FATS_OILS,All surveyed individuals,REGION,Western Visayas,,,REGION,FATS_OILS,epwt_fg23,Fats and Oils,9,62.023626,4.289651,12975,90363890.802,0.796649,2018|2019
REGION:Western Visayas::EGGS,All surveyed individuals,REGION,Western Visayas,,,REGION,EGGS,epwt_fg18,Eggs,10,28.32417,12.58888,12975,90363890.802,0.930059,2018|2019
REGION:Western Visayas::POULTRY,All surveyed individuals,REGION,Western Visayas,,,REGION,POULTRY,epwt_fg17,Poultry,11,20.277059,17.249005,12975,90363890.802,0.855448,2018|2019
REGION:Western Visayas::WHOLE_MILK,All surveyed individuals,REGION,Western Visayas,,,REGION,WHOLE_MILK,epwt_fg20,Whole Milk,12,16.323791,8.264164,12975,90363890.802,0.860723,2018|2019
REGION:Western Visayas::DRIED_BEANS,All surveyed individuals,REGION,Western Visayas,,,REGION,DRIED_BEANS,epwt_fg7,Dried Beans,13,18.519435,3.613275,12975,90363890.802,0.680439,2018|2019
REGION:Western Visayas::OTHER_FRUITS,All surveyed individuals,REGION,Western Visayas,,,REGION,OTHER_FRUITS,epwt_fg13,Other Fruits,14,9.381964,9.977571,12975,90363890.802,0.69298,2018|2019
REGION:Western Visayas::CONDIMENTS_SPICES,All surveyed individuals,REGION,Western Visayas,,,REGION,CONDIMENTS_SPICES,epwt_fg26,Condiments and Spices,15,14.648976,1.313359,12975,90363890.802,0.75122,2018|2019
REGION:Western Visayas::STARCHY_ROOTS_TUBERS,All surveyed individuals,REGION,Western Visayas,,,REGION,STARCHY_ROOTS_TUBERS,epwt_fg5,Starchy Roots and Tubers,16,4.723815,2.461083,12975,90363890.802,0.415917,2018|2019
REGION:Western Visayas::OTHER_MISCELLANEOUS,All surveyed individuals,REGION,Western Visayas,,,REGION,OTHER_MISCELLANEOUS,epwt_fg27,Other Miscellaneous,17,4.789854,1.169535,12975,90363890.802,0.573092,2018|2019
REGION:Western Visayas::MILK_PRODUCTS,All surveyed individuals,REGION,Western Visayas,,,REGION,MILK_PRODUCTS,epwt_fg21,Milk Products,18,2.408757,1.535059,12975,90363890.802,0.650568,2018|2019
REGION:Western Visayas::VITAMIN_C_RICH_FRUITS,All surveyed individuals,REGION,Western Visayas,,,REGION,VITAMIN_C_RICH_FRUITS,epwt_fg12,Vitamin C-Rich Fruits,19,1.470713,1.16763,12975,90363890.802,0.456881,2018|2019
REGION:Western Visayas::CORN_PRODUCTS,All surveyed individuals,REGION,Western Visayas,,,REGION,CORN_PRODUCTS,epwt_fg3,Corn and Products,20,1.581911,1.006758,12975,90363890.802,0.128354,2018|2019
REGION:Zamboanga Peninsula::RICE_PRODUCTS,All surveyed individuals,REGION,Zamboanga Peninsula,,,REGION,RICE_PRODUCTS,epwt_fg2,Rice and Products,1,82.502737,196.426891,10273,51686473.257,0.895371,2018|2019
REGION:Zamboanga Peninsula::FISH_PRODUCTS,All surveyed individuals,REGION,Zamboanga Peninsula,,,REGION,FISH_PRODUCTS,epwt_fg15,Fish and Fish Products,2,78.291139,60.818559,10273,51686473.257,1.396885,2018|2019
REGION:Zamboanga Peninsula::OTHER_CEREAL_PRODUCTS,All surveyed individuals,REGION,Zamboanga Peninsula,,,REGION,OTHER_CEREAL_PRODUCTS,epwt_fg4,Other Cereal Products,3,52.105926,30.860462,10273,51686473.257,0.694642,2018|2019
REGION:Zamboanga Peninsula::GREEN_LEAFY_YELLOW_VEGETABLES,All surveyed individuals,REGION,Zamboanga Peninsula,,,REGION,GREEN_LEAFY_YELLOW_VEGETABLES,epwt_fg9,Green Leafy and Yellow Vegetables,4,44.881766,18.845694,10273,51686473.257,1.297805,2018|2019
REGION:Zamboanga Peninsula::BEVERAGES,All surveyed individuals,REGION,Zamboanga Peninsula,,,REGION,BEVERAGES,epwt_fg25,Beverages,5,43.242042,15.554084,10273,51686473.257,0.603722,2018|2019
REGION:Zamboanga Peninsula::SUGAR_SYRUPS,All surveyed individuals,REGION,Zamboanga Peninsula,,,REGION,SUGAR_SYRUPS,epwt_fg6,Sugar and Syrups,6,35.337246,29.916537,10273,51686473.257,0.84649,2018|2019
REGION:Zamboanga Peninsula::OTHER_VEGETABLES,All surveyed individuals,REGION,Zamboanga Peninsula,,,REGION,OTHER_VEGETABLES,epwt_fg10,Other Vegetables,7,36.479054,23.344199,10273,51686473.257,0.824695,2018|2019
REGION:Zamboanga Peninsula::FATS_OILS,All surveyed individuals,REGION,Zamboanga Peninsula,,,REGION,FATS_OILS,epwt_fg23,Fats and Oils,8,60.405656,4.739247,10273,51686473.257,0.880146,2018|2019
REGION:Zamboanga Peninsula::CORN_PRODUCTS,All surveyed individuals,REGION,Zamboanga Peninsula,,,REGION,CORN_PRODUCTS,epwt_fg3,Corn and Products,9,23.028602,32.282513,10273,51686473.257,4.115766,2018|2019
REGION:Zamboanga Peninsula::MEAT_PRODUCTS,All surveyed individuals,REGION,Zamboanga Peninsula,,,REGION,MEAT_PRODUCTS,epwt_fg16,Meat and Meat Products,10,22.070953,21.838015,10273,51686473.257,0.545132,2018|2019
REGION:Zamboanga Peninsula::EGGS,All surveyed individuals,REGION,Zamboanga Peninsula,,,REGION,EGGS,epwt_fg18,Eggs,11,21.120856,8.760771,10273,51686473.257,0.64724,2018|2019
REGION:Zamboanga Peninsula::POULTRY,All surveyed individuals,REGION,Zamboanga Peninsula,,,REGION,POULTRY,epwt_fg17,Poultry,12,16.211373,14.022386,10273,51686473.257,0.695427,2018|2019
REGION:Zamboanga Peninsula::CONDIMENTS_SPICES,All surveyed individuals,REGION,Zamboanga Peninsula,,,REGION,CONDIMENTS_SPICES,epwt_fg26,Condiments and Spices,13,27.183787,2.512006,10273,51686473.257,1.436826,2018|2019
REGION:Zamboanga Peninsula::OTHER_FRUITS,All surveyed individuals,REGION,Zamboanga Peninsula,,,REGION,OTHER_FRUITS,epwt_fg13,Other Fruits,14,12.037889,15.334184,10273,51686473.257,1.065016,2018|2019
REGION:Zamboanga Peninsula::WHOLE_MILK,All surveyed individuals,REGION,Zamboanga Peninsula,,,REGION,WHOLE_MILK,epwt_fg20,Whole Milk,15,16.019405,6.898099,10273,51686473.257,0.718446,2018|2019
REGION:Zamboanga Peninsula::DRIED_BEANS,All surveyed individuals,REGION,Zamboanga Peninsula,,,REGION,DRIED_BEANS,epwt_fg7,Dried Beans,16,23.007406,3.110756,10273,51686473.257,0.585806,2018|2019
REGION:Zamboanga Peninsula::STARCHY_ROOTS_TUBERS,All surveyed individuals,REGION,Zamboanga Peninsula,,,REGION,STARCHY_ROOTS_TUBERS,epwt_fg5,Starchy Roots and Tubers,17,6.059561,4.459631,10273,51686473.257,0.753667,2018|2019
REGION:Zamboanga Peninsula::VITAMIN_C_RICH_FRUITS,All surveyed individuals,REGION,Zamboanga Peninsula,,,REGION,VITAMIN_C_RICH_FRUITS,epwt_fg12,Vitamin C-Rich Fruits,18,2.499632,2.437607,10273,51686473.257,0.953809,2018|2019
REGION:Zamboanga Peninsula::MILK_PRODUCTS,All surveyed individuals,REGION,Zamboanga Peninsula,,,REGION,MILK_PRODUCTS,epwt_fg21,Milk Products,19,1.347022,0.875953,10273,51686473.257,0.371234,2018|2019
REGION:Zamboanga Peninsula::OTHER_MISCELLANEOUS,All surveyed individuals,REGION,Zamboanga Peninsula,,,REGION,OTHER_MISCELLANEOUS,epwt_fg27,Other Miscellaneous,20,1.248046,0.773608,10273,51686473.257,0.379081,2018|2019
