meal_name,meal_type,asset_key,fallback_category,search_query,candidate_rank,review_status,provider,source_title,source_page_url,original_url,thumbnail_url,creator,credit,license,license_url,attribution_required,width,height,description,review_notes
Scrambled Egg and Rice Plate,BREAKFAST,meal/scrambled-egg-and-rice-plate,poultry-and-egg,egg rice Filipino food,1,NEEDS_VISUAL_REVIEW,WIKIMEDIA_COMMONS,File:Fried rice with egg (03-10-2021).jpg,https://commons.wikimedia.org/wiki/File:Fried_rice_with_egg_(03-10-2021).jpg,https://upload.wikimedia.org/wikipedia/commons/5/59/Fried_rice_with_egg_%2803-10-2021%29.jpg?utm_source=commons.wikimedia.org&utm_campaign=imageinfo&utm_content=original,https://thumb.wikimedia.org/wikipedia/commons/thumb/5/59/Fried_rice_with_egg_%2803-10-2021%29.jpg/960px-Fried_rice_with_egg_%2803-10-2021%29.jpg?utm_source=commons.wikimedia.org&utm_campaign=imageinfo&utm_content=thumbnail,PaulGorduiz106,Own work,CC BY-SA 4.0,https://creativecommons.org/licenses/by-sa/4.0,true,4608,3072,Fried rice with egg,
Scrambled Egg and Rice Plate,BREAKFAST,meal/scrambled-egg-and-rice-plate,poultry-and-egg,egg rice Filipino food,2,NEEDS_VISUAL_REVIEW,WIKIMEDIA_COMMONS,File:Chicken and egg fried rice.jpg,https://commons.wikimedia.org/wiki/File:Chicken_and_egg_fried_rice.jpg,https://upload.wikimedia.org/wikipedia/commons/c/cd/Chicken_and_egg_fried_rice.jpg?utm_source=commons.wikimedia.org&utm_campaign=imageinfo&utm_content=original,https://thumb.wikimedia.org/wikipedia/commons/thumb/c/cd/Chicken_and_egg_fried_rice.jpg/960px-Chicken_and_egg_fried_rice.jpg?utm_source=commons.wikimedia.org&utm_campaign=imageinfo&utm_content=thumbnail,abhinaya,Own work,CC BY-SA 4.0,https://creativecommons.org/licenses/by-sa/4.0,true,3264,2448,simple and long lasting taste.healthy and perfect for date.!!,
Scrambled Egg and Rice Plate,BREAKFAST,meal/scrambled-egg-and-rice-plate,poultry-and-egg,egg rice Filipino food,3,NEEDS_VISUAL_REVIEW,WIKIMEDIA_COMMONS,File:Boiled egg with rice.jpg,https://commons.wikimedia.org/wiki/File:Boiled_egg_with_rice.jpg,https://upload.wikimedia.org/wikipedia/commons/b/b3/Boiled_egg_with_rice.jpg?utm_source=commons.wikimedia.org&utm_campaign=imageinfo&utm_content=original,https://thumb.wikimedia.org/wikipedia/commons/thumb/b/b3/Boiled_egg_with_rice.jpg/960px-Boiled_egg_with_rice.jpg?utm_source=commons.wikimedia.org&utm_campaign=imageinfo&utm_content=thumbnail,Roderick Suñaz Sumalinog,Own work,CC BY-SA 4.0,https://creativecommons.org/licenses/by-sa/4.0,true,4608,3456,"A boiled egg is a culinary delight created by immersing an egg in boiling water until its white and yolk firm up, resulting in a versatile and nutritious protein-packed treat.",
Scrambled Egg and Rice Plate,BREAKFAST,meal/scrambled-egg-and-rice-plate,poultry-and-egg,egg rice Filipino food,4,NEEDS_VISUAL_REVIEW,WIKIMEDIA_COMMONS,"File:A bilao of salted egg, seafood, porkchop and fried rice.jpg","https://commons.wikimedia.org/wiki/File:A_bilao_of_salted_egg,_seafood,_porkchop_and_fried_rice.jpg",https://upload.wikimedia.org/wikipedia/commons/1/13/A_bilao_of_salted_egg%2C_seafood%2C_porkchop_and_fried_rice.jpg?utm_source=commons.wikimedia.org&utm_campaign=imageinfo&utm_content=original,https://thumb.wikimedia.org/wikipedia/commons/thumb/1/13/A_bilao_of_salted_egg%2C_seafood%2C_porkchop_and_fried_rice.jpg/960px-A_bilao_of_salted_egg%2C_seafood%2C_porkchop_and_fried_rice.jpg?utm_source=commons.wikimedia.org&utm_campaign=imageinfo&utm_content=thumbnail,Irvin Parco Sto. Tomas,Own work,CC BY-SA 4.0,https://creativecommons.org/licenses/by-sa/4.0,true,2712,1808,"a bilao of salted egg, seafood, porkchop and fried rice",
"Pandesal, Egg and Tomato Breakfast",BREAKFAST,meal/pandesal-egg-and-tomato-breakfast,poultry-and-egg,pandesal Filipino bread,1,NEEDS_VISUAL_REVIEW,WIKIMEDIA_COMMONS,File:Pinoy Pandesal.jpg,https://commons.wikimedia.org/wiki/File:Pinoy_Pandesal.jpg,https://upload.wikimedia.org/wikipedia/commons/4/48/Pinoy_Pandesal.jpg?utm_source=commons.wikimedia.org&utm_campaign=imageinfo&utm_content=original,https://thumb.wikimedia.org/wikipedia/commons/thumb/4/48/Pinoy_Pandesal.jpg/960px-Pinoy_Pandesal.jpg?utm_source=commons.wikimedia.org&utm_campaign=imageinfo&utm_content=thumbnail,Jessartcam,Own work,CC BY-SA 4.0,https://creativecommons.org/licenses/by-sa/4.0,true,5472,3648,"A Filipino style fluffy bread with simple taste. It can be paired with cheese, peanut butter, jam or egg. Pandesal and coffee or hot chocolate drink is a perfect combination for a simple breakfast.",
"Pandesal, Egg and Tomato Breakfast",BREAKFAST,meal/pandesal-egg-and-tomato-breakfast,poultry-and-egg,pandesal Filipino bread,2,NEEDS_VISUAL_REVIEW,WIKIMEDIA_COMMONS,File:Ube Pandesal (Filipino purple yam Bread roll).jpg,https://commons.wikimedia.org/wiki/File:Ube_Pandesal_(Filipino_purple_yam_Bread_roll).jpg,https://upload.wikimedia.org/wikipedia/commons/d/db/Ube_Pandesal_%28Filipino_purple_yam_Bread_roll%29.jpg?utm_source=commons.wikimedia.org&utm_campaign=imageinfo&utm_content=original,https://thumb.wikimedia.org/wikipedia/commons/thumb/d/db/Ube_Pandesal_%28Filipino_purple_yam_Bread_roll%29.jpg/960px-Ube_Pandesal_%28Filipino_purple_yam_Bread_roll%29.jpg?utm_source=commons.wikimedia.org&utm_campaign=imageinfo&utm_content=thumbnail,Ptrcparian,Own work,CC BY-SA 4.0,https://creativecommons.org/licenses/by-sa/4.0,true,1170,871,"A tasty treat, that is eaten for breakfast with a cup of coffee. A fusion of the pandesal and the favourite flavour of ube.",
Banana Peanut Butter Oatmeal,BREAKFAST,meal/banana-peanut-butter-oatmeal,breakfast,oatmeal bowl food,1,NEEDS_VISUAL_REVIEW,WIKIMEDIA_COMMONS,File:Oatmeal porridge with cheese.jpg,https://commons.wikimedia.org/wiki/File:Oatmeal_porridge_with_cheese.jpg,https://upload.wikimedia.org/wikipedia/commons/7/79/Oatmeal_porridge_with_cheese.jpg?utm_source=commons.wikimedia.org&utm_campaign=imageinfo&utm_content=original,https://thumb.wikimedia.org/wikipedia/commons/thumb/7/79/Oatmeal_porridge_with_cheese.jpg/960px-Oatmeal_porridge_with_cheese.jpg?utm_source=commons.wikimedia.org&utm_campaign=imageinfo&utm_content=thumbnail,JIP,Own work,CC BY-SA 4.0,https://creativecommons.org/licenses/by-sa/4.0,true,4608,3456,"A bowl of oatmeal porridge with slices of cheese eaten as a late night meal at a private apartment in Helsinki, Finland.",
Banana Peanut Butter Oatmeal,BREAKFAST,meal/banana-peanut-butter-oatmeal,breakfast,oatmeal bowl food,2,NEEDS_VISUAL_REVIEW,WIKIMEDIA_COMMONS,File:Oatmeal porridge and rye bread with cheese at night.jpg,https://commons.wikimedia.org/wiki/File:Oatmeal_porridge_and_rye_bread_with_cheese_at_night.jpg,https://upload.wikimedia.org/wikipedia/commons/b/bf/Oatmeal_porridge_and_rye_bread_with_cheese_at_night.jpg?utm_source=commons.wikimedia.org&utm_campaign=imageinfo&utm_content=original,https://thumb.wikimedia.org/wikipedia/commons/thumb/b/bf/Oatmeal_porridge_and_rye_bread_with_cheese_at_night.jpg/960px-Oatmeal_porridge_and_rye_bread_with_cheese_at_night.jpg?utm_source=commons.wikimedia.org&utm_campaign=imageinfo&utm_content=thumbnail,JIP,Own work,CC BY-SA 4.0,https://creativecommons.org/licenses/by-sa/4.0,true,4608,3456,A bowl of oatmeal porridge and a slice of rye bread with cheese as a late night snack.,
Banana Peanut Butter Oatmeal,BREAKFAST,meal/banana-peanut-butter-oatmeal,breakfast,oatmeal bowl food,3,NEEDS_VISUAL_REVIEW,WIKIMEDIA_COMMONS,File:Oatmeal (1).jpg,https://commons.wikimedia.org/wiki/File:Oatmeal_(1).jpg,https://upload.wikimedia.org/wikipedia/commons/6/67/Oatmeal_%281%29.jpg?utm_source=commons.wikimedia.org&utm_campaign=imageinfo&utm_content=original,https://thumb.wikimedia.org/wikipedia/commons/thumb/6/67/Oatmeal_%281%29.jpg/960px-Oatmeal_%281%29.jpg?utm_source=commons.wikimedia.org&utm_campaign=imageinfo&utm_content=thumbnail,Renee Comet (Photographer),"This image was released by the National Cancer Institute , an agency part of the National Institutes of Health , with the ID 2647 ( image ) (next) .",Public domain,,false,2700,1800,"Title Oatmeal Description A single bowl of cooked hot cereal, oatmeal with milk. Topics/Categories Food and Drink Type Color, Photo Source National Cancer Institute",
Papaya Milk Oatmeal,BREAKFAST,meal/papaya-milk-oatmeal,breakfast,oatmeal bowl food,1,NEEDS_VISUAL_REVIEW,WIKIMEDIA_COMMONS,File:Oatmeal porridge with cheese.jpg,https://commons.wikimedia.org/wiki/File:Oatmeal_porridge_with_cheese.jpg,https://upload.wikimedia.org/wikipedia/commons/7/79/Oatmeal_porridge_with_cheese.jpg?utm_source=commons.wikimedia.org&utm_campaign=imageinfo&utm_content=original,https://thumb.wikimedia.org/wikipedia/commons/thumb/7/79/Oatmeal_porridge_with_cheese.jpg/960px-Oatmeal_porridge_with_cheese.jpg?utm_source=commons.wikimedia.org&utm_campaign=imageinfo&utm_content=thumbnail,JIP,Own work,CC BY-SA 4.0,https://creativecommons.org/licenses/by-sa/4.0,true,4608,3456,"A bowl of oatmeal porridge with slices of cheese eaten as a late night meal at a private apartment in Helsinki, Finland.",
Papaya Milk Oatmeal,BREAKFAST,meal/papaya-milk-oatmeal,breakfast,oatmeal bowl food,2,NEEDS_VISUAL_REVIEW,WIKIMEDIA_COMMONS,File:Oatmeal porridge and rye bread with cheese at night.jpg,https://commons.wikimedia.org/wiki/File:Oatmeal_porridge_and_rye_bread_with_cheese_at_night.jpg,https://upload.wikimedia.org/wikipedia/commons/b/bf/Oatmeal_porridge_and_rye_bread_with_cheese_at_night.jpg?utm_source=commons.wikimedia.org&utm_campaign=imageinfo&utm_content=original,https://thumb.wikimedia.org/wikipedia/commons/thumb/b/bf/Oatmeal_porridge_and_rye_bread_with_cheese_at_night.jpg/960px-Oatmeal_porridge_and_rye_bread_with_cheese_at_night.jpg?utm_source=commons.wikimedia.org&utm_campaign=imageinfo&utm_content=thumbnail,JIP,Own work,CC BY-SA 4.0,https://creativecommons.org/licenses/by-sa/4.0,true,4608,3456,A bowl of oatmeal porridge and a slice of rye bread with cheese as a late night snack.,
Papaya Milk Oatmeal,BREAKFAST,meal/papaya-milk-oatmeal,breakfast,oatmeal bowl food,3,NEEDS_VISUAL_REVIEW,WIKIMEDIA_COMMONS,File:Oatmeal (1).jpg,https://commons.wikimedia.org/wiki/File:Oatmeal_(1).jpg,https://upload.wikimedia.org/wikipedia/commons/6/67/Oatmeal_%281%29.jpg?utm_source=commons.wikimedia.org&utm_campaign=imageinfo&utm_content=original,https://thumb.wikimedia.org/wikipedia/commons/thumb/6/67/Oatmeal_%281%29.jpg/960px-Oatmeal_%281%29.jpg?utm_source=commons.wikimedia.org&utm_campaign=imageinfo&utm_content=thumbnail,Renee Comet (Photographer),"This image was released by the National Cancer Institute , an agency part of the National Institutes of Health , with the ID 2647 ( image ) (next) .",Public domain,,false,2700,1800,"Title Oatmeal Description A single bowl of cooked hot cereal, oatmeal with milk. Topics/Categories Food and Drink Type Color, Photo Source National Cancer Institute",
Tuna Pandesal Sandwich,BREAKFAST,meal/tuna-pandesal-sandwich,seafood,pandesal Filipino bread,1,NEEDS_VISUAL_REVIEW,WIKIMEDIA_COMMONS,File:Pinoy Pandesal.jpg,https://commons.wikimedia.org/wiki/File:Pinoy_Pandesal.jpg,https://upload.wikimedia.org/wikipedia/commons/4/48/Pinoy_Pandesal.jpg?utm_source=commons.wikimedia.org&utm_campaign=imageinfo&utm_content=original,https://thumb.wikimedia.org/wikipedia/commons/thumb/4/48/Pinoy_Pandesal.jpg/960px-Pinoy_Pandesal.jpg?utm_source=commons.wikimedia.org&utm_campaign=imageinfo&utm_content=thumbnail,Jessartcam,Own work,CC BY-SA 4.0,https://creativecommons.org/licenses/by-sa/4.0,true,5472,3648,"A Filipino style fluffy bread with simple taste. It can be paired with cheese, peanut butter, jam or egg. Pandesal and coffee or hot chocolate drink is a perfect combination for a simple breakfast.",
Tuna Pandesal Sandwich,BREAKFAST,meal/tuna-pandesal-sandwich,seafood,pandesal Filipino bread,2,NEEDS_VISUAL_REVIEW,WIKIMEDIA_COMMONS,File:Ube Pandesal (Filipino purple yam Bread roll).jpg,https://commons.wikimedia.org/wiki/File:Ube_Pandesal_(Filipino_purple_yam_Bread_roll).jpg,https://upload.wikimedia.org/wikipedia/commons/d/db/Ube_Pandesal_%28Filipino_purple_yam_Bread_roll%29.jpg?utm_source=commons.wikimedia.org&utm_campaign=imageinfo&utm_content=original,https://thumb.wikimedia.org/wikipedia/commons/thumb/d/db/Ube_Pandesal_%28Filipino_purple_yam_Bread_roll%29.jpg/960px-Ube_Pandesal_%28Filipino_purple_yam_Bread_roll%29.jpg?utm_source=commons.wikimedia.org&utm_campaign=imageinfo&utm_content=thumbnail,Ptrcparian,Own work,CC BY-SA 4.0,https://creativecommons.org/licenses/by-sa/4.0,true,1170,871,"A tasty treat, that is eaten for breakfast with a cup of coffee. A fusion of the pandesal and the favourite flavour of ube.",
Tofu Tomato Breakfast Rice Bowl,BREAKFAST,meal/tofu-tomato-breakfast-rice-bowl,plant-based,tofu rice bowl food,1,NEEDS_VISUAL_REVIEW,WIKIMEDIA_COMMONS,File:Salt & Pepper Tofu Rice Bowl - Tiger Bites Pig 2025-11-20.jpg,https://commons.wikimedia.org/wiki/File:Salt_%26_Pepper_Tofu_Rice_Bowl_-_Tiger_Bites_Pig_2025-11-20.jpg,https://upload.wikimedia.org/wikipedia/commons/6/66/Salt_%26_Pepper_Tofu_Rice_Bowl_-_Tiger_Bites_Pig_2025-11-20.jpg?utm_source=commons.wikimedia.org&utm_campaign=imageinfo&utm_content=original,https://thumb.wikimedia.org/wikipedia/commons/thumb/6/66/Salt_%26_Pepper_Tofu_Rice_Bowl_-_Tiger_Bites_Pig_2025-11-20.jpg/960px-Salt_%26_Pepper_Tofu_Rice_Bowl_-_Tiger_Bites_Pig_2025-11-20.jpg?utm_source=commons.wikimedia.org&utm_campaign=imageinfo&utm_content=thumbnail,Andy Li,Own work,CC0,http://creativecommons.org/publicdomain/zero/1.0/deed.en,false,8160,6144,"Description on menu: ""Coated in sweet potato & rice starches, fried & seasoned with red sichuan salt""",
Tofu Tomato Breakfast Rice Bowl,BREAKFAST,meal/tofu-tomato-breakfast-rice-bowl,plant-based,tofu rice bowl food,2,NEEDS_VISUAL_REVIEW,WIKIMEDIA_COMMONS,File:House Special Tofu & Mushroom - The Big Bowl 2023-10-25.jpg,https://commons.wikimedia.org/wiki/File:House_Special_Tofu_%26_Mushroom_-_The_Big_Bowl_2023-10-25.jpg,https://upload.wikimedia.org/wikipedia/commons/9/94/House_Special_Tofu_%26_Mushroom_-_The_Big_Bowl_2023-10-25.jpg?utm_source=commons.wikimedia.org&utm_campaign=imageinfo&utm_content=original,https://thumb.wikimedia.org/wikipedia/commons/thumb/9/94/House_Special_Tofu_%26_Mushroom_-_The_Big_Bowl_2023-10-25.jpg/960px-House_Special_Tofu_%26_Mushroom_-_The_Big_Bowl_2023-10-25.jpg?utm_source=commons.wikimedia.org&utm_campaign=imageinfo&utm_content=thumbnail,Andy Li,Own work,CC0,http://creativecommons.org/publicdomain/zero/1.0/deed.en,false,4032,3024,"Description on menu: House Specials - ""Round rice noodles in a lemongrass soup with a 'Hue-Style' hot & spicy beef broth.""",
Tofu Tomato Breakfast Rice Bowl,BREAKFAST,meal/tofu-tomato-breakfast-rice-bowl,plant-based,tofu rice bowl food,3,NEEDS_VISUAL_REVIEW,WIKIMEDIA_COMMONS,File:HK SSP 深水埗 Sham Shui Po 元州街 Un Chau Street 桂林街 50 Kweilin Street 同德大廈 Tung Tak Building 大碗飯皇 Big Bowl Rice King Food shop April 2022 Px3 07.jpg,https://commons.wikimedia.org/wiki/File:HK_SSP_%E6%B7%B1%E6%B0%B4%E5%9F%97_Sham_Shui_Po_%E5%85%83%E5%B7%9E%E8%A1%97_Un_Chau_Street_%E6%A1%82%E6%9E%97%E8%A1%97_50_Kweilin_Street_%E5%90%8C%E5%BE%B7%E5%A4%A7%E5%BB%88_Tung_Tak_Building_%E5%A4%A7%E7%A2%97%E9%A3%AF%E7%9A%87_Big_Bowl_Rice_King_Food_shop_April_2022_Px3_07.jpg,https://upload.wikimedia.org/wikipedia/commons/a/ae/HK_SSP_%E6%B7%B1%E6%B0%B4%E5%9F%97_Sham_Shui_Po_%E5%85%83%E5%B7%9E%E8%A1%97_Un_Chau_Street_%E6%A1%82%E6%9E%97%E8%A1%97_50_Kweilin_Street_%E5%90%8C%E5%BE%B7%E5%A4%A7%E5%BB%88_Tung_Tak_Building_%E5%A4%A7%E7%A2%97%E9%A3%AF%E7%9A%87_Big_Bowl_Rice_King_Food_shop_April_2022_Px3_07.jpg?utm_source=commons.wikimedia.org&utm_campaign=imageinfo&utm_content=original,https://thumb.wikimedia.org/wikipedia/commons/thumb/a/ae/HK_SSP_%E6%B7%B1%E6%B0%B4%E5%9F%97_Sham_Shui_Po_%E5%85%83%E5%B7%9E%E8%A1%97_Un_Chau_Street_%E6%A1%82%E6%9E%97%E8%A1%97_50_Kweilin_Street_%E5%90%8C%E5%BE%B7%E5%A4%A7%E5%BB%88_Tung_Tak_Building_%E5%A4%A7%E7%A2%97%E9%A3%AF%E7%9A%87_Big_Bowl_Rice_King_Food_shop_April_2022_Px3_07.jpg/960px-thumbnail.jpg?utm_source=commons.wikimedia.org&utm_campaign=imageinfo&utm_content=thumbnail,Hung Shing Chiamz RM30216,Own work,CC BY-SA 4.0,https://creativecommons.org/licenses/by-sa/4.0,true,3000,4000,HK SSP zh:深水埗 Sham Shui Po zh:元州街 Un Chau Street zh:桂林街 50 Kweilin Street 同德大廈 Tung Tak Building 大碗飯皇 Big Bowl Rice King Food shop in April 2022 冬瓜豆卜炆火腩 Winter melon tofu braised pork,
Sardines and Rice Breakfast Plate,BREAKFAST,meal/sardines-and-rice-breakfast-plate,seafood,sardines rice Filipino food,1,NEEDS_VISUAL_REVIEW,WIKIMEDIA_COMMONS,File:08769jfCuisine Foods Fruits Philippines Baliuag Bulacanfvf 36.jpg,https://commons.wikimedia.org/wiki/File:08769jfCuisine_Foods_Fruits_Philippines_Baliuag_Bulacanfvf_36.jpg,https://upload.wikimedia.org/wikipedia/commons/5/57/08769jfCuisine_Foods_Fruits_Philippines_Baliuag_Bulacanfvf_36.jpg?utm_source=commons.wikimedia.org&utm_campaign=imageinfo&utm_content=original,https://thumb.wikimedia.org/wikipedia/commons/thumb/5/57/08769jfCuisine_Foods_Fruits_Philippines_Baliuag_Bulacanfvf_36.jpg/960px-08769jfCuisine_Foods_Fruits_Philippines_Baliuag_Bulacanfvf_36.jpg?utm_source=commons.wikimedia.org&utm_campaign=imageinfo&utm_content=thumbnail,Judgefloro,Own work,CC0,http://creativecommons.org/publicdomain/zero/1.0/deed.en,false,4608,3456,"Pandesal Puto Chicken gizzard pastel Adobo chicken feet Sinangag Fried rice in the Philipines Pork dishes in the Philippines Soup and stews in the Philippines photos taken in Barangay Poblacion 14°57'17""N 120°54'2""E Baliuag, Bulacan , Bulacan province (Note: Judge Florentino Floro, the owner, to repeat, Donor Florentino Floro of all these photos hereby donate gratuitously, freely and unconditionally all these photos to and for Wikimedia Commons, exclusively, for public use of the public domain, and again without any condition whatsoever).",
Sardines and Rice Breakfast Plate,BREAKFAST,meal/sardines-and-rice-breakfast-plate,seafood,sardines rice Filipino food,2,NEEDS_VISUAL_REVIEW,WIKIMEDIA_COMMONS,File:08769jfCuisine Foods Fruits Philippines Baliuag Bulacanfvf 45.jpg,https://commons.wikimedia.org/wiki/File:08769jfCuisine_Foods_Fruits_Philippines_Baliuag_Bulacanfvf_45.jpg,https://upload.wikimedia.org/wikipedia/commons/d/de/08769jfCuisine_Foods_Fruits_Philippines_Baliuag_Bulacanfvf_45.jpg?utm_source=commons.wikimedia.org&utm_campaign=imageinfo&utm_content=original,https://thumb.wikimedia.org/wikipedia/commons/thumb/d/de/08769jfCuisine_Foods_Fruits_Philippines_Baliuag_Bulacanfvf_45.jpg/960px-08769jfCuisine_Foods_Fruits_Philippines_Baliuag_Bulacanfvf_45.jpg?utm_source=commons.wikimedia.org&utm_campaign=imageinfo&utm_content=thumbnail,Judgefloro,Own work,CC0,http://creativecommons.org/publicdomain/zero/1.0/deed.en,false,4608,3456,"Pandesal Puto Chicken gizzard pastel Adobo chicken feet Sinangag Fried rice in the Philipines Pork dishes in the Philippines Soup and stews in the Philippines photos taken in Barangay Poblacion 14°57'17""N 120°54'2""E Baliuag, Bulacan , Bulacan province (Note: Judge Florentino Floro, the owner, to repeat, Donor Florentino Floro of all these photos hereby donate gratuitously, freely and unconditionally all these photos to and for Wikimedia Commons, exclusively, for public use of the public domain, and again without any condition whatsoever).",
Sardines and Rice Breakfast Plate,BREAKFAST,meal/sardines-and-rice-breakfast-plate,seafood,sardines rice Filipino food,3,NEEDS_VISUAL_REVIEW,WIKIMEDIA_COMMONS,File:08769jfCuisine Foods Fruits Philippines Baliuag Bulacanfvf 48.jpg,https://commons.wikimedia.org/wiki/File:08769jfCuisine_Foods_Fruits_Philippines_Baliuag_Bulacanfvf_48.jpg,https://upload.wikimedia.org/wikipedia/commons/4/40/08769jfCuisine_Foods_Fruits_Philippines_Baliuag_Bulacanfvf_48.jpg?utm_source=commons.wikimedia.org&utm_campaign=imageinfo&utm_content=original,https://thumb.wikimedia.org/wikipedia/commons/thumb/4/40/08769jfCuisine_Foods_Fruits_Philippines_Baliuag_Bulacanfvf_48.jpg/960px-08769jfCuisine_Foods_Fruits_Philippines_Baliuag_Bulacanfvf_48.jpg?utm_source=commons.wikimedia.org&utm_campaign=imageinfo&utm_content=thumbnail,Judgefloro,Own work,CC0,http://creativecommons.org/publicdomain/zero/1.0/deed.en,false,4608,3456,"Pandesal Puto Chicken gizzard pastel Adobo chicken feet Sinangag Fried rice in the Philipines Pork dishes in the Philippines Soup and stews in the Philippines photos taken in Barangay Poblacion 14°57'17""N 120°54'2""E Baliuag, Bulacan , Bulacan province (Note: Judge Florentino Floro, the owner, to repeat, Donor Florentino Floro of all these photos hereby donate gratuitously, freely and unconditionally all these photos to and for Wikimedia Commons, exclusively, for public use of the public domain, and again without any condition whatsoever).",
Sweet Potato and Egg Plate,BREAKFAST,meal/sweet-potato-and-egg-plate,poultry-and-egg,egg rice Filipino food,1,NEEDS_VISUAL_REVIEW,WIKIMEDIA_COMMONS,File:Fried rice with egg (03-10-2021).jpg,https://commons.wikimedia.org/wiki/File:Fried_rice_with_egg_(03-10-2021).jpg,https://upload.wikimedia.org/wikipedia/commons/5/59/Fried_rice_with_egg_%2803-10-2021%29.jpg?utm_source=commons.wikimedia.org&utm_campaign=imageinfo&utm_content=original,https://thumb.wikimedia.org/wikipedia/commons/thumb/5/59/Fried_rice_with_egg_%2803-10-2021%29.jpg/960px-Fried_rice_with_egg_%2803-10-2021%29.jpg?utm_source=commons.wikimedia.org&utm_campaign=imageinfo&utm_content=thumbnail,PaulGorduiz106,Own work,CC BY-SA 4.0,https://creativecommons.org/licenses/by-sa/4.0,true,4608,3072,Fried rice with egg,
Sweet Potato and Egg Plate,BREAKFAST,meal/sweet-potato-and-egg-plate,poultry-and-egg,egg rice Filipino food,2,NEEDS_VISUAL_REVIEW,WIKIMEDIA_COMMONS,File:Chicken and egg fried rice.jpg,https://commons.wikimedia.org/wiki/File:Chicken_and_egg_fried_rice.jpg,https://upload.wikimedia.org/wikipedia/commons/c/cd/Chicken_and_egg_fried_rice.jpg?utm_source=commons.wikimedia.org&utm_campaign=imageinfo&utm_content=original,https://thumb.wikimedia.org/wikipedia/commons/thumb/c/cd/Chicken_and_egg_fried_rice.jpg/960px-Chicken_and_egg_fried_rice.jpg?utm_source=commons.wikimedia.org&utm_campaign=imageinfo&utm_content=thumbnail,abhinaya,Own work,CC BY-SA 4.0,https://creativecommons.org/licenses/by-sa/4.0,true,3264,2448,simple and long lasting taste.healthy and perfect for date.!!,
Sweet Potato and Egg Plate,BREAKFAST,meal/sweet-potato-and-egg-plate,poultry-and-egg,egg rice Filipino food,3,NEEDS_VISUAL_REVIEW,WIKIMEDIA_COMMONS,File:Boiled egg with rice.jpg,https://commons.wikimedia.org/wiki/File:Boiled_egg_with_rice.jpg,https://upload.wikimedia.org/wikipedia/commons/b/b3/Boiled_egg_with_rice.jpg?utm_source=commons.wikimedia.org&utm_campaign=imageinfo&utm_content=original,https://thumb.wikimedia.org/wikipedia/commons/thumb/b/b3/Boiled_egg_with_rice.jpg/960px-Boiled_egg_with_rice.jpg?utm_source=commons.wikimedia.org&utm_campaign=imageinfo&utm_content=thumbnail,Roderick Suñaz Sumalinog,Own work,CC BY-SA 4.0,https://creativecommons.org/licenses/by-sa/4.0,true,4608,3456,"A boiled egg is a culinary delight created by immersing an egg in boiling water until its white and yolk firm up, resulting in a versatile and nutritious protein-packed treat.",
Sweet Potato and Egg Plate,BREAKFAST,meal/sweet-potato-and-egg-plate,poultry-and-egg,egg rice Filipino food,4,NEEDS_VISUAL_REVIEW,WIKIMEDIA_COMMONS,"File:A bilao of salted egg, seafood, porkchop and fried rice.jpg","https://commons.wikimedia.org/wiki/File:A_bilao_of_salted_egg,_seafood,_porkchop_and_fried_rice.jpg",https://upload.wikimedia.org/wikipedia/commons/1/13/A_bilao_of_salted_egg%2C_seafood%2C_porkchop_and_fried_rice.jpg?utm_source=commons.wikimedia.org&utm_campaign=imageinfo&utm_content=original,https://thumb.wikimedia.org/wikipedia/commons/thumb/1/13/A_bilao_of_salted_egg%2C_seafood%2C_porkchop_and_fried_rice.jpg/960px-A_bilao_of_salted_egg%2C_seafood%2C_porkchop_and_fried_rice.jpg?utm_source=commons.wikimedia.org&utm_campaign=imageinfo&utm_content=thumbnail,Irvin Parco Sto. Tomas,Own work,CC BY-SA 4.0,https://creativecommons.org/licenses/by-sa/4.0,true,2712,1808,"a bilao of salted egg, seafood, porkchop and fried rice",
Corn and Egg Breakfast Bowl,BREAKFAST,meal/corn-and-egg-breakfast-bowl,poultry-and-egg,egg rice Filipino food,1,NEEDS_VISUAL_REVIEW,WIKIMEDIA_COMMONS,File:Fried rice with egg (03-10-2021).jpg,https://commons.wikimedia.org/wiki/File:Fried_rice_with_egg_(03-10-2021).jpg,https://upload.wikimedia.org/wikipedia/commons/5/59/Fried_rice_with_egg_%2803-10-2021%29.jpg?utm_source=commons.wikimedia.org&utm_campaign=imageinfo&utm_content=original,https://thumb.wikimedia.org/wikipedia/commons/thumb/5/59/Fried_rice_with_egg_%2803-10-2021%29.jpg/960px-Fried_rice_with_egg_%2803-10-2021%29.jpg?utm_source=commons.wikimedia.org&utm_campaign=imageinfo&utm_content=thumbnail,PaulGorduiz106,Own work,CC BY-SA 4.0,https://creativecommons.org/licenses/by-sa/4.0,true,4608,3072,Fried rice with egg,
Corn and Egg Breakfast Bowl,BREAKFAST,meal/corn-and-egg-breakfast-bowl,poultry-and-egg,egg rice Filipino food,2,NEEDS_VISUAL_REVIEW,WIKIMEDIA_COMMONS,File:Chicken and egg fried rice.jpg,https://commons.wikimedia.org/wiki/File:Chicken_and_egg_fried_rice.jpg,https://upload.wikimedia.org/wikipedia/commons/c/cd/Chicken_and_egg_fried_rice.jpg?utm_source=commons.wikimedia.org&utm_campaign=imageinfo&utm_content=original,https://thumb.wikimedia.org/wikipedia/commons/thumb/c/cd/Chicken_and_egg_fried_rice.jpg/960px-Chicken_and_egg_fried_rice.jpg?utm_source=commons.wikimedia.org&utm_campaign=imageinfo&utm_content=thumbnail,abhinaya,Own work,CC BY-SA 4.0,https://creativecommons.org/licenses/by-sa/4.0,true,3264,2448,simple and long lasting taste.healthy and perfect for date.!!,
Corn and Egg Breakfast Bowl,BREAKFAST,meal/corn-and-egg-breakfast-bowl,poultry-and-egg,egg rice Filipino food,3,NEEDS_VISUAL_REVIEW,WIKIMEDIA_COMMONS,"File:A bilao of salted egg, seafood, porkchop and fried rice.jpg","https://commons.wikimedia.org/wiki/File:A_bilao_of_salted_egg,_seafood,_porkchop_and_fried_rice.jpg",https://upload.wikimedia.org/wikipedia/commons/1/13/A_bilao_of_salted_egg%2C_seafood%2C_porkchop_and_fried_rice.jpg?utm_source=commons.wikimedia.org&utm_campaign=imageinfo&utm_content=original,https://thumb.wikimedia.org/wikipedia/commons/thumb/1/13/A_bilao_of_salted_egg%2C_seafood%2C_porkchop_and_fried_rice.jpg/960px-A_bilao_of_salted_egg%2C_seafood%2C_porkchop_and_fried_rice.jpg?utm_source=commons.wikimedia.org&utm_campaign=imageinfo&utm_content=thumbnail,Irvin Parco Sto. Tomas,Own work,CC BY-SA 4.0,https://creativecommons.org/licenses/by-sa/4.0,true,2712,1808,"a bilao of salted egg, seafood, porkchop and fried rice",
Corn and Egg Breakfast Bowl,BREAKFAST,meal/corn-and-egg-breakfast-bowl,poultry-and-egg,egg rice Filipino food,4,NEEDS_VISUAL_REVIEW,WIKIMEDIA_COMMONS,File:Boiled egg with rice.jpg,https://commons.wikimedia.org/wiki/File:Boiled_egg_with_rice.jpg,https://upload.wikimedia.org/wikipedia/commons/b/b3/Boiled_egg_with_rice.jpg?utm_source=commons.wikimedia.org&utm_campaign=imageinfo&utm_content=original,https://thumb.wikimedia.org/wikipedia/commons/thumb/b/b3/Boiled_egg_with_rice.jpg/960px-Boiled_egg_with_rice.jpg?utm_source=commons.wikimedia.org&utm_campaign=imageinfo&utm_content=thumbnail,Roderick Suñaz Sumalinog,Own work,CC BY-SA 4.0,https://creativecommons.org/licenses/by-sa/4.0,true,4608,3456,"A boiled egg is a culinary delight created by immersing an egg in boiling water until its white and yolk firm up, resulting in a versatile and nutritious protein-packed treat.",
Peanut Butter Pandesal with Apple,BREAKFAST,meal/peanut-butter-pandesal-with-apple,breakfast,pandesal Filipino bread,1,NEEDS_VISUAL_REVIEW,WIKIMEDIA_COMMONS,File:Pinoy Pandesal.jpg,https://commons.wikimedia.org/wiki/File:Pinoy_Pandesal.jpg,https://upload.wikimedia.org/wikipedia/commons/4/48/Pinoy_Pandesal.jpg?utm_source=commons.wikimedia.org&utm_campaign=imageinfo&utm_content=original,https://thumb.wikimedia.org/wikipedia/commons/thumb/4/48/Pinoy_Pandesal.jpg/960px-Pinoy_Pandesal.jpg?utm_source=commons.wikimedia.org&utm_campaign=imageinfo&utm_content=thumbnail,Jessartcam,Own work,CC BY-SA 4.0,https://creativecommons.org/licenses/by-sa/4.0,true,5472,3648,"A Filipino style fluffy bread with simple taste. It can be paired with cheese, peanut butter, jam or egg. Pandesal and coffee or hot chocolate drink is a perfect combination for a simple breakfast.",
Peanut Butter Pandesal with Apple,BREAKFAST,meal/peanut-butter-pandesal-with-apple,breakfast,pandesal Filipino bread,2,NEEDS_VISUAL_REVIEW,WIKIMEDIA_COMMONS,File:Ube Pandesal (Filipino purple yam Bread roll).jpg,https://commons.wikimedia.org/wiki/File:Ube_Pandesal_(Filipino_purple_yam_Bread_roll).jpg,https://upload.wikimedia.org/wikipedia/commons/d/db/Ube_Pandesal_%28Filipino_purple_yam_Bread_roll%29.jpg?utm_source=commons.wikimedia.org&utm_campaign=imageinfo&utm_content=original,https://thumb.wikimedia.org/wikipedia/commons/thumb/d/db/Ube_Pandesal_%28Filipino_purple_yam_Bread_roll%29.jpg/960px-Ube_Pandesal_%28Filipino_purple_yam_Bread_roll%29.jpg?utm_source=commons.wikimedia.org&utm_campaign=imageinfo&utm_content=thumbnail,Ptrcparian,Own work,CC BY-SA 4.0,https://creativecommons.org/licenses/by-sa/4.0,true,1170,871,"A tasty treat, that is eaten for breakfast with a cup of coffee. A fusion of the pandesal and the favourite flavour of ube.",
Sweet Potato Banana Breakfast Bowl,BREAKFAST,meal/sweet-potato-banana-breakfast-bowl,breakfast,sweet potato meal food,1,NEEDS_VISUAL_REVIEW,WIKIMEDIA_COMMONS,"File:Vegan meal, sweet potato, guacamole, fried mushrooms, plant based.jpg","https://commons.wikimedia.org/wiki/File:Vegan_meal,_sweet_potato,_guacamole,_fried_mushrooms,_plant_based.jpg",https://upload.wikimedia.org/wikipedia/commons/8/8d/Vegan_meal%2C_sweet_potato%2C_guacamole%2C_fried_mushrooms%2C_plant_based.jpg?utm_source=commons.wikimedia.org&utm_campaign=imageinfo&utm_content=original,https://thumb.wikimedia.org/wikipedia/commons/thumb/8/8d/Vegan_meal%2C_sweet_potato%2C_guacamole%2C_fried_mushrooms%2C_plant_based.jpg/960px-Vegan_meal%2C_sweet_potato%2C_guacamole%2C_fried_mushrooms%2C_plant_based.jpg?utm_source=commons.wikimedia.org&utm_campaign=imageinfo&utm_content=thumbnail,Nitsan Simantov,Own work,CC BY-SA 4.0,https://creativecommons.org/licenses/by-sa/4.0,true,3829,2595,Vegan food photo. Use as you wish.,
Sweet Potato Banana Breakfast Bowl,BREAKFAST,meal/sweet-potato-banana-breakfast-bowl,breakfast,sweet potato meal food,2,NEEDS_VISUAL_REVIEW,WIKIMEDIA_COMMONS,File:Bodybuilder meal prep.jpg,https://commons.wikimedia.org/wiki/File:Bodybuilder_meal_prep.jpg,https://upload.wikimedia.org/wikipedia/commons/3/31/Bodybuilder_meal_prep.jpg?utm_source=commons.wikimedia.org&utm_campaign=imageinfo&utm_content=original,https://thumb.wikimedia.org/wikipedia/commons/thumb/3/31/Bodybuilder_meal_prep.jpg/960px-Bodybuilder_meal_prep.jpg?utm_source=commons.wikimedia.org&utm_campaign=imageinfo&utm_content=thumbnail,Khane Rokhl Barazani,Own work,CC BY-SA 4.0,https://creativecommons.org/licenses/by-sa/4.0,true,3264,2448,"A meal of steamed sweet potatoes (both orange and white), steamed broccoli, and extra-lean ground turkey patties. These foods are typical of “meal prep” meals made by weightlifters and bodybuilders, because they are low in simple carbohydrates, low in fat, high in fibre, and high in protein.",
Sweet Potato Banana Breakfast Bowl,BREAKFAST,meal/sweet-potato-banana-breakfast-bowl,breakfast,sweet potato meal food,3,NEEDS_VISUAL_REVIEW,WIKIMEDIA_COMMONS,File:Halal Roast Chicken Leg + Roasted Sweet Potato - Foodilic 2024-03-25.jpg,https://commons.wikimedia.org/wiki/File:Halal_Roast_Chicken_Leg_%2B_Roasted_Sweet_Potato_-_Foodilic_2024-03-25.jpg,https://upload.wikimedia.org/wikipedia/commons/b/b4/Halal_Roast_Chicken_Leg_%2B_Roasted_Sweet_Potato_-_Foodilic_2024-03-25.jpg?utm_source=commons.wikimedia.org&utm_campaign=imageinfo&utm_content=original,https://thumb.wikimedia.org/wikipedia/commons/thumb/b/b4/Halal_Roast_Chicken_Leg_%2B_Roasted_Sweet_Potato_-_Foodilic_2024-03-25.jpg/960px-Halal_Roast_Chicken_Leg_%2B_Roasted_Sweet_Potato_-_Foodilic_2024-03-25.jpg?utm_source=commons.wikimedia.org&utm_campaign=imageinfo&utm_content=thumbnail,Andy Li,Own work,CC0,http://creativecommons.org/publicdomain/zero/1.0/deed.en,false,4032,3024,"Foodilic's 1 main + 1 salad meal. Description of Roasted Sweet Potato on menu: ""Kale, Fresh Red Chilli & Balsamic Vinegar Glaze""",
Sweet Potato Banana Breakfast Bowl,BREAKFAST,meal/sweet-potato-banana-breakfast-bowl,breakfast,sweet potato meal food,4,NEEDS_VISUAL_REVIEW,WIKIMEDIA_COMMONS,File:Liat Portal for Foodie Disorder - Tilapia with roasted zucchini and sweet potato.jpg,https://commons.wikimedia.org/wiki/File:Liat_Portal_for_Foodie_Disorder_-_Tilapia_with_roasted_zucchini_and_sweet_potato.jpg,https://upload.wikimedia.org/wikipedia/commons/a/a0/Liat_Portal_for_Foodie_Disorder_-_Tilapia_with_roasted_zucchini_and_sweet_potato.jpg?utm_source=commons.wikimedia.org&utm_campaign=imageinfo&utm_content=original,https://thumb.wikimedia.org/wikipedia/commons/thumb/a/a0/Liat_Portal_for_Foodie_Disorder_-_Tilapia_with_roasted_zucchini_and_sweet_potato.jpg/960px-Liat_Portal_for_Foodie_Disorder_-_Tilapia_with_roasted_zucchini_and_sweet_potato.jpg?utm_source=commons.wikimedia.org&utm_campaign=imageinfo&utm_content=thumbnail,HaJunkiyada,Own work,CC BY-SA 4.0,https://creativecommons.org/licenses/by-sa/4.0,true,3024,4032,"High-quality photograph by Liat Portal showing a baked tilapia fillet plated with roasted grey zucchini, also known as Israeli squash, and roasted sweet potato slices. The vegetables are evenly sliced and oven-roasted, arranged alongside the fish on a white plate. This dish was prepared and cooked by Liat Portal. This image documents a home-cooked fish and vegetable meal as part of the Foodie Disorder global food culture archive.",
Corn Papaya Breakfast Bowl,BREAKFAST,meal/corn-papaya-breakfast-bowl,breakfast,corn meal food,1,NEEDS_VISUAL_REVIEW,WIKIMEDIA_COMMONS,File:White soup and corn meal ( Nigerian food).jpg,https://commons.wikimedia.org/wiki/File:White_soup_and_corn_meal_(_Nigerian_food).jpg,https://upload.wikimedia.org/wikipedia/commons/0/0e/White_soup_and_corn_meal_%28_Nigerian_food%29.jpg?utm_source=commons.wikimedia.org&utm_campaign=imageinfo&utm_content=original,https://thumb.wikimedia.org/wikipedia/commons/thumb/0/0e/White_soup_and_corn_meal_%28_Nigerian_food%29.jpg/960px-White_soup_and_corn_meal_%28_Nigerian_food%29.jpg?utm_source=commons.wikimedia.org&utm_campaign=imageinfo&utm_content=thumbnail,Beendy234,Own work,CC BY-SA 4.0,https://creativecommons.org/licenses/by-sa/4.0,true,2583,1809,White soup and corn meal ( Nigerian food),
Corn Papaya Breakfast Bowl,BREAKFAST,meal/corn-papaya-breakfast-bowl,breakfast,corn meal food,2,NEEDS_VISUAL_REVIEW,WIKIMEDIA_COMMONS,File:Corned Beef and Fried Corn Meal.jpg,https://commons.wikimedia.org/wiki/File:Corned_Beef_and_Fried_Corn_Meal.jpg,https://upload.wikimedia.org/wikipedia/commons/e/e0/Corned_Beef_and_Fried_Corn_Meal.jpg?utm_source=commons.wikimedia.org&utm_campaign=imageinfo&utm_content=original,https://thumb.wikimedia.org/wikipedia/commons/thumb/e/e0/Corned_Beef_and_Fried_Corn_Meal.jpg/960px-Corned_Beef_and_Fried_Corn_Meal.jpg?utm_source=commons.wikimedia.org&utm_campaign=imageinfo&utm_content=thumbnail,Ralff Nestor Nacor,Own work,CC BY-SA 4.0,https://creativecommons.org/licenses/by-sa/4.0,true,4080,3072,Corned Beef and Fried Corn Meal,
Corn Papaya Breakfast Bowl,BREAKFAST,meal/corn-papaya-breakfast-bowl,breakfast,corn meal food,3,NEEDS_VISUAL_REVIEW,WIKIMEDIA_COMMONS,File:Corn Meal 01.jpg,https://commons.wikimedia.org/wiki/File:Corn_Meal_01.jpg,https://upload.wikimedia.org/wikipedia/commons/a/ac/Corn_Meal_01.jpg?utm_source=commons.wikimedia.org&utm_campaign=imageinfo&utm_content=original,https://thumb.wikimedia.org/wikipedia/commons/thumb/a/ac/Corn_Meal_01.jpg/960px-Corn_Meal_01.jpg?utm_source=commons.wikimedia.org&utm_campaign=imageinfo&utm_content=thumbnail,Coolbrizzy,Own work,CC BY-SA 4.0,https://creativecommons.org/licenses/by-sa/4.0,true,3048,4064,"This is an image with the theme "" Farm to Plate "" from:",
Corn Papaya Breakfast Bowl,BREAKFAST,meal/corn-papaya-breakfast-bowl,breakfast,corn meal food,4,NEEDS_VISUAL_REVIEW,WIKIMEDIA_COMMONS,File:Corn Meal 02.jpg,https://commons.wikimedia.org/wiki/File:Corn_Meal_02.jpg,https://upload.wikimedia.org/wikipedia/commons/5/58/Corn_Meal_02.jpg?utm_source=commons.wikimedia.org&utm_campaign=imageinfo&utm_content=original,https://thumb.wikimedia.org/wikipedia/commons/thumb/5/58/Corn_Meal_02.jpg/960px-Corn_Meal_02.jpg?utm_source=commons.wikimedia.org&utm_campaign=imageinfo&utm_content=thumbnail,Coolbrizzy,Own work,CC BY-SA 4.0,https://creativecommons.org/licenses/by-sa/4.0,true,3048,4064,"This is an image with the theme "" Farm to Plate "" from:",
Tofu Potato Tomato Breakfast,BREAKFAST,meal/tofu-potato-tomato-breakfast,plant-based,tofu rice bowl food,1,NEEDS_VISUAL_REVIEW,WIKIMEDIA_COMMONS,File:Salt & Pepper Tofu Rice Bowl - Tiger Bites Pig 2025-11-20.jpg,https://commons.wikimedia.org/wiki/File:Salt_%26_Pepper_Tofu_Rice_Bowl_-_Tiger_Bites_Pig_2025-11-20.jpg,https://upload.wikimedia.org/wikipedia/commons/6/66/Salt_%26_Pepper_Tofu_Rice_Bowl_-_Tiger_Bites_Pig_2025-11-20.jpg?utm_source=commons.wikimedia.org&utm_campaign=imageinfo&utm_content=original,https://thumb.wikimedia.org/wikipedia/commons/thumb/6/66/Salt_%26_Pepper_Tofu_Rice_Bowl_-_Tiger_Bites_Pig_2025-11-20.jpg/960px-Salt_%26_Pepper_Tofu_Rice_Bowl_-_Tiger_Bites_Pig_2025-11-20.jpg?utm_source=commons.wikimedia.org&utm_campaign=imageinfo&utm_content=thumbnail,Andy Li,Own work,CC0,http://creativecommons.org/publicdomain/zero/1.0/deed.en,false,8160,6144,"Description on menu: ""Coated in sweet potato & rice starches, fried & seasoned with red sichuan salt""",
Tofu Potato Tomato Breakfast,BREAKFAST,meal/tofu-potato-tomato-breakfast,plant-based,tofu rice bowl food,2,NEEDS_VISUAL_REVIEW,WIKIMEDIA_COMMONS,File:House Special Tofu & Mushroom - The Big Bowl 2023-10-25.jpg,https://commons.wikimedia.org/wiki/File:House_Special_Tofu_%26_Mushroom_-_The_Big_Bowl_2023-10-25.jpg,https://upload.wikimedia.org/wikipedia/commons/9/94/House_Special_Tofu_%26_Mushroom_-_The_Big_Bowl_2023-10-25.jpg?utm_source=commons.wikimedia.org&utm_campaign=imageinfo&utm_content=original,https://thumb.wikimedia.org/wikipedia/commons/thumb/9/94/House_Special_Tofu_%26_Mushroom_-_The_Big_Bowl_2023-10-25.jpg/960px-House_Special_Tofu_%26_Mushroom_-_The_Big_Bowl_2023-10-25.jpg?utm_source=commons.wikimedia.org&utm_campaign=imageinfo&utm_content=thumbnail,Andy Li,Own work,CC0,http://creativecommons.org/publicdomain/zero/1.0/deed.en,false,4032,3024,"Description on menu: House Specials - ""Round rice noodles in a lemongrass soup with a 'Hue-Style' hot & spicy beef broth.""",
Tofu Potato Tomato Breakfast,BREAKFAST,meal/tofu-potato-tomato-breakfast,plant-based,tofu rice bowl food,3,NEEDS_VISUAL_REVIEW,WIKIMEDIA_COMMONS,File:HK SSP 深水埗 Sham Shui Po 元州街 Un Chau Street 桂林街 50 Kweilin Street 同德大廈 Tung Tak Building 大碗飯皇 Big Bowl Rice King Food shop April 2022 Px3 07.jpg,https://commons.wikimedia.org/wiki/File:HK_SSP_%E6%B7%B1%E6%B0%B4%E5%9F%97_Sham_Shui_Po_%E5%85%83%E5%B7%9E%E8%A1%97_Un_Chau_Street_%E6%A1%82%E6%9E%97%E8%A1%97_50_Kweilin_Street_%E5%90%8C%E5%BE%B7%E5%A4%A7%E5%BB%88_Tung_Tak_Building_%E5%A4%A7%E7%A2%97%E9%A3%AF%E7%9A%87_Big_Bowl_Rice_King_Food_shop_April_2022_Px3_07.jpg,https://upload.wikimedia.org/wikipedia/commons/a/ae/HK_SSP_%E6%B7%B1%E6%B0%B4%E5%9F%97_Sham_Shui_Po_%E5%85%83%E5%B7%9E%E8%A1%97_Un_Chau_Street_%E6%A1%82%E6%9E%97%E8%A1%97_50_Kweilin_Street_%E5%90%8C%E5%BE%B7%E5%A4%A7%E5%BB%88_Tung_Tak_Building_%E5%A4%A7%E7%A2%97%E9%A3%AF%E7%9A%87_Big_Bowl_Rice_King_Food_shop_April_2022_Px3_07.jpg?utm_source=commons.wikimedia.org&utm_campaign=imageinfo&utm_content=original,https://thumb.wikimedia.org/wikipedia/commons/thumb/a/ae/HK_SSP_%E6%B7%B1%E6%B0%B4%E5%9F%97_Sham_Shui_Po_%E5%85%83%E5%B7%9E%E8%A1%97_Un_Chau_Street_%E6%A1%82%E6%9E%97%E8%A1%97_50_Kweilin_Street_%E5%90%8C%E5%BE%B7%E5%A4%A7%E5%BB%88_Tung_Tak_Building_%E5%A4%A7%E7%A2%97%E9%A3%AF%E7%9A%87_Big_Bowl_Rice_King_Food_shop_April_2022_Px3_07.jpg/960px-thumbnail.jpg?utm_source=commons.wikimedia.org&utm_campaign=imageinfo&utm_content=thumbnail,Hung Shing Chiamz RM30216,Own work,CC BY-SA 4.0,https://creativecommons.org/licenses/by-sa/4.0,true,3000,4000,HK SSP zh:深水埗 Sham Shui Po zh:元州街 Un Chau Street zh:桂林街 50 Kweilin Street 同德大廈 Tung Tak Building 大碗飯皇 Big Bowl Rice King Food shop in April 2022 冬瓜豆卜炆火腩 Winter melon tofu braised pork,
Chicken Rice and Pechay Bowl,LUNCH,meal/chicken-rice-and-pechay-bowl,poultry-and-egg,chicken rice bowl food,1,NEEDS_VISUAL_REVIEW,WIKIMEDIA_COMMONS,File:Teriyaki Chicken Rice Bowl from Botejyu (2024-12-21).jpg,https://commons.wikimedia.org/wiki/File:Teriyaki_Chicken_Rice_Bowl_from_Botejyu_(2024-12-21).jpg,https://upload.wikimedia.org/wikipedia/commons/5/5d/Teriyaki_Chicken_Rice_Bowl_from_Botejyu_%282024-12-21%29.jpg?utm_source=commons.wikimedia.org&utm_campaign=imageinfo&utm_content=original,https://thumb.wikimedia.org/wikipedia/commons/thumb/5/5d/Teriyaki_Chicken_Rice_Bowl_from_Botejyu_%282024-12-21%29.jpg/960px-Teriyaki_Chicken_Rice_Bowl_from_Botejyu_%282024-12-21%29.jpg?utm_source=commons.wikimedia.org&utm_campaign=imageinfo&utm_content=thumbnail,Wide Awake!,Own work,CC BY 4.0,https://creativecommons.org/licenses/by/4.0,true,4080,3072,Teriyaki Chicken Rice Bowl from Botejyu.,
Chicken Rice and Pechay Bowl,LUNCH,meal/chicken-rice-and-pechay-bowl,poultry-and-egg,chicken rice bowl food,2,NEEDS_VISUAL_REVIEW,WIKIMEDIA_COMMONS,File:Poulet Yassa Chicken rice with onion sauce.jpg,https://commons.wikimedia.org/wiki/File:Poulet_Yassa_Chicken_rice_with_onion_sauce.jpg,https://upload.wikimedia.org/wikipedia/commons/4/45/Poulet_Yassa_Chicken_rice_with_onion_sauce.jpg?utm_source=commons.wikimedia.org&utm_campaign=imageinfo&utm_content=original,https://upload.wikimedia.org/wikipedia/commons/4/45/Poulet_Yassa_Chicken_rice_with_onion_sauce.jpg?utm_source=commons.wikimedia.org&utm_campaign=imageinfo&utm_content=thumbnail_unscaled,T.K. Naliaka,Own work,CC BY-SA 4.0,https://creativecommons.org/licenses/by-sa/4.0,true,697,679,"A chicken and rice dish with a distinctive onion sauce. Traditionally eaten from a communal platter, with the onion sauce spooned on top of the rice just before eating. Many variations.",
Chicken Rice and Pechay Bowl,LUNCH,meal/chicken-rice-and-pechay-bowl,poultry-and-egg,chicken rice bowl food,3,NEEDS_VISUAL_REVIEW,WIKIMEDIA_COMMONS,File:Chicken Rice Bowl.jpg,https://commons.wikimedia.org/wiki/File:Chicken_Rice_Bowl.jpg,https://upload.wikimedia.org/wikipedia/commons/6/69/Chicken_Rice_Bowl.jpg?utm_source=commons.wikimedia.org&utm_campaign=imageinfo&utm_content=original,https://thumb.wikimedia.org/wikipedia/commons/thumb/6/69/Chicken_Rice_Bowl.jpg/960px-Chicken_Rice_Bowl.jpg?utm_source=commons.wikimedia.org&utm_campaign=imageinfo&utm_content=thumbnail,JaswanthKS,Own work,CC BY-SA 4.0,https://creativecommons.org/licenses/by-sa/4.0,true,2268,4032,Chicken rice bowl I tried it for the first time and it was just awesome. Well cooked rice and chicken,
Beef Rice Bowl with Cabbage,LUNCH,meal/beef-rice-bowl-with-cabbage,red-meat,beef rice bowl food,1,NEEDS_VISUAL_REVIEW,WIKIMEDIA_COMMONS,File:Braised Beef Shin Rice Bowl - Tiger Bites Pig 2025-09-17.jpg,https://commons.wikimedia.org/wiki/File:Braised_Beef_Shin_Rice_Bowl_-_Tiger_Bites_Pig_2025-09-17.jpg,https://upload.wikimedia.org/wikipedia/commons/9/9a/Braised_Beef_Shin_Rice_Bowl_-_Tiger_Bites_Pig_2025-09-17.jpg?utm_source=commons.wikimedia.org&utm_campaign=imageinfo&utm_content=original,https://thumb.wikimedia.org/wikipedia/commons/thumb/9/9a/Braised_Beef_Shin_Rice_Bowl_-_Tiger_Bites_Pig_2025-09-17.jpg/960px-Braised_Beef_Shin_Rice_Bowl_-_Tiger_Bites_Pig_2025-09-17.jpg?utm_source=commons.wikimedia.org&utm_campaign=imageinfo&utm_content=thumbnail,Andy Li,Own work,CC0,http://creativecommons.org/publicdomain/zero/1.0/deed.en,false,8160,6144,"Description on menu: ""Cooked overnight with chilli, soy & black vinegar. Served with a cured EGG yolk""",
Beef Rice Bowl with Cabbage,LUNCH,meal/beef-rice-bowl-with-cabbage,red-meat,beef rice bowl food,2,NEEDS_VISUAL_REVIEW,WIKIMEDIA_COMMONS,File:Beef & Tamagotoji Egg Rice Bowl from Botejyu (2024-08-04).jpg,https://commons.wikimedia.org/wiki/File:Beef_%26_Tamagotoji_Egg_Rice_Bowl_from_Botejyu_(2024-08-04).jpg,https://upload.wikimedia.org/wikipedia/commons/4/40/Beef_%26_Tamagotoji_Egg_Rice_Bowl_from_Botejyu_%282024-08-04%29.jpg?utm_source=commons.wikimedia.org&utm_campaign=imageinfo&utm_content=original,https://thumb.wikimedia.org/wikipedia/commons/thumb/4/40/Beef_%26_Tamagotoji_Egg_Rice_Bowl_from_Botejyu_%282024-08-04%29.jpg/960px-Beef_%26_Tamagotoji_Egg_Rice_Bowl_from_Botejyu_%282024-08-04%29.jpg?utm_source=commons.wikimedia.org&utm_campaign=imageinfo&utm_content=thumbnail,Wide Awake!,Own work,CC BY 4.0,https://creativecommons.org/licenses/by/4.0,true,4080,3072,Beef & Tamagotoji Egg Rice Bowl from Botejyu.,
Beef Rice Bowl with Cabbage,LUNCH,meal/beef-rice-bowl-with-cabbage,red-meat,beef rice bowl food,3,NEEDS_VISUAL_REVIEW,WIKIMEDIA_COMMONS,File:JP 日本 Japan 京都 Kyoto 四條 Shijo side Sukiya Restaurant food Gyudon 牛肉丼 beef toppings and rice bowl 1914pm June 2026 N13P 04.jpg,https://commons.wikimedia.org/wiki/File:JP_%E6%97%A5%E6%9C%AC_Japan_%E4%BA%AC%E9%83%BD_Kyoto_%E5%9B%9B%E6%A2%9D_Shijo_side_Sukiya_Restaurant_food_Gyudon_%E7%89%9B%E8%82%89%E4%B8%BC_beef_toppings_and_rice_bowl_1914pm_June_2026_N13P_04.jpg,https://upload.wikimedia.org/wikipedia/commons/6/63/JP_%E6%97%A5%E6%9C%AC_Japan_%E4%BA%AC%E9%83%BD_Kyoto_%E5%9B%9B%E6%A2%9D_Shijo_side_Sukiya_Restaurant_food_Gyudon_%E7%89%9B%E8%82%89%E4%B8%BC_beef_toppings_and_rice_bowl_1914pm_June_2026_N13P_04.jpg?utm_source=commons.wikimedia.org&utm_campaign=imageinfo&utm_content=original,https://thumb.wikimedia.org/wikipedia/commons/thumb/6/63/JP_%E6%97%A5%E6%9C%AC_Japan_%E4%BA%AC%E9%83%BD_Kyoto_%E5%9B%9B%E6%A2%9D_Shijo_side_Sukiya_Restaurant_food_Gyudon_%E7%89%9B%E8%82%89%E4%B8%BC_beef_toppings_and_rice_bowl_1914pm_June_2026_N13P_04.jpg/960px-JP_%E6%97%A5%E6%9C%AC_Japan_%E4%BA%AC%E9%83%BD_Kyoto_%E5%9B%9B%E6%A2%9D_Shijo_side_Sukiya_Restaurant_food_Gyudon_%E7%89%9B%E8%82%89%E4%B8%BC_beef_toppings_and_rice_bowl_1914pm_June_2026_N13P_04.jpg?utm_source=commons.wikimedia.org&utm_campaign=imageinfo&utm_content=thumbnail,HAGAT hOMSZE,Own work,CC0,http://creativecommons.org/publicdomain/zero/1.0/deed.en,false,3060,4080,JP 日本 Japan 京都 Kyoto 四條 Shijo side Sukiya Restaurant food Gyudon 牛肉丼 beef toppings and rice bowl in June 2026,
Beef Rice Bowl with Cabbage,LUNCH,meal/beef-rice-bowl-with-cabbage,red-meat,beef rice bowl food,4,NEEDS_VISUAL_REVIEW,WIKIMEDIA_COMMONS,File:JP 日本 Japan 京都 Kyoto 四條 Shijo side Sukiya Restaurant food Gyudon 牛肉丼 beef toppings and rice bowl 1914pm June 2026 N13P 07.jpg,https://commons.wikimedia.org/wiki/File:JP_%E6%97%A5%E6%9C%AC_Japan_%E4%BA%AC%E9%83%BD_Kyoto_%E5%9B%9B%E6%A2%9D_Shijo_side_Sukiya_Restaurant_food_Gyudon_%E7%89%9B%E8%82%89%E4%B8%BC_beef_toppings_and_rice_bowl_1914pm_June_2026_N13P_07.jpg,https://upload.wikimedia.org/wikipedia/commons/c/cc/JP_%E6%97%A5%E6%9C%AC_Japan_%E4%BA%AC%E9%83%BD_Kyoto_%E5%9B%9B%E6%A2%9D_Shijo_side_Sukiya_Restaurant_food_Gyudon_%E7%89%9B%E8%82%89%E4%B8%BC_beef_toppings_and_rice_bowl_1914pm_June_2026_N13P_07.jpg?utm_source=commons.wikimedia.org&utm_campaign=imageinfo&utm_content=original,https://thumb.wikimedia.org/wikipedia/commons/thumb/c/cc/JP_%E6%97%A5%E6%9C%AC_Japan_%E4%BA%AC%E9%83%BD_Kyoto_%E5%9B%9B%E6%A2%9D_Shijo_side_Sukiya_Restaurant_food_Gyudon_%E7%89%9B%E8%82%89%E4%B8%BC_beef_toppings_and_rice_bowl_1914pm_June_2026_N13P_07.jpg/960px-JP_%E6%97%A5%E6%9C%AC_Japan_%E4%BA%AC%E9%83%BD_Kyoto_%E5%9B%9B%E6%A2%9D_Shijo_side_Sukiya_Restaurant_food_Gyudon_%E7%89%9B%E8%82%89%E4%B8%BC_beef_toppings_and_rice_bowl_1914pm_June_2026_N13P_07.jpg?utm_source=commons.wikimedia.org&utm_campaign=imageinfo&utm_content=thumbnail,HAGAT hOMSZE,Own work,CC0,http://creativecommons.org/publicdomain/zero/1.0/deed.en,false,3060,4080,JP 日本 Japan 京都 Kyoto 四條 Shijo side Sukiya Restaurant food Gyudon 牛肉丼 beef toppings and rice bowl in June 2026,
Pork Rice Bowl with Carrots,LUNCH,meal/pork-rice-bowl-with-carrots,red-meat,pork rice bowl food,1,NEEDS_VISUAL_REVIEW,WIKIMEDIA_COMMONS,File:Braised Pork Rice Bowl - Noodles Street 2025-10-15.jpg,https://commons.wikimedia.org/wiki/File:Braised_Pork_Rice_Bowl_-_Noodles_Street_2025-10-15.jpg,https://upload.wikimedia.org/wikipedia/commons/b/b9/Braised_Pork_Rice_Bowl_-_Noodles_Street_2025-10-15.jpg?utm_source=commons.wikimedia.org&utm_campaign=imageinfo&utm_content=original,https://thumb.wikimedia.org/wikipedia/commons/thumb/b/b9/Braised_Pork_Rice_Bowl_-_Noodles_Street_2025-10-15.jpg/960px-Braised_Pork_Rice_Bowl_-_Noodles_Street_2025-10-15.jpg?utm_source=commons.wikimedia.org&utm_campaign=imageinfo&utm_content=thumbnail,Andy Li,Own work,CC0,http://creativecommons.org/publicdomain/zero/1.0/deed.en,false,8160,6144,Braised Pork Rice Bowl,
Pork Rice Bowl with Carrots,LUNCH,meal/pork-rice-bowl-with-carrots,red-meat,pork rice bowl food,2,NEEDS_VISUAL_REVIEW,WIKIMEDIA_COMMONS,File:Hokkaido-style Grilled BBQ Pork Rice Bowl from Botejyu (2024-12-21).jpg,https://commons.wikimedia.org/wiki/File:Hokkaido-style_Grilled_BBQ_Pork_Rice_Bowl_from_Botejyu_(2024-12-21).jpg,https://upload.wikimedia.org/wikipedia/commons/7/75/Hokkaido-style_Grilled_BBQ_Pork_Rice_Bowl_from_Botejyu_%282024-12-21%29.jpg?utm_source=commons.wikimedia.org&utm_campaign=imageinfo&utm_content=original,https://thumb.wikimedia.org/wikipedia/commons/thumb/7/75/Hokkaido-style_Grilled_BBQ_Pork_Rice_Bowl_from_Botejyu_%282024-12-21%29.jpg/960px-Hokkaido-style_Grilled_BBQ_Pork_Rice_Bowl_from_Botejyu_%282024-12-21%29.jpg?utm_source=commons.wikimedia.org&utm_campaign=imageinfo&utm_content=thumbnail,Wide Awake!,Own work,CC BY 4.0,https://creativecommons.org/licenses/by/4.0,true,4080,3072,Hokkaido-style Grilled BBQ Pork Rice Bowl from Botejyu.,
Pork Rice Bowl with Carrots,LUNCH,meal/pork-rice-bowl-with-carrots,red-meat,pork rice bowl food,3,NEEDS_VISUAL_REVIEW,WIKIMEDIA_COMMONS,File:Baked Pork Chop Rice from Fairwood.jpg,https://commons.wikimedia.org/wiki/File:Baked_Pork_Chop_Rice_from_Fairwood.jpg,https://upload.wikimedia.org/wikipedia/commons/7/74/Baked_Pork_Chop_Rice_from_Fairwood.jpg?utm_source=commons.wikimedia.org&utm_campaign=imageinfo&utm_content=original,https://thumb.wikimedia.org/wikipedia/commons/thumb/7/74/Baked_Pork_Chop_Rice_from_Fairwood.jpg/960px-Baked_Pork_Chop_Rice_from_Fairwood.jpg?utm_source=commons.wikimedia.org&utm_campaign=imageinfo&utm_content=thumbnail,Neodymium+Nd,Own work,CC BY-SA 4.0,https://creativecommons.org/licenses/by-sa/4.0,true,2808,2106,A bowl of baked pork chop rice from fast food restaurant in Hong Kong.,
Grilled Milkfish Rice Plate,LUNCH,meal/grilled-milkfish-rice-plate,seafood,bangus Filipino food,1,NEEDS_VISUAL_REVIEW,WIKIMEDIA_COMMONS,File:Relyenong Bangus 01.jpg,https://commons.wikimedia.org/wiki/File:Relyenong_Bangus_01.jpg,https://upload.wikimedia.org/wikipedia/commons/e/e2/Relyenong_Bangus_01.jpg?utm_source=commons.wikimedia.org&utm_campaign=imageinfo&utm_content=original,https://thumb.wikimedia.org/wikipedia/commons/thumb/e/e2/Relyenong_Bangus_01.jpg/960px-Relyenong_Bangus_01.jpg?utm_source=commons.wikimedia.org&utm_campaign=imageinfo&utm_content=thumbnail,LubGua987,Own work,CC BY-SA 4.0,https://creativecommons.org/licenses/by-sa/4.0,true,3988,2979,Relyenong Bangus,
Grilled Milkfish Rice Plate,LUNCH,meal/grilled-milkfish-rice-plate,seafood,bangus Filipino food,2,NEEDS_VISUAL_REVIEW,WIKIMEDIA_COMMONS,File:Boneless Bangus Silog from U.P. Diliman.jpg,https://commons.wikimedia.org/wiki/File:Boneless_Bangus_Silog_from_U.P._Diliman.jpg,https://upload.wikimedia.org/wikipedia/commons/f/f6/Boneless_Bangus_Silog_from_U.P._Diliman.jpg?utm_source=commons.wikimedia.org&utm_campaign=imageinfo&utm_content=original,https://thumb.wikimedia.org/wikipedia/commons/thumb/f/f6/Boneless_Bangus_Silog_from_U.P._Diliman.jpg/960px-Boneless_Bangus_Silog_from_U.P._Diliman.jpg?utm_source=commons.wikimedia.org&utm_campaign=imageinfo&utm_content=thumbnail,Ralff Nestor Nacor,Self-photographed,CC BY-SA 4.0,https://creativecommons.org/licenses/by-sa/4.0,true,4080,3072,Boneless Bangus Silog from U.P. Diliman,
Grilled Milkfish Rice Plate,LUNCH,meal/grilled-milkfish-rice-plate,seafood,bangus Filipino food,3,NEEDS_VISUAL_REVIEW,WIKIMEDIA_COMMONS,File:Bangus fillets and Kasim.jpg,https://commons.wikimedia.org/wiki/File:Bangus_fillets_and_Kasim.jpg,https://upload.wikimedia.org/wikipedia/commons/2/22/Bangus_fillets_and_Kasim.jpg?utm_source=commons.wikimedia.org&utm_campaign=imageinfo&utm_content=original,https://thumb.wikimedia.org/wikipedia/commons/thumb/2/22/Bangus_fillets_and_Kasim.jpg/960px-Bangus_fillets_and_Kasim.jpg?utm_source=commons.wikimedia.org&utm_campaign=imageinfo&utm_content=thumbnail,FBenjr123,Own work,CC BY-SA 4.0,https://creativecommons.org/licenses/by-sa/4.0,true,4171,3693,"Bangus fillets and Kasim ( food ingredients of home cooking ) taken in Barangay Poblacion, Baliuag .",
Tilapia Rice and Fresh Vegetable Plate,LUNCH,meal/tilapia-rice-and-fresh-vegetable-plate,seafood,tilapia Filipino food,1,NEEDS_VISUAL_REVIEW,WIKIMEDIA_COMMONS,File:Tilapia with salted black beans.jpg,https://commons.wikimedia.org/wiki/File:Tilapia_with_salted_black_beans.jpg,https://upload.wikimedia.org/wikipedia/commons/9/9a/Tilapia_with_salted_black_beans.jpg?utm_source=commons.wikimedia.org&utm_campaign=imageinfo&utm_content=original,https://thumb.wikimedia.org/wikipedia/commons/thumb/9/9a/Tilapia_with_salted_black_beans.jpg/960px-Tilapia_with_salted_black_beans.jpg?utm_source=commons.wikimedia.org&utm_campaign=imageinfo&utm_content=thumbnail,Chammy17,Own work,CC BY-SA 4.0,https://creativecommons.org/licenses/by-sa/4.0,true,3545,2222,Tilapia with salted black beans,
Tilapia Rice and Fresh Vegetable Plate,LUNCH,meal/tilapia-rice-and-fresh-vegetable-plate,seafood,tilapia Filipino food,2,NEEDS_VISUAL_REVIEW,WIKIMEDIA_COMMONS,File:Tilapia Sinanglay Sizzling Sisig - Rinconada dissh.jpg,https://commons.wikimedia.org/wiki/File:Tilapia_Sinanglay_Sizzling_Sisig_-_Rinconada_dissh.jpg,https://upload.wikimedia.org/wikipedia/commons/9/9f/Tilapia_Sinanglay_Sizzling_Sisig_-_Rinconada_dissh.jpg?utm_source=commons.wikimedia.org&utm_campaign=imageinfo&utm_content=original,https://thumb.wikimedia.org/wikipedia/commons/thumb/9/9f/Tilapia_Sinanglay_Sizzling_Sisig_-_Rinconada_dissh.jpg/960px-Tilapia_Sinanglay_Sizzling_Sisig_-_Rinconada_dissh.jpg?utm_source=commons.wikimedia.org&utm_campaign=imageinfo&utm_content=thumbnail,Filipinayzd,Own work,CC BY-SA 4.0,https://creativecommons.org/licenses/by-sa/4.0,true,1376,1033,"Tilapia Sinanglay Sizzling Sisig - the grand winner for the competition during the Pagsasatubuanan: Exploring Rinconada Food Heritage hails from the College of Technological and Developmental Education, Camarines Sur Polytechnic Colleges at Nabua, Camarines Sur. Team members: Jan Harvey Bustarga Lorraine Gratil Coach: Dr. Mitch Lomeda-Junio",
Tilapia Rice and Fresh Vegetable Plate,LUNCH,meal/tilapia-rice-and-fresh-vegetable-plate,seafood,tilapia Filipino food,3,NEEDS_VISUAL_REVIEW,WIKIMEDIA_COMMONS,File:Tilapia Sinanglay Sizzling Sisig in plating.jpg,https://commons.wikimedia.org/wiki/File:Tilapia_Sinanglay_Sizzling_Sisig_in_plating.jpg,https://upload.wikimedia.org/wikipedia/commons/0/03/Tilapia_Sinanglay_Sizzling_Sisig_in_plating.jpg?utm_source=commons.wikimedia.org&utm_campaign=imageinfo&utm_content=original,https://thumb.wikimedia.org/wikipedia/commons/thumb/0/03/Tilapia_Sinanglay_Sizzling_Sisig_in_plating.jpg/960px-Tilapia_Sinanglay_Sizzling_Sisig_in_plating.jpg?utm_source=commons.wikimedia.org&utm_campaign=imageinfo&utm_content=thumbnail,Filipinayzd,Own work,CC BY-SA 4.0,https://creativecommons.org/licenses/by-sa/4.0,true,1376,1033,"Tilapia Sinanglay Sizzling Sisig - the grand winner for the competition during the Pagsasatubuanan: Exploring Rinconada Food Heritage hails from the College of Technological and Developmental Education, Camarines Sur Polytechnic Colleges at Nabua, Camarines Sur. Team members: Jan Harvey Bustarga Lorraine Gratil Coach: Dr. Mitch Lomeda-Junio",
Tilapia Rice and Fresh Vegetable Plate,LUNCH,meal/tilapia-rice-and-fresh-vegetable-plate,seafood,tilapia Filipino food,4,NEEDS_VISUAL_REVIEW,WIKIMEDIA_COMMONS,File:Tilapia steak and mashed bungkukan with lemon cream sauce.jpg,https://commons.wikimedia.org/wiki/File:Tilapia_steak_and_mashed_bungkukan_with_lemon_cream_sauce.jpg,https://upload.wikimedia.org/wikipedia/commons/7/7f/Tilapia_steak_and_mashed_bungkukan_with_lemon_cream_sauce.jpg?utm_source=commons.wikimedia.org&utm_campaign=imageinfo&utm_content=original,https://thumb.wikimedia.org/wikipedia/commons/thumb/7/7f/Tilapia_steak_and_mashed_bungkukan_with_lemon_cream_sauce.jpg/960px-Tilapia_steak_and_mashed_bungkukan_with_lemon_cream_sauce.jpg?utm_source=commons.wikimedia.org&utm_campaign=imageinfo&utm_content=thumbnail,Filipinayzd,Own work,CC BY-SA 4.0,https://creativecommons.org/licenses/by-sa/4.0,true,1376,1033,"Tilapia steak and mashed bungkukan with lemon cream sauce - grand winner for the recipe competition during the Pagsasatubuanan: Exploring Rinconada Food Heritage hails from the College of Tourism, Hospitality, and Business Management, , Camarines Sur Polytechnic Colleges at Nabua, Camarines Sur. Team members: Russel Hernandez Sofia Ramos Coach: Dr. Rosana B. Oliveros",
Tuna Cucumber Rice Bowl,LUNCH,meal/tuna-cucumber-rice-bowl,seafood,tuna rice bowl food,1,NEEDS_VISUAL_REVIEW,WIKIMEDIA_COMMONS,File:Salmon & Tuna Poke Bowl (M) with Spicy Mayo sauce - Kitokito 2025-04-25.jpg,https://commons.wikimedia.org/wiki/File:Salmon_%26_Tuna_Poke_Bowl_(M)_with_Spicy_Mayo_sauce_-_Kitokito_2025-04-25.jpg,https://upload.wikimedia.org/wikipedia/commons/c/c8/Salmon_%26_Tuna_Poke_Bowl_%28M%29_with_Spicy_Mayo_sauce_-_Kitokito_2025-04-25.jpg?utm_source=commons.wikimedia.org&utm_campaign=imageinfo&utm_content=original,https://thumb.wikimedia.org/wikipedia/commons/thumb/c/c8/Salmon_%26_Tuna_Poke_Bowl_%28M%29_with_Spicy_Mayo_sauce_-_Kitokito_2025-04-25.jpg/960px-Salmon_%26_Tuna_Poke_Bowl_%28M%29_with_Spicy_Mayo_sauce_-_Kitokito_2025-04-25.jpg?utm_source=commons.wikimedia.org&utm_campaign=imageinfo&utm_content=thumbnail,Andy Li,Own work,CC0,http://creativecommons.org/publicdomain/zero/1.0/deed.en,false,8160,6144,"Description of ""Poke Bowls"" on the menu: ""served with your selection plus avocado, cucumber, pickled radish, edamame, inari beancurd and seaweed salad over sushi rice.""",
Tuna Cucumber Rice Bowl,LUNCH,meal/tuna-cucumber-rice-bowl,seafood,tuna rice bowl food,2,NEEDS_VISUAL_REVIEW,WIKIMEDIA_COMMONS,File:Maguro-tataki-don of Sukiya.jpg,https://commons.wikimedia.org/wiki/File:Maguro-tataki-don_of_Sukiya.jpg,https://upload.wikimedia.org/wikipedia/commons/b/b3/Maguro-tataki-don_of_Sukiya.jpg?utm_source=commons.wikimedia.org&utm_campaign=imageinfo&utm_content=original,https://thumb.wikimedia.org/wikipedia/commons/thumb/b/b3/Maguro-tataki-don_of_Sukiya.jpg/960px-Maguro-tataki-don_of_Sukiya.jpg?utm_source=commons.wikimedia.org&utm_campaign=imageinfo&utm_content=thumbnail,毒島みるく,Own work,CC0,http://creativecommons.org/publicdomain/zero/1.0/deed.en,false,3083,2419,すき家のまぐろたたき丼,
"Munggo, Kangkong and Rice Bowl",LUNCH,meal/munggo-kangkong-and-rice-bowl,plant-based,ginisang munggo Filipino food,1,NEEDS_VISUAL_REVIEW,WIKIMEDIA_COMMONS,File:09927jfCuisine of Bulacan food fruitsfvf 15.jpg,https://commons.wikimedia.org/wiki/File:09927jfCuisine_of_Bulacan_food_fruitsfvf_15.jpg,https://upload.wikimedia.org/wikipedia/commons/c/c4/09927jfCuisine_of_Bulacan_food_fruitsfvf_15.jpg?utm_source=commons.wikimedia.org&utm_campaign=imageinfo&utm_content=original,https://thumb.wikimedia.org/wikipedia/commons/thumb/c/c4/09927jfCuisine_of_Bulacan_food_fruitsfvf_15.jpg/960px-09927jfCuisine_of_Bulacan_food_fruitsfvf_15.jpg?utm_source=commons.wikimedia.org&utm_campaign=imageinfo&utm_content=thumbnail,Judgefloro,Own work,CC0,http://creativecommons.org/publicdomain/zero/1.0/deed.en,false,4608,3456,"Cuisine of Bulacan food fruits Ginisang Munggo, toasted bread Quail eggs Chicken eggs Fried rice (Note: Judge Florentino Floro, the owner, to repeat, Donor Florentino Floro of all these photos hereby donate gratuitously, freely and unconditionally all these photos to and for Wikimedia Commons, exclusively, for public use of the public domain, and again without any condition whatsoever).",
"Munggo, Kangkong and Rice Bowl",LUNCH,meal/munggo-kangkong-and-rice-bowl,plant-based,ginisang munggo Filipino food,2,NEEDS_VISUAL_REVIEW,WIKIMEDIA_COMMONS,File:09927jfCuisine of Bulacan food fruitsfvf 18.jpg,https://commons.wikimedia.org/wiki/File:09927jfCuisine_of_Bulacan_food_fruitsfvf_18.jpg,https://upload.wikimedia.org/wikipedia/commons/8/8d/09927jfCuisine_of_Bulacan_food_fruitsfvf_18.jpg?utm_source=commons.wikimedia.org&utm_campaign=imageinfo&utm_content=original,https://thumb.wikimedia.org/wikipedia/commons/thumb/8/8d/09927jfCuisine_of_Bulacan_food_fruitsfvf_18.jpg/960px-09927jfCuisine_of_Bulacan_food_fruitsfvf_18.jpg?utm_source=commons.wikimedia.org&utm_campaign=imageinfo&utm_content=thumbnail,Judgefloro,Own work,CC0,http://creativecommons.org/publicdomain/zero/1.0/deed.en,false,4608,3456,"Cuisine of Bulacan food fruits Ginisang Munggo, toasted bread Quail eggs Chicken eggs Fried rice (Note: Judge Florentino Floro, the owner, to repeat, Donor Florentino Floro of all these photos hereby donate gratuitously, freely and unconditionally all these photos to and for Wikimedia Commons, exclusively, for public use of the public domain, and again without any condition whatsoever).",
"Munggo, Kangkong and Rice Bowl",LUNCH,meal/munggo-kangkong-and-rice-bowl,plant-based,ginisang munggo Filipino food,3,NEEDS_VISUAL_REVIEW,WIKIMEDIA_COMMONS,File:09927jfCuisine of Bulacan food fruitsfvf 08.jpg,https://commons.wikimedia.org/wiki/File:09927jfCuisine_of_Bulacan_food_fruitsfvf_08.jpg,https://upload.wikimedia.org/wikipedia/commons/a/af/09927jfCuisine_of_Bulacan_food_fruitsfvf_08.jpg?utm_source=commons.wikimedia.org&utm_campaign=imageinfo&utm_content=original,https://thumb.wikimedia.org/wikipedia/commons/thumb/a/af/09927jfCuisine_of_Bulacan_food_fruitsfvf_08.jpg/960px-09927jfCuisine_of_Bulacan_food_fruitsfvf_08.jpg?utm_source=commons.wikimedia.org&utm_campaign=imageinfo&utm_content=thumbnail,Judgefloro,Own work,CC0,http://creativecommons.org/publicdomain/zero/1.0/deed.en,false,4608,3456,"Cuisine of Bulacan food fruits Ginisang Munggo, toasted bread Quail eggs Chicken eggs Fried rice (Note: Judge Florentino Floro, the owner, to repeat, Donor Florentino Floro of all these photos hereby donate gratuitously, freely and unconditionally all these photos to and for Wikimedia Commons, exclusively, for public use of the public domain, and again without any condition whatsoever).",
"Munggo, Kangkong and Rice Bowl",LUNCH,meal/munggo-kangkong-and-rice-bowl,plant-based,ginisang munggo Filipino food,4,NEEDS_VISUAL_REVIEW,WIKIMEDIA_COMMONS,File:09927jfCuisine of Bulacan food fruitsfvf 09.jpg,https://commons.wikimedia.org/wiki/File:09927jfCuisine_of_Bulacan_food_fruitsfvf_09.jpg,https://upload.wikimedia.org/wikipedia/commons/f/f6/09927jfCuisine_of_Bulacan_food_fruitsfvf_09.jpg?utm_source=commons.wikimedia.org&utm_campaign=imageinfo&utm_content=original,https://thumb.wikimedia.org/wikipedia/commons/thumb/f/f6/09927jfCuisine_of_Bulacan_food_fruitsfvf_09.jpg/960px-09927jfCuisine_of_Bulacan_food_fruitsfvf_09.jpg?utm_source=commons.wikimedia.org&utm_campaign=imageinfo&utm_content=thumbnail,Judgefloro,Own work,CC0,http://creativecommons.org/publicdomain/zero/1.0/deed.en,false,4608,3456,"Cuisine of Bulacan food fruits Ginisang Munggo, toasted bread Quail eggs Chicken eggs Fried rice (Note: Judge Florentino Floro, the owner, to repeat, Donor Florentino Floro of all these photos hereby donate gratuitously, freely and unconditionally all these photos to and for Wikimedia Commons, exclusively, for public use of the public domain, and again without any condition whatsoever).",
Tofu Vegetable Rice Bowl,LUNCH,meal/tofu-vegetable-rice-bowl,plant-based,tofu rice bowl food,1,NEEDS_VISUAL_REVIEW,WIKIMEDIA_COMMONS,File:Salt & Pepper Tofu Rice Bowl - Tiger Bites Pig 2025-11-20.jpg,https://commons.wikimedia.org/wiki/File:Salt_%26_Pepper_Tofu_Rice_Bowl_-_Tiger_Bites_Pig_2025-11-20.jpg,https://upload.wikimedia.org/wikipedia/commons/6/66/Salt_%26_Pepper_Tofu_Rice_Bowl_-_Tiger_Bites_Pig_2025-11-20.jpg?utm_source=commons.wikimedia.org&utm_campaign=imageinfo&utm_content=original,https://thumb.wikimedia.org/wikipedia/commons/thumb/6/66/Salt_%26_Pepper_Tofu_Rice_Bowl_-_Tiger_Bites_Pig_2025-11-20.jpg/960px-Salt_%26_Pepper_Tofu_Rice_Bowl_-_Tiger_Bites_Pig_2025-11-20.jpg?utm_source=commons.wikimedia.org&utm_campaign=imageinfo&utm_content=thumbnail,Andy Li,Own work,CC0,http://creativecommons.org/publicdomain/zero/1.0/deed.en,false,8160,6144,"Description on menu: ""Coated in sweet potato & rice starches, fried & seasoned with red sichuan salt""",
Tofu Vegetable Rice Bowl,LUNCH,meal/tofu-vegetable-rice-bowl,plant-based,tofu rice bowl food,2,NEEDS_VISUAL_REVIEW,WIKIMEDIA_COMMONS,File:House Special Tofu & Mushroom - The Big Bowl 2023-10-25.jpg,https://commons.wikimedia.org/wiki/File:House_Special_Tofu_%26_Mushroom_-_The_Big_Bowl_2023-10-25.jpg,https://upload.wikimedia.org/wikipedia/commons/9/94/House_Special_Tofu_%26_Mushroom_-_The_Big_Bowl_2023-10-25.jpg?utm_source=commons.wikimedia.org&utm_campaign=imageinfo&utm_content=original,https://thumb.wikimedia.org/wikipedia/commons/thumb/9/94/House_Special_Tofu_%26_Mushroom_-_The_Big_Bowl_2023-10-25.jpg/960px-House_Special_Tofu_%26_Mushroom_-_The_Big_Bowl_2023-10-25.jpg?utm_source=commons.wikimedia.org&utm_campaign=imageinfo&utm_content=thumbnail,Andy Li,Own work,CC0,http://creativecommons.org/publicdomain/zero/1.0/deed.en,false,4032,3024,"Description on menu: House Specials - ""Round rice noodles in a lemongrass soup with a 'Hue-Style' hot & spicy beef broth.""",
Tofu Vegetable Rice Bowl,LUNCH,meal/tofu-vegetable-rice-bowl,plant-based,tofu rice bowl food,3,NEEDS_VISUAL_REVIEW,WIKIMEDIA_COMMONS,File:HK SSP 深水埗 Sham Shui Po 元州街 Un Chau Street 桂林街 50 Kweilin Street 同德大廈 Tung Tak Building 大碗飯皇 Big Bowl Rice King Food shop April 2022 Px3 07.jpg,https://commons.wikimedia.org/wiki/File:HK_SSP_%E6%B7%B1%E6%B0%B4%E5%9F%97_Sham_Shui_Po_%E5%85%83%E5%B7%9E%E8%A1%97_Un_Chau_Street_%E6%A1%82%E6%9E%97%E8%A1%97_50_Kweilin_Street_%E5%90%8C%E5%BE%B7%E5%A4%A7%E5%BB%88_Tung_Tak_Building_%E5%A4%A7%E7%A2%97%E9%A3%AF%E7%9A%87_Big_Bowl_Rice_King_Food_shop_April_2022_Px3_07.jpg,https://upload.wikimedia.org/wikipedia/commons/a/ae/HK_SSP_%E6%B7%B1%E6%B0%B4%E5%9F%97_Sham_Shui_Po_%E5%85%83%E5%B7%9E%E8%A1%97_Un_Chau_Street_%E6%A1%82%E6%9E%97%E8%A1%97_50_Kweilin_Street_%E5%90%8C%E5%BE%B7%E5%A4%A7%E5%BB%88_Tung_Tak_Building_%E5%A4%A7%E7%A2%97%E9%A3%AF%E7%9A%87_Big_Bowl_Rice_King_Food_shop_April_2022_Px3_07.jpg?utm_source=commons.wikimedia.org&utm_campaign=imageinfo&utm_content=original,https://thumb.wikimedia.org/wikipedia/commons/thumb/a/ae/HK_SSP_%E6%B7%B1%E6%B0%B4%E5%9F%97_Sham_Shui_Po_%E5%85%83%E5%B7%9E%E8%A1%97_Un_Chau_Street_%E6%A1%82%E6%9E%97%E8%A1%97_50_Kweilin_Street_%E5%90%8C%E5%BE%B7%E5%A4%A7%E5%BB%88_Tung_Tak_Building_%E5%A4%A7%E7%A2%97%E9%A3%AF%E7%9A%87_Big_Bowl_Rice_King_Food_shop_April_2022_Px3_07.jpg/960px-thumbnail.jpg?utm_source=commons.wikimedia.org&utm_campaign=imageinfo&utm_content=thumbnail,Hung Shing Chiamz RM30216,Own work,CC BY-SA 4.0,https://creativecommons.org/licenses/by-sa/4.0,true,3000,4000,HK SSP zh:深水埗 Sham Shui Po zh:元州街 Un Chau Street zh:桂林街 50 Kweilin Street 同德大廈 Tung Tak Building 大碗飯皇 Big Bowl Rice King Food shop in April 2022 冬瓜豆卜炆火腩 Winter melon tofu braised pork,
"Sardines, Pechay and Rice Bowl",LUNCH,meal/sardines-pechay-and-rice-bowl,seafood,sardines rice Filipino food,1,NEEDS_VISUAL_REVIEW,WIKIMEDIA_COMMONS,File:08769jfCuisine Foods Fruits Philippines Baliuag Bulacanfvf 36.jpg,https://commons.wikimedia.org/wiki/File:08769jfCuisine_Foods_Fruits_Philippines_Baliuag_Bulacanfvf_36.jpg,https://upload.wikimedia.org/wikipedia/commons/5/57/08769jfCuisine_Foods_Fruits_Philippines_Baliuag_Bulacanfvf_36.jpg?utm_source=commons.wikimedia.org&utm_campaign=imageinfo&utm_content=original,https://thumb.wikimedia.org/wikipedia/commons/thumb/5/57/08769jfCuisine_Foods_Fruits_Philippines_Baliuag_Bulacanfvf_36.jpg/960px-08769jfCuisine_Foods_Fruits_Philippines_Baliuag_Bulacanfvf_36.jpg?utm_source=commons.wikimedia.org&utm_campaign=imageinfo&utm_content=thumbnail,Judgefloro,Own work,CC0,http://creativecommons.org/publicdomain/zero/1.0/deed.en,false,4608,3456,"Pandesal Puto Chicken gizzard pastel Adobo chicken feet Sinangag Fried rice in the Philipines Pork dishes in the Philippines Soup and stews in the Philippines photos taken in Barangay Poblacion 14°57'17""N 120°54'2""E Baliuag, Bulacan , Bulacan province (Note: Judge Florentino Floro, the owner, to repeat, Donor Florentino Floro of all these photos hereby donate gratuitously, freely and unconditionally all these photos to and for Wikimedia Commons, exclusively, for public use of the public domain, and again without any condition whatsoever).",
"Sardines, Pechay and Rice Bowl",LUNCH,meal/sardines-pechay-and-rice-bowl,seafood,sardines rice Filipino food,2,NEEDS_VISUAL_REVIEW,WIKIMEDIA_COMMONS,File:08769jfCuisine Foods Fruits Philippines Baliuag Bulacanfvf 45.jpg,https://commons.wikimedia.org/wiki/File:08769jfCuisine_Foods_Fruits_Philippines_Baliuag_Bulacanfvf_45.jpg,https://upload.wikimedia.org/wikipedia/commons/d/de/08769jfCuisine_Foods_Fruits_Philippines_Baliuag_Bulacanfvf_45.jpg?utm_source=commons.wikimedia.org&utm_campaign=imageinfo&utm_content=original,https://thumb.wikimedia.org/wikipedia/commons/thumb/d/de/08769jfCuisine_Foods_Fruits_Philippines_Baliuag_Bulacanfvf_45.jpg/960px-08769jfCuisine_Foods_Fruits_Philippines_Baliuag_Bulacanfvf_45.jpg?utm_source=commons.wikimedia.org&utm_campaign=imageinfo&utm_content=thumbnail,Judgefloro,Own work,CC0,http://creativecommons.org/publicdomain/zero/1.0/deed.en,false,4608,3456,"Pandesal Puto Chicken gizzard pastel Adobo chicken feet Sinangag Fried rice in the Philipines Pork dishes in the Philippines Soup and stews in the Philippines photos taken in Barangay Poblacion 14°57'17""N 120°54'2""E Baliuag, Bulacan , Bulacan province (Note: Judge Florentino Floro, the owner, to repeat, Donor Florentino Floro of all these photos hereby donate gratuitously, freely and unconditionally all these photos to and for Wikimedia Commons, exclusively, for public use of the public domain, and again without any condition whatsoever).",
"Sardines, Pechay and Rice Bowl",LUNCH,meal/sardines-pechay-and-rice-bowl,seafood,sardines rice Filipino food,3,NEEDS_VISUAL_REVIEW,WIKIMEDIA_COMMONS,File:08769jfCuisine Foods Fruits Philippines Baliuag Bulacanfvf 48.jpg,https://commons.wikimedia.org/wiki/File:08769jfCuisine_Foods_Fruits_Philippines_Baliuag_Bulacanfvf_48.jpg,https://upload.wikimedia.org/wikipedia/commons/4/40/08769jfCuisine_Foods_Fruits_Philippines_Baliuag_Bulacanfvf_48.jpg?utm_source=commons.wikimedia.org&utm_campaign=imageinfo&utm_content=original,https://thumb.wikimedia.org/wikipedia/commons/thumb/4/40/08769jfCuisine_Foods_Fruits_Philippines_Baliuag_Bulacanfvf_48.jpg/960px-08769jfCuisine_Foods_Fruits_Philippines_Baliuag_Bulacanfvf_48.jpg?utm_source=commons.wikimedia.org&utm_campaign=imageinfo&utm_content=thumbnail,Judgefloro,Own work,CC0,http://creativecommons.org/publicdomain/zero/1.0/deed.en,false,4608,3456,"Pandesal Puto Chicken gizzard pastel Adobo chicken feet Sinangag Fried rice in the Philipines Pork dishes in the Philippines Soup and stews in the Philippines photos taken in Barangay Poblacion 14°57'17""N 120°54'2""E Baliuag, Bulacan , Bulacan province (Note: Judge Florentino Floro, the owner, to repeat, Donor Florentino Floro of all these photos hereby donate gratuitously, freely and unconditionally all these photos to and for Wikimedia Commons, exclusively, for public use of the public domain, and again without any condition whatsoever).",
Chicken Potato and Carrot Bowl,LUNCH,meal/chicken-potato-and-carrot-bowl,poultry-and-egg,chicken rice bowl food,1,NEEDS_VISUAL_REVIEW,WIKIMEDIA_COMMONS,File:Teriyaki Chicken Rice Bowl from Botejyu (2024-12-21).jpg,https://commons.wikimedia.org/wiki/File:Teriyaki_Chicken_Rice_Bowl_from_Botejyu_(2024-12-21).jpg,https://upload.wikimedia.org/wikipedia/commons/5/5d/Teriyaki_Chicken_Rice_Bowl_from_Botejyu_%282024-12-21%29.jpg?utm_source=commons.wikimedia.org&utm_campaign=imageinfo&utm_content=original,https://thumb.wikimedia.org/wikipedia/commons/thumb/5/5d/Teriyaki_Chicken_Rice_Bowl_from_Botejyu_%282024-12-21%29.jpg/960px-Teriyaki_Chicken_Rice_Bowl_from_Botejyu_%282024-12-21%29.jpg?utm_source=commons.wikimedia.org&utm_campaign=imageinfo&utm_content=thumbnail,Wide Awake!,Own work,CC BY 4.0,https://creativecommons.org/licenses/by/4.0,true,4080,3072,Teriyaki Chicken Rice Bowl from Botejyu.,
Chicken Potato and Carrot Bowl,LUNCH,meal/chicken-potato-and-carrot-bowl,poultry-and-egg,chicken rice bowl food,2,NEEDS_VISUAL_REVIEW,WIKIMEDIA_COMMONS,File:Poulet Yassa Chicken rice with onion sauce.jpg,https://commons.wikimedia.org/wiki/File:Poulet_Yassa_Chicken_rice_with_onion_sauce.jpg,https://upload.wikimedia.org/wikipedia/commons/4/45/Poulet_Yassa_Chicken_rice_with_onion_sauce.jpg?utm_source=commons.wikimedia.org&utm_campaign=imageinfo&utm_content=original,https://upload.wikimedia.org/wikipedia/commons/4/45/Poulet_Yassa_Chicken_rice_with_onion_sauce.jpg?utm_source=commons.wikimedia.org&utm_campaign=imageinfo&utm_content=thumbnail_unscaled,T.K. Naliaka,Own work,CC BY-SA 4.0,https://creativecommons.org/licenses/by-sa/4.0,true,697,679,"A chicken and rice dish with a distinctive onion sauce. Traditionally eaten from a communal platter, with the onion sauce spooned on top of the rice just before eating. Many variations.",
Chicken Potato and Carrot Bowl,LUNCH,meal/chicken-potato-and-carrot-bowl,poultry-and-egg,chicken rice bowl food,3,NEEDS_VISUAL_REVIEW,WIKIMEDIA_COMMONS,File:Chicken Rice Bowl.jpg,https://commons.wikimedia.org/wiki/File:Chicken_Rice_Bowl.jpg,https://upload.wikimedia.org/wikipedia/commons/6/69/Chicken_Rice_Bowl.jpg?utm_source=commons.wikimedia.org&utm_campaign=imageinfo&utm_content=original,https://thumb.wikimedia.org/wikipedia/commons/thumb/6/69/Chicken_Rice_Bowl.jpg/960px-Chicken_Rice_Bowl.jpg?utm_source=commons.wikimedia.org&utm_campaign=imageinfo&utm_content=thumbnail,JaswanthKS,Own work,CC BY-SA 4.0,https://creativecommons.org/licenses/by-sa/4.0,true,2268,4032,Chicken rice bowl I tried it for the first time and it was just awesome. Well cooked rice and chicken,
Tofu Pechay Potato Bowl,LUNCH,meal/tofu-pechay-potato-bowl,plant-based,tofu rice bowl food,1,NEEDS_VISUAL_REVIEW,WIKIMEDIA_COMMONS,File:Salt & Pepper Tofu Rice Bowl - Tiger Bites Pig 2025-11-20.jpg,https://commons.wikimedia.org/wiki/File:Salt_%26_Pepper_Tofu_Rice_Bowl_-_Tiger_Bites_Pig_2025-11-20.jpg,https://upload.wikimedia.org/wikipedia/commons/6/66/Salt_%26_Pepper_Tofu_Rice_Bowl_-_Tiger_Bites_Pig_2025-11-20.jpg?utm_source=commons.wikimedia.org&utm_campaign=imageinfo&utm_content=original,https://thumb.wikimedia.org/wikipedia/commons/thumb/6/66/Salt_%26_Pepper_Tofu_Rice_Bowl_-_Tiger_Bites_Pig_2025-11-20.jpg/960px-Salt_%26_Pepper_Tofu_Rice_Bowl_-_Tiger_Bites_Pig_2025-11-20.jpg?utm_source=commons.wikimedia.org&utm_campaign=imageinfo&utm_content=thumbnail,Andy Li,Own work,CC0,http://creativecommons.org/publicdomain/zero/1.0/deed.en,false,8160,6144,"Description on menu: ""Coated in sweet potato & rice starches, fried & seasoned with red sichuan salt""",
Tofu Pechay Potato Bowl,LUNCH,meal/tofu-pechay-potato-bowl,plant-based,tofu rice bowl food,2,NEEDS_VISUAL_REVIEW,WIKIMEDIA_COMMONS,File:House Special Tofu & Mushroom - The Big Bowl 2023-10-25.jpg,https://commons.wikimedia.org/wiki/File:House_Special_Tofu_%26_Mushroom_-_The_Big_Bowl_2023-10-25.jpg,https://upload.wikimedia.org/wikipedia/commons/9/94/House_Special_Tofu_%26_Mushroom_-_The_Big_Bowl_2023-10-25.jpg?utm_source=commons.wikimedia.org&utm_campaign=imageinfo&utm_content=original,https://thumb.wikimedia.org/wikipedia/commons/thumb/9/94/House_Special_Tofu_%26_Mushroom_-_The_Big_Bowl_2023-10-25.jpg/960px-House_Special_Tofu_%26_Mushroom_-_The_Big_Bowl_2023-10-25.jpg?utm_source=commons.wikimedia.org&utm_campaign=imageinfo&utm_content=thumbnail,Andy Li,Own work,CC0,http://creativecommons.org/publicdomain/zero/1.0/deed.en,false,4032,3024,"Description on menu: House Specials - ""Round rice noodles in a lemongrass soup with a 'Hue-Style' hot & spicy beef broth.""",
Tofu Pechay Potato Bowl,LUNCH,meal/tofu-pechay-potato-bowl,plant-based,tofu rice bowl food,3,NEEDS_VISUAL_REVIEW,WIKIMEDIA_COMMONS,File:HK SSP 深水埗 Sham Shui Po 元州街 Un Chau Street 桂林街 50 Kweilin Street 同德大廈 Tung Tak Building 大碗飯皇 Big Bowl Rice King Food shop April 2022 Px3 07.jpg,https://commons.wikimedia.org/wiki/File:HK_SSP_%E6%B7%B1%E6%B0%B4%E5%9F%97_Sham_Shui_Po_%E5%85%83%E5%B7%9E%E8%A1%97_Un_Chau_Street_%E6%A1%82%E6%9E%97%E8%A1%97_50_Kweilin_Street_%E5%90%8C%E5%BE%B7%E5%A4%A7%E5%BB%88_Tung_Tak_Building_%E5%A4%A7%E7%A2%97%E9%A3%AF%E7%9A%87_Big_Bowl_Rice_King_Food_shop_April_2022_Px3_07.jpg,https://upload.wikimedia.org/wikipedia/commons/a/ae/HK_SSP_%E6%B7%B1%E6%B0%B4%E5%9F%97_Sham_Shui_Po_%E5%85%83%E5%B7%9E%E8%A1%97_Un_Chau_Street_%E6%A1%82%E6%9E%97%E8%A1%97_50_Kweilin_Street_%E5%90%8C%E5%BE%B7%E5%A4%A7%E5%BB%88_Tung_Tak_Building_%E5%A4%A7%E7%A2%97%E9%A3%AF%E7%9A%87_Big_Bowl_Rice_King_Food_shop_April_2022_Px3_07.jpg?utm_source=commons.wikimedia.org&utm_campaign=imageinfo&utm_content=original,https://thumb.wikimedia.org/wikipedia/commons/thumb/a/ae/HK_SSP_%E6%B7%B1%E6%B0%B4%E5%9F%97_Sham_Shui_Po_%E5%85%83%E5%B7%9E%E8%A1%97_Un_Chau_Street_%E6%A1%82%E6%9E%97%E8%A1%97_50_Kweilin_Street_%E5%90%8C%E5%BE%B7%E5%A4%A7%E5%BB%88_Tung_Tak_Building_%E5%A4%A7%E7%A2%97%E9%A3%AF%E7%9A%87_Big_Bowl_Rice_King_Food_shop_April_2022_Px3_07.jpg/960px-thumbnail.jpg?utm_source=commons.wikimedia.org&utm_campaign=imageinfo&utm_content=thumbnail,Hung Shing Chiamz RM30216,Own work,CC BY-SA 4.0,https://creativecommons.org/licenses/by-sa/4.0,true,3000,4000,HK SSP zh:深水埗 Sham Shui Po zh:元州街 Un Chau Street zh:桂林街 50 Kweilin Street 同德大廈 Tung Tak Building 大碗飯皇 Big Bowl Rice King Food shop in April 2022 冬瓜豆卜炆火腩 Winter melon tofu braised pork,
Munggo Cabbage Vegetable Bowl,LUNCH,meal/munggo-cabbage-vegetable-bowl,plant-based,ginisang munggo Filipino food,1,NEEDS_VISUAL_REVIEW,WIKIMEDIA_COMMONS,File:09927jfCuisine of Bulacan food fruitsfvf 15.jpg,https://commons.wikimedia.org/wiki/File:09927jfCuisine_of_Bulacan_food_fruitsfvf_15.jpg,https://upload.wikimedia.org/wikipedia/commons/c/c4/09927jfCuisine_of_Bulacan_food_fruitsfvf_15.jpg?utm_source=commons.wikimedia.org&utm_campaign=imageinfo&utm_content=original,https://thumb.wikimedia.org/wikipedia/commons/thumb/c/c4/09927jfCuisine_of_Bulacan_food_fruitsfvf_15.jpg/960px-09927jfCuisine_of_Bulacan_food_fruitsfvf_15.jpg?utm_source=commons.wikimedia.org&utm_campaign=imageinfo&utm_content=thumbnail,Judgefloro,Own work,CC0,http://creativecommons.org/publicdomain/zero/1.0/deed.en,false,4608,3456,"Cuisine of Bulacan food fruits Ginisang Munggo, toasted bread Quail eggs Chicken eggs Fried rice (Note: Judge Florentino Floro, the owner, to repeat, Donor Florentino Floro of all these photos hereby donate gratuitously, freely and unconditionally all these photos to and for Wikimedia Commons, exclusively, for public use of the public domain, and again without any condition whatsoever).",
Munggo Cabbage Vegetable Bowl,LUNCH,meal/munggo-cabbage-vegetable-bowl,plant-based,ginisang munggo Filipino food,2,NEEDS_VISUAL_REVIEW,WIKIMEDIA_COMMONS,File:09927jfCuisine of Bulacan food fruitsfvf 18.jpg,https://commons.wikimedia.org/wiki/File:09927jfCuisine_of_Bulacan_food_fruitsfvf_18.jpg,https://upload.wikimedia.org/wikipedia/commons/8/8d/09927jfCuisine_of_Bulacan_food_fruitsfvf_18.jpg?utm_source=commons.wikimedia.org&utm_campaign=imageinfo&utm_content=original,https://thumb.wikimedia.org/wikipedia/commons/thumb/8/8d/09927jfCuisine_of_Bulacan_food_fruitsfvf_18.jpg/960px-09927jfCuisine_of_Bulacan_food_fruitsfvf_18.jpg?utm_source=commons.wikimedia.org&utm_campaign=imageinfo&utm_content=thumbnail,Judgefloro,Own work,CC0,http://creativecommons.org/publicdomain/zero/1.0/deed.en,false,4608,3456,"Cuisine of Bulacan food fruits Ginisang Munggo, toasted bread Quail eggs Chicken eggs Fried rice (Note: Judge Florentino Floro, the owner, to repeat, Donor Florentino Floro of all these photos hereby donate gratuitously, freely and unconditionally all these photos to and for Wikimedia Commons, exclusively, for public use of the public domain, and again without any condition whatsoever).",
Munggo Cabbage Vegetable Bowl,LUNCH,meal/munggo-cabbage-vegetable-bowl,plant-based,ginisang munggo Filipino food,3,NEEDS_VISUAL_REVIEW,WIKIMEDIA_COMMONS,File:09927jfCuisine of Bulacan food fruitsfvf 08.jpg,https://commons.wikimedia.org/wiki/File:09927jfCuisine_of_Bulacan_food_fruitsfvf_08.jpg,https://upload.wikimedia.org/wikipedia/commons/a/af/09927jfCuisine_of_Bulacan_food_fruitsfvf_08.jpg?utm_source=commons.wikimedia.org&utm_campaign=imageinfo&utm_content=original,https://thumb.wikimedia.org/wikipedia/commons/thumb/a/af/09927jfCuisine_of_Bulacan_food_fruitsfvf_08.jpg/960px-09927jfCuisine_of_Bulacan_food_fruitsfvf_08.jpg?utm_source=commons.wikimedia.org&utm_campaign=imageinfo&utm_content=thumbnail,Judgefloro,Own work,CC0,http://creativecommons.org/publicdomain/zero/1.0/deed.en,false,4608,3456,"Cuisine of Bulacan food fruits Ginisang Munggo, toasted bread Quail eggs Chicken eggs Fried rice (Note: Judge Florentino Floro, the owner, to repeat, Donor Florentino Floro of all these photos hereby donate gratuitously, freely and unconditionally all these photos to and for Wikimedia Commons, exclusively, for public use of the public domain, and again without any condition whatsoever).",
Munggo Cabbage Vegetable Bowl,LUNCH,meal/munggo-cabbage-vegetable-bowl,plant-based,ginisang munggo Filipino food,4,NEEDS_VISUAL_REVIEW,WIKIMEDIA_COMMONS,File:09927jfCuisine of Bulacan food fruitsfvf 09.jpg,https://commons.wikimedia.org/wiki/File:09927jfCuisine_of_Bulacan_food_fruitsfvf_09.jpg,https://upload.wikimedia.org/wikipedia/commons/f/f6/09927jfCuisine_of_Bulacan_food_fruitsfvf_09.jpg?utm_source=commons.wikimedia.org&utm_campaign=imageinfo&utm_content=original,https://thumb.wikimedia.org/wikipedia/commons/thumb/f/f6/09927jfCuisine_of_Bulacan_food_fruitsfvf_09.jpg/960px-09927jfCuisine_of_Bulacan_food_fruitsfvf_09.jpg?utm_source=commons.wikimedia.org&utm_campaign=imageinfo&utm_content=thumbnail,Judgefloro,Own work,CC0,http://creativecommons.org/publicdomain/zero/1.0/deed.en,false,4608,3456,"Cuisine of Bulacan food fruits Ginisang Munggo, toasted bread Quail eggs Chicken eggs Fried rice (Note: Judge Florentino Floro, the owner, to repeat, Donor Florentino Floro of all these photos hereby donate gratuitously, freely and unconditionally all these photos to and for Wikimedia Commons, exclusively, for public use of the public domain, and again without any condition whatsoever).",
Corn Tofu Vegetable Bowl,LUNCH,meal/corn-tofu-vegetable-bowl,plant-based,tofu rice bowl food,1,NEEDS_VISUAL_REVIEW,WIKIMEDIA_COMMONS,File:Salt & Pepper Tofu Rice Bowl - Tiger Bites Pig 2025-11-20.jpg,https://commons.wikimedia.org/wiki/File:Salt_%26_Pepper_Tofu_Rice_Bowl_-_Tiger_Bites_Pig_2025-11-20.jpg,https://upload.wikimedia.org/wikipedia/commons/6/66/Salt_%26_Pepper_Tofu_Rice_Bowl_-_Tiger_Bites_Pig_2025-11-20.jpg?utm_source=commons.wikimedia.org&utm_campaign=imageinfo&utm_content=original,https://thumb.wikimedia.org/wikipedia/commons/thumb/6/66/Salt_%26_Pepper_Tofu_Rice_Bowl_-_Tiger_Bites_Pig_2025-11-20.jpg/960px-Salt_%26_Pepper_Tofu_Rice_Bowl_-_Tiger_Bites_Pig_2025-11-20.jpg?utm_source=commons.wikimedia.org&utm_campaign=imageinfo&utm_content=thumbnail,Andy Li,Own work,CC0,http://creativecommons.org/publicdomain/zero/1.0/deed.en,false,8160,6144,"Description on menu: ""Coated in sweet potato & rice starches, fried & seasoned with red sichuan salt""",
Corn Tofu Vegetable Bowl,LUNCH,meal/corn-tofu-vegetable-bowl,plant-based,tofu rice bowl food,2,NEEDS_VISUAL_REVIEW,WIKIMEDIA_COMMONS,File:House Special Tofu & Mushroom - The Big Bowl 2023-10-25.jpg,https://commons.wikimedia.org/wiki/File:House_Special_Tofu_%26_Mushroom_-_The_Big_Bowl_2023-10-25.jpg,https://upload.wikimedia.org/wikipedia/commons/9/94/House_Special_Tofu_%26_Mushroom_-_The_Big_Bowl_2023-10-25.jpg?utm_source=commons.wikimedia.org&utm_campaign=imageinfo&utm_content=original,https://thumb.wikimedia.org/wikipedia/commons/thumb/9/94/House_Special_Tofu_%26_Mushroom_-_The_Big_Bowl_2023-10-25.jpg/960px-House_Special_Tofu_%26_Mushroom_-_The_Big_Bowl_2023-10-25.jpg?utm_source=commons.wikimedia.org&utm_campaign=imageinfo&utm_content=thumbnail,Andy Li,Own work,CC0,http://creativecommons.org/publicdomain/zero/1.0/deed.en,false,4032,3024,"Description on menu: House Specials - ""Round rice noodles in a lemongrass soup with a 'Hue-Style' hot & spicy beef broth.""",
Corn Tofu Vegetable Bowl,LUNCH,meal/corn-tofu-vegetable-bowl,plant-based,tofu rice bowl food,3,NEEDS_VISUAL_REVIEW,WIKIMEDIA_COMMONS,File:HK SSP 深水埗 Sham Shui Po 元州街 Un Chau Street 桂林街 50 Kweilin Street 同德大廈 Tung Tak Building 大碗飯皇 Big Bowl Rice King Food shop April 2022 Px3 07.jpg,https://commons.wikimedia.org/wiki/File:HK_SSP_%E6%B7%B1%E6%B0%B4%E5%9F%97_Sham_Shui_Po_%E5%85%83%E5%B7%9E%E8%A1%97_Un_Chau_Street_%E6%A1%82%E6%9E%97%E8%A1%97_50_Kweilin_Street_%E5%90%8C%E5%BE%B7%E5%A4%A7%E5%BB%88_Tung_Tak_Building_%E5%A4%A7%E7%A2%97%E9%A3%AF%E7%9A%87_Big_Bowl_Rice_King_Food_shop_April_2022_Px3_07.jpg,https://upload.wikimedia.org/wikipedia/commons/a/ae/HK_SSP_%E6%B7%B1%E6%B0%B4%E5%9F%97_Sham_Shui_Po_%E5%85%83%E5%B7%9E%E8%A1%97_Un_Chau_Street_%E6%A1%82%E6%9E%97%E8%A1%97_50_Kweilin_Street_%E5%90%8C%E5%BE%B7%E5%A4%A7%E5%BB%88_Tung_Tak_Building_%E5%A4%A7%E7%A2%97%E9%A3%AF%E7%9A%87_Big_Bowl_Rice_King_Food_shop_April_2022_Px3_07.jpg?utm_source=commons.wikimedia.org&utm_campaign=imageinfo&utm_content=original,https://thumb.wikimedia.org/wikipedia/commons/thumb/a/ae/HK_SSP_%E6%B7%B1%E6%B0%B4%E5%9F%97_Sham_Shui_Po_%E5%85%83%E5%B7%9E%E8%A1%97_Un_Chau_Street_%E6%A1%82%E6%9E%97%E8%A1%97_50_Kweilin_Street_%E5%90%8C%E5%BE%B7%E5%A4%A7%E5%BB%88_Tung_Tak_Building_%E5%A4%A7%E7%A2%97%E9%A3%AF%E7%9A%87_Big_Bowl_Rice_King_Food_shop_April_2022_Px3_07.jpg/960px-thumbnail.jpg?utm_source=commons.wikimedia.org&utm_campaign=imageinfo&utm_content=thumbnail,Hung Shing Chiamz RM30216,Own work,CC BY-SA 4.0,https://creativecommons.org/licenses/by-sa/4.0,true,3000,4000,HK SSP zh:深水埗 Sham Shui Po zh:元州街 Un Chau Street zh:桂林街 50 Kweilin Street 同德大廈 Tung Tak Building 大碗飯皇 Big Bowl Rice King Food shop in April 2022 冬瓜豆卜炆火腩 Winter melon tofu braised pork,
Tofu Sweet Potato Cucumber Plate,LUNCH,meal/tofu-sweet-potato-cucumber-plate,plant-based,tofu rice bowl food,1,NEEDS_VISUAL_REVIEW,WIKIMEDIA_COMMONS,File:Salt & Pepper Tofu Rice Bowl - Tiger Bites Pig 2025-11-20.jpg,https://commons.wikimedia.org/wiki/File:Salt_%26_Pepper_Tofu_Rice_Bowl_-_Tiger_Bites_Pig_2025-11-20.jpg,https://upload.wikimedia.org/wikipedia/commons/6/66/Salt_%26_Pepper_Tofu_Rice_Bowl_-_Tiger_Bites_Pig_2025-11-20.jpg?utm_source=commons.wikimedia.org&utm_campaign=imageinfo&utm_content=original,https://thumb.wikimedia.org/wikipedia/commons/thumb/6/66/Salt_%26_Pepper_Tofu_Rice_Bowl_-_Tiger_Bites_Pig_2025-11-20.jpg/960px-Salt_%26_Pepper_Tofu_Rice_Bowl_-_Tiger_Bites_Pig_2025-11-20.jpg?utm_source=commons.wikimedia.org&utm_campaign=imageinfo&utm_content=thumbnail,Andy Li,Own work,CC0,http://creativecommons.org/publicdomain/zero/1.0/deed.en,false,8160,6144,"Description on menu: ""Coated in sweet potato & rice starches, fried & seasoned with red sichuan salt""",
Tofu Sweet Potato Cucumber Plate,LUNCH,meal/tofu-sweet-potato-cucumber-plate,plant-based,tofu rice bowl food,2,NEEDS_VISUAL_REVIEW,WIKIMEDIA_COMMONS,File:House Special Tofu & Mushroom - The Big Bowl 2023-10-25.jpg,https://commons.wikimedia.org/wiki/File:House_Special_Tofu_%26_Mushroom_-_The_Big_Bowl_2023-10-25.jpg,https://upload.wikimedia.org/wikipedia/commons/9/94/House_Special_Tofu_%26_Mushroom_-_The_Big_Bowl_2023-10-25.jpg?utm_source=commons.wikimedia.org&utm_campaign=imageinfo&utm_content=original,https://thumb.wikimedia.org/wikipedia/commons/thumb/9/94/House_Special_Tofu_%26_Mushroom_-_The_Big_Bowl_2023-10-25.jpg/960px-House_Special_Tofu_%26_Mushroom_-_The_Big_Bowl_2023-10-25.jpg?utm_source=commons.wikimedia.org&utm_campaign=imageinfo&utm_content=thumbnail,Andy Li,Own work,CC0,http://creativecommons.org/publicdomain/zero/1.0/deed.en,false,4032,3024,"Description on menu: House Specials - ""Round rice noodles in a lemongrass soup with a 'Hue-Style' hot & spicy beef broth.""",
Tofu Sweet Potato Cucumber Plate,LUNCH,meal/tofu-sweet-potato-cucumber-plate,plant-based,tofu rice bowl food,3,NEEDS_VISUAL_REVIEW,WIKIMEDIA_COMMONS,File:HK SSP 深水埗 Sham Shui Po 元州街 Un Chau Street 桂林街 50 Kweilin Street 同德大廈 Tung Tak Building 大碗飯皇 Big Bowl Rice King Food shop April 2022 Px3 07.jpg,https://commons.wikimedia.org/wiki/File:HK_SSP_%E6%B7%B1%E6%B0%B4%E5%9F%97_Sham_Shui_Po_%E5%85%83%E5%B7%9E%E8%A1%97_Un_Chau_Street_%E6%A1%82%E6%9E%97%E8%A1%97_50_Kweilin_Street_%E5%90%8C%E5%BE%B7%E5%A4%A7%E5%BB%88_Tung_Tak_Building_%E5%A4%A7%E7%A2%97%E9%A3%AF%E7%9A%87_Big_Bowl_Rice_King_Food_shop_April_2022_Px3_07.jpg,https://upload.wikimedia.org/wikipedia/commons/a/ae/HK_SSP_%E6%B7%B1%E6%B0%B4%E5%9F%97_Sham_Shui_Po_%E5%85%83%E5%B7%9E%E8%A1%97_Un_Chau_Street_%E6%A1%82%E6%9E%97%E8%A1%97_50_Kweilin_Street_%E5%90%8C%E5%BE%B7%E5%A4%A7%E5%BB%88_Tung_Tak_Building_%E5%A4%A7%E7%A2%97%E9%A3%AF%E7%9A%87_Big_Bowl_Rice_King_Food_shop_April_2022_Px3_07.jpg?utm_source=commons.wikimedia.org&utm_campaign=imageinfo&utm_content=original,https://thumb.wikimedia.org/wikipedia/commons/thumb/a/ae/HK_SSP_%E6%B7%B1%E6%B0%B4%E5%9F%97_Sham_Shui_Po_%E5%85%83%E5%B7%9E%E8%A1%97_Un_Chau_Street_%E6%A1%82%E6%9E%97%E8%A1%97_50_Kweilin_Street_%E5%90%8C%E5%BE%B7%E5%A4%A7%E5%BB%88_Tung_Tak_Building_%E5%A4%A7%E7%A2%97%E9%A3%AF%E7%9A%87_Big_Bowl_Rice_King_Food_shop_April_2022_Px3_07.jpg/960px-thumbnail.jpg?utm_source=commons.wikimedia.org&utm_campaign=imageinfo&utm_content=thumbnail,Hung Shing Chiamz RM30216,Own work,CC BY-SA 4.0,https://creativecommons.org/licenses/by-sa/4.0,true,3000,4000,HK SSP zh:深水埗 Sham Shui Po zh:元州街 Un Chau Street zh:桂林街 50 Kweilin Street 同德大廈 Tung Tak Building 大碗飯皇 Big Bowl Rice King Food shop in April 2022 冬瓜豆卜炆火腩 Winter melon tofu braised pork,
Egg Potato and Pechay Bowl,LUNCH,meal/egg-potato-and-pechay-bowl,poultry-and-egg,egg rice Filipino food,1,NEEDS_VISUAL_REVIEW,WIKIMEDIA_COMMONS,File:Fried rice with egg (03-10-2021).jpg,https://commons.wikimedia.org/wiki/File:Fried_rice_with_egg_(03-10-2021).jpg,https://upload.wikimedia.org/wikipedia/commons/5/59/Fried_rice_with_egg_%2803-10-2021%29.jpg?utm_source=commons.wikimedia.org&utm_campaign=imageinfo&utm_content=original,https://thumb.wikimedia.org/wikipedia/commons/thumb/5/59/Fried_rice_with_egg_%2803-10-2021%29.jpg/960px-Fried_rice_with_egg_%2803-10-2021%29.jpg?utm_source=commons.wikimedia.org&utm_campaign=imageinfo&utm_content=thumbnail,PaulGorduiz106,Own work,CC BY-SA 4.0,https://creativecommons.org/licenses/by-sa/4.0,true,4608,3072,Fried rice with egg,
Egg Potato and Pechay Bowl,LUNCH,meal/egg-potato-and-pechay-bowl,poultry-and-egg,egg rice Filipino food,2,NEEDS_VISUAL_REVIEW,WIKIMEDIA_COMMONS,File:Chicken and egg fried rice.jpg,https://commons.wikimedia.org/wiki/File:Chicken_and_egg_fried_rice.jpg,https://upload.wikimedia.org/wikipedia/commons/c/cd/Chicken_and_egg_fried_rice.jpg?utm_source=commons.wikimedia.org&utm_campaign=imageinfo&utm_content=original,https://thumb.wikimedia.org/wikipedia/commons/thumb/c/cd/Chicken_and_egg_fried_rice.jpg/960px-Chicken_and_egg_fried_rice.jpg?utm_source=commons.wikimedia.org&utm_campaign=imageinfo&utm_content=thumbnail,abhinaya,Own work,CC BY-SA 4.0,https://creativecommons.org/licenses/by-sa/4.0,true,3264,2448,simple and long lasting taste.healthy and perfect for date.!!,
Egg Potato and Pechay Bowl,LUNCH,meal/egg-potato-and-pechay-bowl,poultry-and-egg,egg rice Filipino food,3,NEEDS_VISUAL_REVIEW,WIKIMEDIA_COMMONS,File:Boiled egg with rice.jpg,https://commons.wikimedia.org/wiki/File:Boiled_egg_with_rice.jpg,https://upload.wikimedia.org/wikipedia/commons/b/b3/Boiled_egg_with_rice.jpg?utm_source=commons.wikimedia.org&utm_campaign=imageinfo&utm_content=original,https://thumb.wikimedia.org/wikipedia/commons/thumb/b/b3/Boiled_egg_with_rice.jpg/960px-Boiled_egg_with_rice.jpg?utm_source=commons.wikimedia.org&utm_campaign=imageinfo&utm_content=thumbnail,Roderick Suñaz Sumalinog,Own work,CC BY-SA 4.0,https://creativecommons.org/licenses/by-sa/4.0,true,4608,3456,"A boiled egg is a culinary delight created by immersing an egg in boiling water until its white and yolk firm up, resulting in a versatile and nutritious protein-packed treat.",
Egg Potato and Pechay Bowl,LUNCH,meal/egg-potato-and-pechay-bowl,poultry-and-egg,egg rice Filipino food,4,NEEDS_VISUAL_REVIEW,WIKIMEDIA_COMMONS,"File:A bilao of salted egg, seafood, porkchop and fried rice.jpg","https://commons.wikimedia.org/wiki/File:A_bilao_of_salted_egg,_seafood,_porkchop_and_fried_rice.jpg",https://upload.wikimedia.org/wikipedia/commons/1/13/A_bilao_of_salted_egg%2C_seafood%2C_porkchop_and_fried_rice.jpg?utm_source=commons.wikimedia.org&utm_campaign=imageinfo&utm_content=original,https://thumb.wikimedia.org/wikipedia/commons/thumb/1/13/A_bilao_of_salted_egg%2C_seafood%2C_porkchop_and_fried_rice.jpg/960px-A_bilao_of_salted_egg%2C_seafood%2C_porkchop_and_fried_rice.jpg?utm_source=commons.wikimedia.org&utm_campaign=imageinfo&utm_content=thumbnail,Irvin Parco Sto. Tomas,Own work,CC BY-SA 4.0,https://creativecommons.org/licenses/by-sa/4.0,true,2712,1808,"a bilao of salted egg, seafood, porkchop and fried rice",
Chicken Vegetable Rice Soup Bowl,DINNER,meal/chicken-vegetable-rice-soup-bowl,poultry-and-egg,chicken rice bowl food,1,NEEDS_VISUAL_REVIEW,WIKIMEDIA_COMMONS,File:Teriyaki Chicken Rice Bowl from Botejyu (2024-12-21).jpg,https://commons.wikimedia.org/wiki/File:Teriyaki_Chicken_Rice_Bowl_from_Botejyu_(2024-12-21).jpg,https://upload.wikimedia.org/wikipedia/commons/5/5d/Teriyaki_Chicken_Rice_Bowl_from_Botejyu_%282024-12-21%29.jpg?utm_source=commons.wikimedia.org&utm_campaign=imageinfo&utm_content=original,https://thumb.wikimedia.org/wikipedia/commons/thumb/5/5d/Teriyaki_Chicken_Rice_Bowl_from_Botejyu_%282024-12-21%29.jpg/960px-Teriyaki_Chicken_Rice_Bowl_from_Botejyu_%282024-12-21%29.jpg?utm_source=commons.wikimedia.org&utm_campaign=imageinfo&utm_content=thumbnail,Wide Awake!,Own work,CC BY 4.0,https://creativecommons.org/licenses/by/4.0,true,4080,3072,Teriyaki Chicken Rice Bowl from Botejyu.,
Chicken Vegetable Rice Soup Bowl,DINNER,meal/chicken-vegetable-rice-soup-bowl,poultry-and-egg,chicken rice bowl food,2,NEEDS_VISUAL_REVIEW,WIKIMEDIA_COMMONS,File:Poulet Yassa Chicken rice with onion sauce.jpg,https://commons.wikimedia.org/wiki/File:Poulet_Yassa_Chicken_rice_with_onion_sauce.jpg,https://upload.wikimedia.org/wikipedia/commons/4/45/Poulet_Yassa_Chicken_rice_with_onion_sauce.jpg?utm_source=commons.wikimedia.org&utm_campaign=imageinfo&utm_content=original,https://upload.wikimedia.org/wikipedia/commons/4/45/Poulet_Yassa_Chicken_rice_with_onion_sauce.jpg?utm_source=commons.wikimedia.org&utm_campaign=imageinfo&utm_content=thumbnail_unscaled,T.K. Naliaka,Own work,CC BY-SA 4.0,https://creativecommons.org/licenses/by-sa/4.0,true,697,679,"A chicken and rice dish with a distinctive onion sauce. Traditionally eaten from a communal platter, with the onion sauce spooned on top of the rice just before eating. Many variations.",
Chicken Vegetable Rice Soup Bowl,DINNER,meal/chicken-vegetable-rice-soup-bowl,poultry-and-egg,chicken rice bowl food,3,NEEDS_VISUAL_REVIEW,WIKIMEDIA_COMMONS,File:Chicken Rice Bowl.jpg,https://commons.wikimedia.org/wiki/File:Chicken_Rice_Bowl.jpg,https://upload.wikimedia.org/wikipedia/commons/6/69/Chicken_Rice_Bowl.jpg?utm_source=commons.wikimedia.org&utm_campaign=imageinfo&utm_content=original,https://thumb.wikimedia.org/wikipedia/commons/thumb/6/69/Chicken_Rice_Bowl.jpg/960px-Chicken_Rice_Bowl.jpg?utm_source=commons.wikimedia.org&utm_campaign=imageinfo&utm_content=thumbnail,JaswanthKS,Own work,CC BY-SA 4.0,https://creativecommons.org/licenses/by-sa/4.0,true,2268,4032,Chicken rice bowl I tried it for the first time and it was just awesome. Well cooked rice and chicken,
Beef Potato and Pechay Bowl,DINNER,meal/beef-potato-and-pechay-bowl,red-meat,beef rice bowl food,1,NEEDS_VISUAL_REVIEW,WIKIMEDIA_COMMONS,File:Braised Beef Shin Rice Bowl - Tiger Bites Pig 2025-09-17.jpg,https://commons.wikimedia.org/wiki/File:Braised_Beef_Shin_Rice_Bowl_-_Tiger_Bites_Pig_2025-09-17.jpg,https://upload.wikimedia.org/wikipedia/commons/9/9a/Braised_Beef_Shin_Rice_Bowl_-_Tiger_Bites_Pig_2025-09-17.jpg?utm_source=commons.wikimedia.org&utm_campaign=imageinfo&utm_content=original,https://thumb.wikimedia.org/wikipedia/commons/thumb/9/9a/Braised_Beef_Shin_Rice_Bowl_-_Tiger_Bites_Pig_2025-09-17.jpg/960px-Braised_Beef_Shin_Rice_Bowl_-_Tiger_Bites_Pig_2025-09-17.jpg?utm_source=commons.wikimedia.org&utm_campaign=imageinfo&utm_content=thumbnail,Andy Li,Own work,CC0,http://creativecommons.org/publicdomain/zero/1.0/deed.en,false,8160,6144,"Description on menu: ""Cooked overnight with chilli, soy & black vinegar. Served with a cured EGG yolk""",
Beef Potato and Pechay Bowl,DINNER,meal/beef-potato-and-pechay-bowl,red-meat,beef rice bowl food,2,NEEDS_VISUAL_REVIEW,WIKIMEDIA_COMMONS,File:Beef & Tamagotoji Egg Rice Bowl from Botejyu (2024-08-04).jpg,https://commons.wikimedia.org/wiki/File:Beef_%26_Tamagotoji_Egg_Rice_Bowl_from_Botejyu_(2024-08-04).jpg,https://upload.wikimedia.org/wikipedia/commons/4/40/Beef_%26_Tamagotoji_Egg_Rice_Bowl_from_Botejyu_%282024-08-04%29.jpg?utm_source=commons.wikimedia.org&utm_campaign=imageinfo&utm_content=original,https://thumb.wikimedia.org/wikipedia/commons/thumb/4/40/Beef_%26_Tamagotoji_Egg_Rice_Bowl_from_Botejyu_%282024-08-04%29.jpg/960px-Beef_%26_Tamagotoji_Egg_Rice_Bowl_from_Botejyu_%282024-08-04%29.jpg?utm_source=commons.wikimedia.org&utm_campaign=imageinfo&utm_content=thumbnail,Wide Awake!,Own work,CC BY 4.0,https://creativecommons.org/licenses/by/4.0,true,4080,3072,Beef & Tamagotoji Egg Rice Bowl from Botejyu.,
Beef Potato and Pechay Bowl,DINNER,meal/beef-potato-and-pechay-bowl,red-meat,beef rice bowl food,3,NEEDS_VISUAL_REVIEW,WIKIMEDIA_COMMONS,File:JP 日本 Japan 京都 Kyoto 四條 Shijo side Sukiya Restaurant food Gyudon 牛肉丼 beef toppings and rice bowl 1914pm June 2026 N13P 04.jpg,https://commons.wikimedia.org/wiki/File:JP_%E6%97%A5%E6%9C%AC_Japan_%E4%BA%AC%E9%83%BD_Kyoto_%E5%9B%9B%E6%A2%9D_Shijo_side_Sukiya_Restaurant_food_Gyudon_%E7%89%9B%E8%82%89%E4%B8%BC_beef_toppings_and_rice_bowl_1914pm_June_2026_N13P_04.jpg,https://upload.wikimedia.org/wikipedia/commons/6/63/JP_%E6%97%A5%E6%9C%AC_Japan_%E4%BA%AC%E9%83%BD_Kyoto_%E5%9B%9B%E6%A2%9D_Shijo_side_Sukiya_Restaurant_food_Gyudon_%E7%89%9B%E8%82%89%E4%B8%BC_beef_toppings_and_rice_bowl_1914pm_June_2026_N13P_04.jpg?utm_source=commons.wikimedia.org&utm_campaign=imageinfo&utm_content=original,https://thumb.wikimedia.org/wikipedia/commons/thumb/6/63/JP_%E6%97%A5%E6%9C%AC_Japan_%E4%BA%AC%E9%83%BD_Kyoto_%E5%9B%9B%E6%A2%9D_Shijo_side_Sukiya_Restaurant_food_Gyudon_%E7%89%9B%E8%82%89%E4%B8%BC_beef_toppings_and_rice_bowl_1914pm_June_2026_N13P_04.jpg/960px-JP_%E6%97%A5%E6%9C%AC_Japan_%E4%BA%AC%E9%83%BD_Kyoto_%E5%9B%9B%E6%A2%9D_Shijo_side_Sukiya_Restaurant_food_Gyudon_%E7%89%9B%E8%82%89%E4%B8%BC_beef_toppings_and_rice_bowl_1914pm_June_2026_N13P_04.jpg?utm_source=commons.wikimedia.org&utm_campaign=imageinfo&utm_content=thumbnail,HAGAT hOMSZE,Own work,CC0,http://creativecommons.org/publicdomain/zero/1.0/deed.en,false,3060,4080,JP 日本 Japan 京都 Kyoto 四條 Shijo side Sukiya Restaurant food Gyudon 牛肉丼 beef toppings and rice bowl in June 2026,
Beef Potato and Pechay Bowl,DINNER,meal/beef-potato-and-pechay-bowl,red-meat,beef rice bowl food,4,NEEDS_VISUAL_REVIEW,WIKIMEDIA_COMMONS,File:JP 日本 Japan 京都 Kyoto 四條 Shijo side Sukiya Restaurant food Gyudon 牛肉丼 beef toppings and rice bowl 1914pm June 2026 N13P 07.jpg,https://commons.wikimedia.org/wiki/File:JP_%E6%97%A5%E6%9C%AC_Japan_%E4%BA%AC%E9%83%BD_Kyoto_%E5%9B%9B%E6%A2%9D_Shijo_side_Sukiya_Restaurant_food_Gyudon_%E7%89%9B%E8%82%89%E4%B8%BC_beef_toppings_and_rice_bowl_1914pm_June_2026_N13P_07.jpg,https://upload.wikimedia.org/wikipedia/commons/c/cc/JP_%E6%97%A5%E6%9C%AC_Japan_%E4%BA%AC%E9%83%BD_Kyoto_%E5%9B%9B%E6%A2%9D_Shijo_side_Sukiya_Restaurant_food_Gyudon_%E7%89%9B%E8%82%89%E4%B8%BC_beef_toppings_and_rice_bowl_1914pm_June_2026_N13P_07.jpg?utm_source=commons.wikimedia.org&utm_campaign=imageinfo&utm_content=original,https://thumb.wikimedia.org/wikipedia/commons/thumb/c/cc/JP_%E6%97%A5%E6%9C%AC_Japan_%E4%BA%AC%E9%83%BD_Kyoto_%E5%9B%9B%E6%A2%9D_Shijo_side_Sukiya_Restaurant_food_Gyudon_%E7%89%9B%E8%82%89%E4%B8%BC_beef_toppings_and_rice_bowl_1914pm_June_2026_N13P_07.jpg/960px-JP_%E6%97%A5%E6%9C%AC_Japan_%E4%BA%AC%E9%83%BD_Kyoto_%E5%9B%9B%E6%A2%9D_Shijo_side_Sukiya_Restaurant_food_Gyudon_%E7%89%9B%E8%82%89%E4%B8%BC_beef_toppings_and_rice_bowl_1914pm_June_2026_N13P_07.jpg?utm_source=commons.wikimedia.org&utm_campaign=imageinfo&utm_content=thumbnail,HAGAT hOMSZE,Own work,CC0,http://creativecommons.org/publicdomain/zero/1.0/deed.en,false,3060,4080,JP 日本 Japan 京都 Kyoto 四條 Shijo side Sukiya Restaurant food Gyudon 牛肉丼 beef toppings and rice bowl in June 2026,
Pork Squash Rice Bowl,DINNER,meal/pork-squash-rice-bowl,red-meat,pork rice bowl food,1,NEEDS_VISUAL_REVIEW,WIKIMEDIA_COMMONS,File:Braised Pork Rice Bowl - Noodles Street 2025-10-15.jpg,https://commons.wikimedia.org/wiki/File:Braised_Pork_Rice_Bowl_-_Noodles_Street_2025-10-15.jpg,https://upload.wikimedia.org/wikipedia/commons/b/b9/Braised_Pork_Rice_Bowl_-_Noodles_Street_2025-10-15.jpg?utm_source=commons.wikimedia.org&utm_campaign=imageinfo&utm_content=original,https://thumb.wikimedia.org/wikipedia/commons/thumb/b/b9/Braised_Pork_Rice_Bowl_-_Noodles_Street_2025-10-15.jpg/960px-Braised_Pork_Rice_Bowl_-_Noodles_Street_2025-10-15.jpg?utm_source=commons.wikimedia.org&utm_campaign=imageinfo&utm_content=thumbnail,Andy Li,Own work,CC0,http://creativecommons.org/publicdomain/zero/1.0/deed.en,false,8160,6144,Braised Pork Rice Bowl,
Pork Squash Rice Bowl,DINNER,meal/pork-squash-rice-bowl,red-meat,pork rice bowl food,2,NEEDS_VISUAL_REVIEW,WIKIMEDIA_COMMONS,File:Hokkaido-style Grilled BBQ Pork Rice Bowl from Botejyu (2024-12-21).jpg,https://commons.wikimedia.org/wiki/File:Hokkaido-style_Grilled_BBQ_Pork_Rice_Bowl_from_Botejyu_(2024-12-21).jpg,https://upload.wikimedia.org/wikipedia/commons/7/75/Hokkaido-style_Grilled_BBQ_Pork_Rice_Bowl_from_Botejyu_%282024-12-21%29.jpg?utm_source=commons.wikimedia.org&utm_campaign=imageinfo&utm_content=original,https://thumb.wikimedia.org/wikipedia/commons/thumb/7/75/Hokkaido-style_Grilled_BBQ_Pork_Rice_Bowl_from_Botejyu_%282024-12-21%29.jpg/960px-Hokkaido-style_Grilled_BBQ_Pork_Rice_Bowl_from_Botejyu_%282024-12-21%29.jpg?utm_source=commons.wikimedia.org&utm_campaign=imageinfo&utm_content=thumbnail,Wide Awake!,Own work,CC BY 4.0,https://creativecommons.org/licenses/by/4.0,true,4080,3072,Hokkaido-style Grilled BBQ Pork Rice Bowl from Botejyu.,
Pork Squash Rice Bowl,DINNER,meal/pork-squash-rice-bowl,red-meat,pork rice bowl food,3,NEEDS_VISUAL_REVIEW,WIKIMEDIA_COMMONS,File:Baked Pork Chop Rice from Fairwood.jpg,https://commons.wikimedia.org/wiki/File:Baked_Pork_Chop_Rice_from_Fairwood.jpg,https://upload.wikimedia.org/wikipedia/commons/7/74/Baked_Pork_Chop_Rice_from_Fairwood.jpg?utm_source=commons.wikimedia.org&utm_campaign=imageinfo&utm_content=original,https://thumb.wikimedia.org/wikipedia/commons/thumb/7/74/Baked_Pork_Chop_Rice_from_Fairwood.jpg/960px-Baked_Pork_Chop_Rice_from_Fairwood.jpg?utm_source=commons.wikimedia.org&utm_campaign=imageinfo&utm_content=thumbnail,Neodymium+Nd,Own work,CC BY-SA 4.0,https://creativecommons.org/licenses/by-sa/4.0,true,2808,2106,A bowl of baked pork chop rice from fast food restaurant in Hong Kong.,
Milkfish and Sweet Potato Plate,DINNER,meal/milkfish-and-sweet-potato-plate,seafood,bangus Filipino food,1,NEEDS_VISUAL_REVIEW,WIKIMEDIA_COMMONS,File:Relyenong Bangus 01.jpg,https://commons.wikimedia.org/wiki/File:Relyenong_Bangus_01.jpg,https://upload.wikimedia.org/wikipedia/commons/e/e2/Relyenong_Bangus_01.jpg?utm_source=commons.wikimedia.org&utm_campaign=imageinfo&utm_content=original,https://thumb.wikimedia.org/wikipedia/commons/thumb/e/e2/Relyenong_Bangus_01.jpg/960px-Relyenong_Bangus_01.jpg?utm_source=commons.wikimedia.org&utm_campaign=imageinfo&utm_content=thumbnail,LubGua987,Own work,CC BY-SA 4.0,https://creativecommons.org/licenses/by-sa/4.0,true,3988,2979,Relyenong Bangus,
Milkfish and Sweet Potato Plate,DINNER,meal/milkfish-and-sweet-potato-plate,seafood,bangus Filipino food,2,NEEDS_VISUAL_REVIEW,WIKIMEDIA_COMMONS,File:Boneless Bangus Silog from U.P. Diliman.jpg,https://commons.wikimedia.org/wiki/File:Boneless_Bangus_Silog_from_U.P._Diliman.jpg,https://upload.wikimedia.org/wikipedia/commons/f/f6/Boneless_Bangus_Silog_from_U.P._Diliman.jpg?utm_source=commons.wikimedia.org&utm_campaign=imageinfo&utm_content=original,https://thumb.wikimedia.org/wikipedia/commons/thumb/f/f6/Boneless_Bangus_Silog_from_U.P._Diliman.jpg/960px-Boneless_Bangus_Silog_from_U.P._Diliman.jpg?utm_source=commons.wikimedia.org&utm_campaign=imageinfo&utm_content=thumbnail,Ralff Nestor Nacor,Self-photographed,CC BY-SA 4.0,https://creativecommons.org/licenses/by-sa/4.0,true,4080,3072,Boneless Bangus Silog from U.P. Diliman,
Milkfish and Sweet Potato Plate,DINNER,meal/milkfish-and-sweet-potato-plate,seafood,bangus Filipino food,3,NEEDS_VISUAL_REVIEW,WIKIMEDIA_COMMONS,File:Bangus fillets and Kasim.jpg,https://commons.wikimedia.org/wiki/File:Bangus_fillets_and_Kasim.jpg,https://upload.wikimedia.org/wikipedia/commons/2/22/Bangus_fillets_and_Kasim.jpg?utm_source=commons.wikimedia.org&utm_campaign=imageinfo&utm_content=original,https://thumb.wikimedia.org/wikipedia/commons/thumb/2/22/Bangus_fillets_and_Kasim.jpg/960px-Bangus_fillets_and_Kasim.jpg?utm_source=commons.wikimedia.org&utm_campaign=imageinfo&utm_content=thumbnail,FBenjr123,Own work,CC BY-SA 4.0,https://creativecommons.org/licenses/by-sa/4.0,true,4171,3693,"Bangus fillets and Kasim ( food ingredients of home cooking ) taken in Barangay Poblacion, Baliuag .",
Tilapia Corn and Vegetable Plate,DINNER,meal/tilapia-corn-and-vegetable-plate,seafood,tilapia Filipino food,1,NEEDS_VISUAL_REVIEW,WIKIMEDIA_COMMONS,File:Tilapia with salted black beans.jpg,https://commons.wikimedia.org/wiki/File:Tilapia_with_salted_black_beans.jpg,https://upload.wikimedia.org/wikipedia/commons/9/9a/Tilapia_with_salted_black_beans.jpg?utm_source=commons.wikimedia.org&utm_campaign=imageinfo&utm_content=original,https://thumb.wikimedia.org/wikipedia/commons/thumb/9/9a/Tilapia_with_salted_black_beans.jpg/960px-Tilapia_with_salted_black_beans.jpg?utm_source=commons.wikimedia.org&utm_campaign=imageinfo&utm_content=thumbnail,Chammy17,Own work,CC BY-SA 4.0,https://creativecommons.org/licenses/by-sa/4.0,true,3545,2222,Tilapia with salted black beans,
Tilapia Corn and Vegetable Plate,DINNER,meal/tilapia-corn-and-vegetable-plate,seafood,tilapia Filipino food,2,NEEDS_VISUAL_REVIEW,WIKIMEDIA_COMMONS,File:Tilapia Sinanglay Sizzling Sisig in plating.jpg,https://commons.wikimedia.org/wiki/File:Tilapia_Sinanglay_Sizzling_Sisig_in_plating.jpg,https://upload.wikimedia.org/wikipedia/commons/0/03/Tilapia_Sinanglay_Sizzling_Sisig_in_plating.jpg?utm_source=commons.wikimedia.org&utm_campaign=imageinfo&utm_content=original,https://thumb.wikimedia.org/wikipedia/commons/thumb/0/03/Tilapia_Sinanglay_Sizzling_Sisig_in_plating.jpg/960px-Tilapia_Sinanglay_Sizzling_Sisig_in_plating.jpg?utm_source=commons.wikimedia.org&utm_campaign=imageinfo&utm_content=thumbnail,Filipinayzd,Own work,CC BY-SA 4.0,https://creativecommons.org/licenses/by-sa/4.0,true,1376,1033,"Tilapia Sinanglay Sizzling Sisig - the grand winner for the competition during the Pagsasatubuanan: Exploring Rinconada Food Heritage hails from the College of Technological and Developmental Education, Camarines Sur Polytechnic Colleges at Nabua, Camarines Sur. Team members: Jan Harvey Bustarga Lorraine Gratil Coach: Dr. Mitch Lomeda-Junio",
Tilapia Corn and Vegetable Plate,DINNER,meal/tilapia-corn-and-vegetable-plate,seafood,tilapia Filipino food,3,NEEDS_VISUAL_REVIEW,WIKIMEDIA_COMMONS,File:Tilapia Sinanglay Sizzling Sisig - Rinconada dissh.jpg,https://commons.wikimedia.org/wiki/File:Tilapia_Sinanglay_Sizzling_Sisig_-_Rinconada_dissh.jpg,https://upload.wikimedia.org/wikipedia/commons/9/9f/Tilapia_Sinanglay_Sizzling_Sisig_-_Rinconada_dissh.jpg?utm_source=commons.wikimedia.org&utm_campaign=imageinfo&utm_content=original,https://thumb.wikimedia.org/wikipedia/commons/thumb/9/9f/Tilapia_Sinanglay_Sizzling_Sisig_-_Rinconada_dissh.jpg/960px-Tilapia_Sinanglay_Sizzling_Sisig_-_Rinconada_dissh.jpg?utm_source=commons.wikimedia.org&utm_campaign=imageinfo&utm_content=thumbnail,Filipinayzd,Own work,CC BY-SA 4.0,https://creativecommons.org/licenses/by-sa/4.0,true,1376,1033,"Tilapia Sinanglay Sizzling Sisig - the grand winner for the competition during the Pagsasatubuanan: Exploring Rinconada Food Heritage hails from the College of Technological and Developmental Education, Camarines Sur Polytechnic Colleges at Nabua, Camarines Sur. Team members: Jan Harvey Bustarga Lorraine Gratil Coach: Dr. Mitch Lomeda-Junio",
Tilapia Corn and Vegetable Plate,DINNER,meal/tilapia-corn-and-vegetable-plate,seafood,tilapia Filipino food,4,NEEDS_VISUAL_REVIEW,WIKIMEDIA_COMMONS,File:Tilapia steak and mashed bungkukan with lemon cream sauce.jpg,https://commons.wikimedia.org/wiki/File:Tilapia_steak_and_mashed_bungkukan_with_lemon_cream_sauce.jpg,https://upload.wikimedia.org/wikipedia/commons/7/7f/Tilapia_steak_and_mashed_bungkukan_with_lemon_cream_sauce.jpg?utm_source=commons.wikimedia.org&utm_campaign=imageinfo&utm_content=original,https://thumb.wikimedia.org/wikipedia/commons/thumb/7/7f/Tilapia_steak_and_mashed_bungkukan_with_lemon_cream_sauce.jpg/960px-Tilapia_steak_and_mashed_bungkukan_with_lemon_cream_sauce.jpg?utm_source=commons.wikimedia.org&utm_campaign=imageinfo&utm_content=thumbnail,Filipinayzd,Own work,CC BY-SA 4.0,https://creativecommons.org/licenses/by-sa/4.0,true,1376,1033,"Tilapia steak and mashed bungkukan with lemon cream sauce - grand winner for the recipe competition during the Pagsasatubuanan: Exploring Rinconada Food Heritage hails from the College of Tourism, Hospitality, and Business Management, , Camarines Sur Polytechnic Colleges at Nabua, Camarines Sur. Team members: Russel Hernandez Sofia Ramos Coach: Dr. Rosana B. Oliveros",
Tuna Potato Salad Bowl,DINNER,meal/tuna-potato-salad-bowl,seafood,tuna rice bowl food,1,NEEDS_VISUAL_REVIEW,WIKIMEDIA_COMMONS,File:Salmon & Tuna Poke Bowl (M) with Spicy Mayo sauce - Kitokito 2025-04-25.jpg,https://commons.wikimedia.org/wiki/File:Salmon_%26_Tuna_Poke_Bowl_(M)_with_Spicy_Mayo_sauce_-_Kitokito_2025-04-25.jpg,https://upload.wikimedia.org/wikipedia/commons/c/c8/Salmon_%26_Tuna_Poke_Bowl_%28M%29_with_Spicy_Mayo_sauce_-_Kitokito_2025-04-25.jpg?utm_source=commons.wikimedia.org&utm_campaign=imageinfo&utm_content=original,https://thumb.wikimedia.org/wikipedia/commons/thumb/c/c8/Salmon_%26_Tuna_Poke_Bowl_%28M%29_with_Spicy_Mayo_sauce_-_Kitokito_2025-04-25.jpg/960px-Salmon_%26_Tuna_Poke_Bowl_%28M%29_with_Spicy_Mayo_sauce_-_Kitokito_2025-04-25.jpg?utm_source=commons.wikimedia.org&utm_campaign=imageinfo&utm_content=thumbnail,Andy Li,Own work,CC0,http://creativecommons.org/publicdomain/zero/1.0/deed.en,false,8160,6144,"Description of ""Poke Bowls"" on the menu: ""served with your selection plus avocado, cucumber, pickled radish, edamame, inari beancurd and seaweed salad over sushi rice.""",
Tuna Potato Salad Bowl,DINNER,meal/tuna-potato-salad-bowl,seafood,tuna rice bowl food,2,NEEDS_VISUAL_REVIEW,WIKIMEDIA_COMMONS,File:Maguro-tataki-don of Sukiya.jpg,https://commons.wikimedia.org/wiki/File:Maguro-tataki-don_of_Sukiya.jpg,https://upload.wikimedia.org/wikipedia/commons/b/b3/Maguro-tataki-don_of_Sukiya.jpg?utm_source=commons.wikimedia.org&utm_campaign=imageinfo&utm_content=original,https://thumb.wikimedia.org/wikipedia/commons/thumb/b/b3/Maguro-tataki-don_of_Sukiya.jpg/960px-Maguro-tataki-don_of_Sukiya.jpg?utm_source=commons.wikimedia.org&utm_campaign=imageinfo&utm_content=thumbnail,毒島みるく,Own work,CC0,http://creativecommons.org/publicdomain/zero/1.0/deed.en,false,3083,2419,すき家のまぐろたたき丼,
Munggo Squash Rice Bowl,DINNER,meal/munggo-squash-rice-bowl,plant-based,ginisang munggo Filipino food,1,NEEDS_VISUAL_REVIEW,WIKIMEDIA_COMMONS,File:09927jfCuisine of Bulacan food fruitsfvf 15.jpg,https://commons.wikimedia.org/wiki/File:09927jfCuisine_of_Bulacan_food_fruitsfvf_15.jpg,https://upload.wikimedia.org/wikipedia/commons/c/c4/09927jfCuisine_of_Bulacan_food_fruitsfvf_15.jpg?utm_source=commons.wikimedia.org&utm_campaign=imageinfo&utm_content=original,https://thumb.wikimedia.org/wikipedia/commons/thumb/c/c4/09927jfCuisine_of_Bulacan_food_fruitsfvf_15.jpg/960px-09927jfCuisine_of_Bulacan_food_fruitsfvf_15.jpg?utm_source=commons.wikimedia.org&utm_campaign=imageinfo&utm_content=thumbnail,Judgefloro,Own work,CC0,http://creativecommons.org/publicdomain/zero/1.0/deed.en,false,4608,3456,"Cuisine of Bulacan food fruits Ginisang Munggo, toasted bread Quail eggs Chicken eggs Fried rice (Note: Judge Florentino Floro, the owner, to repeat, Donor Florentino Floro of all these photos hereby donate gratuitously, freely and unconditionally all these photos to and for Wikimedia Commons, exclusively, for public use of the public domain, and again without any condition whatsoever).",
Munggo Squash Rice Bowl,DINNER,meal/munggo-squash-rice-bowl,plant-based,ginisang munggo Filipino food,2,NEEDS_VISUAL_REVIEW,WIKIMEDIA_COMMONS,File:09927jfCuisine of Bulacan food fruitsfvf 18.jpg,https://commons.wikimedia.org/wiki/File:09927jfCuisine_of_Bulacan_food_fruitsfvf_18.jpg,https://upload.wikimedia.org/wikipedia/commons/8/8d/09927jfCuisine_of_Bulacan_food_fruitsfvf_18.jpg?utm_source=commons.wikimedia.org&utm_campaign=imageinfo&utm_content=original,https://thumb.wikimedia.org/wikipedia/commons/thumb/8/8d/09927jfCuisine_of_Bulacan_food_fruitsfvf_18.jpg/960px-09927jfCuisine_of_Bulacan_food_fruitsfvf_18.jpg?utm_source=commons.wikimedia.org&utm_campaign=imageinfo&utm_content=thumbnail,Judgefloro,Own work,CC0,http://creativecommons.org/publicdomain/zero/1.0/deed.en,false,4608,3456,"Cuisine of Bulacan food fruits Ginisang Munggo, toasted bread Quail eggs Chicken eggs Fried rice (Note: Judge Florentino Floro, the owner, to repeat, Donor Florentino Floro of all these photos hereby donate gratuitously, freely and unconditionally all these photos to and for Wikimedia Commons, exclusively, for public use of the public domain, and again without any condition whatsoever).",
Munggo Squash Rice Bowl,DINNER,meal/munggo-squash-rice-bowl,plant-based,ginisang munggo Filipino food,3,NEEDS_VISUAL_REVIEW,WIKIMEDIA_COMMONS,File:09927jfCuisine of Bulacan food fruitsfvf 09.jpg,https://commons.wikimedia.org/wiki/File:09927jfCuisine_of_Bulacan_food_fruitsfvf_09.jpg,https://upload.wikimedia.org/wikipedia/commons/f/f6/09927jfCuisine_of_Bulacan_food_fruitsfvf_09.jpg?utm_source=commons.wikimedia.org&utm_campaign=imageinfo&utm_content=original,https://thumb.wikimedia.org/wikipedia/commons/thumb/f/f6/09927jfCuisine_of_Bulacan_food_fruitsfvf_09.jpg/960px-09927jfCuisine_of_Bulacan_food_fruitsfvf_09.jpg?utm_source=commons.wikimedia.org&utm_campaign=imageinfo&utm_content=thumbnail,Judgefloro,Own work,CC0,http://creativecommons.org/publicdomain/zero/1.0/deed.en,false,4608,3456,"Cuisine of Bulacan food fruits Ginisang Munggo, toasted bread Quail eggs Chicken eggs Fried rice (Note: Judge Florentino Floro, the owner, to repeat, Donor Florentino Floro of all these photos hereby donate gratuitously, freely and unconditionally all these photos to and for Wikimedia Commons, exclusively, for public use of the public domain, and again without any condition whatsoever).",
Munggo Squash Rice Bowl,DINNER,meal/munggo-squash-rice-bowl,plant-based,ginisang munggo Filipino food,4,NEEDS_VISUAL_REVIEW,WIKIMEDIA_COMMONS,File:09927jfCuisine of Bulacan food fruitsfvf 08.jpg,https://commons.wikimedia.org/wiki/File:09927jfCuisine_of_Bulacan_food_fruitsfvf_08.jpg,https://upload.wikimedia.org/wikipedia/commons/a/af/09927jfCuisine_of_Bulacan_food_fruitsfvf_08.jpg?utm_source=commons.wikimedia.org&utm_campaign=imageinfo&utm_content=original,https://thumb.wikimedia.org/wikipedia/commons/thumb/a/af/09927jfCuisine_of_Bulacan_food_fruitsfvf_08.jpg/960px-09927jfCuisine_of_Bulacan_food_fruitsfvf_08.jpg?utm_source=commons.wikimedia.org&utm_campaign=imageinfo&utm_content=thumbnail,Judgefloro,Own work,CC0,http://creativecommons.org/publicdomain/zero/1.0/deed.en,false,4608,3456,"Cuisine of Bulacan food fruits Ginisang Munggo, toasted bread Quail eggs Chicken eggs Fried rice (Note: Judge Florentino Floro, the owner, to repeat, Donor Florentino Floro of all these photos hereby donate gratuitously, freely and unconditionally all these photos to and for Wikimedia Commons, exclusively, for public use of the public domain, and again without any condition whatsoever).",
Tofu Cabbage Rice Bowl,DINNER,meal/tofu-cabbage-rice-bowl,plant-based,tofu rice bowl food,1,NEEDS_VISUAL_REVIEW,WIKIMEDIA_COMMONS,File:Salt & Pepper Tofu Rice Bowl - Tiger Bites Pig 2025-11-20.jpg,https://commons.wikimedia.org/wiki/File:Salt_%26_Pepper_Tofu_Rice_Bowl_-_Tiger_Bites_Pig_2025-11-20.jpg,https://upload.wikimedia.org/wikipedia/commons/6/66/Salt_%26_Pepper_Tofu_Rice_Bowl_-_Tiger_Bites_Pig_2025-11-20.jpg?utm_source=commons.wikimedia.org&utm_campaign=imageinfo&utm_content=original,https://thumb.wikimedia.org/wikipedia/commons/thumb/6/66/Salt_%26_Pepper_Tofu_Rice_Bowl_-_Tiger_Bites_Pig_2025-11-20.jpg/960px-Salt_%26_Pepper_Tofu_Rice_Bowl_-_Tiger_Bites_Pig_2025-11-20.jpg?utm_source=commons.wikimedia.org&utm_campaign=imageinfo&utm_content=thumbnail,Andy Li,Own work,CC0,http://creativecommons.org/publicdomain/zero/1.0/deed.en,false,8160,6144,"Description on menu: ""Coated in sweet potato & rice starches, fried & seasoned with red sichuan salt""",
Tofu Cabbage Rice Bowl,DINNER,meal/tofu-cabbage-rice-bowl,plant-based,tofu rice bowl food,2,NEEDS_VISUAL_REVIEW,WIKIMEDIA_COMMONS,File:House Special Tofu & Mushroom - The Big Bowl 2023-10-25.jpg,https://commons.wikimedia.org/wiki/File:House_Special_Tofu_%26_Mushroom_-_The_Big_Bowl_2023-10-25.jpg,https://upload.wikimedia.org/wikipedia/commons/9/94/House_Special_Tofu_%26_Mushroom_-_The_Big_Bowl_2023-10-25.jpg?utm_source=commons.wikimedia.org&utm_campaign=imageinfo&utm_content=original,https://thumb.wikimedia.org/wikipedia/commons/thumb/9/94/House_Special_Tofu_%26_Mushroom_-_The_Big_Bowl_2023-10-25.jpg/960px-House_Special_Tofu_%26_Mushroom_-_The_Big_Bowl_2023-10-25.jpg?utm_source=commons.wikimedia.org&utm_campaign=imageinfo&utm_content=thumbnail,Andy Li,Own work,CC0,http://creativecommons.org/publicdomain/zero/1.0/deed.en,false,4032,3024,"Description on menu: House Specials - ""Round rice noodles in a lemongrass soup with a 'Hue-Style' hot & spicy beef broth.""",
Tofu Cabbage Rice Bowl,DINNER,meal/tofu-cabbage-rice-bowl,plant-based,tofu rice bowl food,3,NEEDS_VISUAL_REVIEW,WIKIMEDIA_COMMONS,File:HK SSP 深水埗 Sham Shui Po 元州街 Un Chau Street 桂林街 50 Kweilin Street 同德大廈 Tung Tak Building 大碗飯皇 Big Bowl Rice King Food shop April 2022 Px3 07.jpg,https://commons.wikimedia.org/wiki/File:HK_SSP_%E6%B7%B1%E6%B0%B4%E5%9F%97_Sham_Shui_Po_%E5%85%83%E5%B7%9E%E8%A1%97_Un_Chau_Street_%E6%A1%82%E6%9E%97%E8%A1%97_50_Kweilin_Street_%E5%90%8C%E5%BE%B7%E5%A4%A7%E5%BB%88_Tung_Tak_Building_%E5%A4%A7%E7%A2%97%E9%A3%AF%E7%9A%87_Big_Bowl_Rice_King_Food_shop_April_2022_Px3_07.jpg,https://upload.wikimedia.org/wikipedia/commons/a/ae/HK_SSP_%E6%B7%B1%E6%B0%B4%E5%9F%97_Sham_Shui_Po_%E5%85%83%E5%B7%9E%E8%A1%97_Un_Chau_Street_%E6%A1%82%E6%9E%97%E8%A1%97_50_Kweilin_Street_%E5%90%8C%E5%BE%B7%E5%A4%A7%E5%BB%88_Tung_Tak_Building_%E5%A4%A7%E7%A2%97%E9%A3%AF%E7%9A%87_Big_Bowl_Rice_King_Food_shop_April_2022_Px3_07.jpg?utm_source=commons.wikimedia.org&utm_campaign=imageinfo&utm_content=original,https://thumb.wikimedia.org/wikipedia/commons/thumb/a/ae/HK_SSP_%E6%B7%B1%E6%B0%B4%E5%9F%97_Sham_Shui_Po_%E5%85%83%E5%B7%9E%E8%A1%97_Un_Chau_Street_%E6%A1%82%E6%9E%97%E8%A1%97_50_Kweilin_Street_%E5%90%8C%E5%BE%B7%E5%A4%A7%E5%BB%88_Tung_Tak_Building_%E5%A4%A7%E7%A2%97%E9%A3%AF%E7%9A%87_Big_Bowl_Rice_King_Food_shop_April_2022_Px3_07.jpg/960px-thumbnail.jpg?utm_source=commons.wikimedia.org&utm_campaign=imageinfo&utm_content=thumbnail,Hung Shing Chiamz RM30216,Own work,CC BY-SA 4.0,https://creativecommons.org/licenses/by-sa/4.0,true,3000,4000,HK SSP zh:深水埗 Sham Shui Po zh:元州街 Un Chau Street zh:桂林街 50 Kweilin Street 同德大廈 Tung Tak Building 大碗飯皇 Big Bowl Rice King Food shop in April 2022 冬瓜豆卜炆火腩 Winter melon tofu braised pork,
Sardines Sweet Potato and Pechay Plate,DINNER,meal/sardines-sweet-potato-and-pechay-plate,seafood,sardines rice Filipino food,1,NEEDS_VISUAL_REVIEW,WIKIMEDIA_COMMONS,File:08769jfCuisine Foods Fruits Philippines Baliuag Bulacanfvf 36.jpg,https://commons.wikimedia.org/wiki/File:08769jfCuisine_Foods_Fruits_Philippines_Baliuag_Bulacanfvf_36.jpg,https://upload.wikimedia.org/wikipedia/commons/5/57/08769jfCuisine_Foods_Fruits_Philippines_Baliuag_Bulacanfvf_36.jpg?utm_source=commons.wikimedia.org&utm_campaign=imageinfo&utm_content=original,https://thumb.wikimedia.org/wikipedia/commons/thumb/5/57/08769jfCuisine_Foods_Fruits_Philippines_Baliuag_Bulacanfvf_36.jpg/960px-08769jfCuisine_Foods_Fruits_Philippines_Baliuag_Bulacanfvf_36.jpg?utm_source=commons.wikimedia.org&utm_campaign=imageinfo&utm_content=thumbnail,Judgefloro,Own work,CC0,http://creativecommons.org/publicdomain/zero/1.0/deed.en,false,4608,3456,"Pandesal Puto Chicken gizzard pastel Adobo chicken feet Sinangag Fried rice in the Philipines Pork dishes in the Philippines Soup and stews in the Philippines photos taken in Barangay Poblacion 14°57'17""N 120°54'2""E Baliuag, Bulacan , Bulacan province (Note: Judge Florentino Floro, the owner, to repeat, Donor Florentino Floro of all these photos hereby donate gratuitously, freely and unconditionally all these photos to and for Wikimedia Commons, exclusively, for public use of the public domain, and again without any condition whatsoever).",
Sardines Sweet Potato and Pechay Plate,DINNER,meal/sardines-sweet-potato-and-pechay-plate,seafood,sardines rice Filipino food,2,NEEDS_VISUAL_REVIEW,WIKIMEDIA_COMMONS,File:08769jfCuisine Foods Fruits Philippines Baliuag Bulacanfvf 49.jpg,https://commons.wikimedia.org/wiki/File:08769jfCuisine_Foods_Fruits_Philippines_Baliuag_Bulacanfvf_49.jpg,https://upload.wikimedia.org/wikipedia/commons/1/1f/08769jfCuisine_Foods_Fruits_Philippines_Baliuag_Bulacanfvf_49.jpg?utm_source=commons.wikimedia.org&utm_campaign=imageinfo&utm_content=original,https://thumb.wikimedia.org/wikipedia/commons/thumb/1/1f/08769jfCuisine_Foods_Fruits_Philippines_Baliuag_Bulacanfvf_49.jpg/960px-08769jfCuisine_Foods_Fruits_Philippines_Baliuag_Bulacanfvf_49.jpg?utm_source=commons.wikimedia.org&utm_campaign=imageinfo&utm_content=thumbnail,Judgefloro,Own work,CC0,http://creativecommons.org/publicdomain/zero/1.0/deed.en,false,4608,3456,"Pandesal Puto Chicken gizzard pastel Adobo chicken feet Sinangag Fried rice in the Philipines Pork dishes in the Philippines Soup and stews in the Philippines photos taken in Barangay Poblacion 14°57'17""N 120°54'2""E Baliuag, Bulacan , Bulacan province (Note: Judge Florentino Floro, the owner, to repeat, Donor Florentino Floro of all these photos hereby donate gratuitously, freely and unconditionally all these photos to and for Wikimedia Commons, exclusively, for public use of the public domain, and again without any condition whatsoever).",
Sardines Sweet Potato and Pechay Plate,DINNER,meal/sardines-sweet-potato-and-pechay-plate,seafood,sardines rice Filipino food,3,NEEDS_VISUAL_REVIEW,WIKIMEDIA_COMMONS,File:08769jfCuisine Foods Fruits Philippines Baliuag Bulacanfvf 38.jpg,https://commons.wikimedia.org/wiki/File:08769jfCuisine_Foods_Fruits_Philippines_Baliuag_Bulacanfvf_38.jpg,https://upload.wikimedia.org/wikipedia/commons/6/67/08769jfCuisine_Foods_Fruits_Philippines_Baliuag_Bulacanfvf_38.jpg?utm_source=commons.wikimedia.org&utm_campaign=imageinfo&utm_content=original,https://thumb.wikimedia.org/wikipedia/commons/thumb/6/67/08769jfCuisine_Foods_Fruits_Philippines_Baliuag_Bulacanfvf_38.jpg/960px-08769jfCuisine_Foods_Fruits_Philippines_Baliuag_Bulacanfvf_38.jpg?utm_source=commons.wikimedia.org&utm_campaign=imageinfo&utm_content=thumbnail,Judgefloro,Own work,CC0,http://creativecommons.org/publicdomain/zero/1.0/deed.en,false,4608,3456,"Pandesal Puto Chicken gizzard pastel Adobo chicken feet Sinangag Fried rice in the Philipines Pork dishes in the Philippines Soup and stews in the Philippines photos taken in Barangay Poblacion 14°57'17""N 120°54'2""E Baliuag, Bulacan , Bulacan province (Note: Judge Florentino Floro, the owner, to repeat, Donor Florentino Floro of all these photos hereby donate gratuitously, freely and unconditionally all these photos to and for Wikimedia Commons, exclusively, for public use of the public domain, and again without any condition whatsoever).",
Chicken Corn Tomato Rice Bowl,DINNER,meal/chicken-corn-tomato-rice-bowl,poultry-and-egg,chicken rice bowl food,1,NEEDS_VISUAL_REVIEW,WIKIMEDIA_COMMONS,File:Teriyaki Chicken Rice Bowl from Botejyu (2024-12-21).jpg,https://commons.wikimedia.org/wiki/File:Teriyaki_Chicken_Rice_Bowl_from_Botejyu_(2024-12-21).jpg,https://upload.wikimedia.org/wikipedia/commons/5/5d/Teriyaki_Chicken_Rice_Bowl_from_Botejyu_%282024-12-21%29.jpg?utm_source=commons.wikimedia.org&utm_campaign=imageinfo&utm_content=original,https://thumb.wikimedia.org/wikipedia/commons/thumb/5/5d/Teriyaki_Chicken_Rice_Bowl_from_Botejyu_%282024-12-21%29.jpg/960px-Teriyaki_Chicken_Rice_Bowl_from_Botejyu_%282024-12-21%29.jpg?utm_source=commons.wikimedia.org&utm_campaign=imageinfo&utm_content=thumbnail,Wide Awake!,Own work,CC BY 4.0,https://creativecommons.org/licenses/by/4.0,true,4080,3072,Teriyaki Chicken Rice Bowl from Botejyu.,
Chicken Corn Tomato Rice Bowl,DINNER,meal/chicken-corn-tomato-rice-bowl,poultry-and-egg,chicken rice bowl food,2,NEEDS_VISUAL_REVIEW,WIKIMEDIA_COMMONS,File:Poulet Yassa Chicken rice with onion sauce.jpg,https://commons.wikimedia.org/wiki/File:Poulet_Yassa_Chicken_rice_with_onion_sauce.jpg,https://upload.wikimedia.org/wikipedia/commons/4/45/Poulet_Yassa_Chicken_rice_with_onion_sauce.jpg?utm_source=commons.wikimedia.org&utm_campaign=imageinfo&utm_content=original,https://upload.wikimedia.org/wikipedia/commons/4/45/Poulet_Yassa_Chicken_rice_with_onion_sauce.jpg?utm_source=commons.wikimedia.org&utm_campaign=imageinfo&utm_content=thumbnail_unscaled,T.K. Naliaka,Own work,CC BY-SA 4.0,https://creativecommons.org/licenses/by-sa/4.0,true,697,679,"A chicken and rice dish with a distinctive onion sauce. Traditionally eaten from a communal platter, with the onion sauce spooned on top of the rice just before eating. Many variations.",
Chicken Corn Tomato Rice Bowl,DINNER,meal/chicken-corn-tomato-rice-bowl,poultry-and-egg,chicken rice bowl food,3,NEEDS_VISUAL_REVIEW,WIKIMEDIA_COMMONS,File:Chicken Rice Bowl.jpg,https://commons.wikimedia.org/wiki/File:Chicken_Rice_Bowl.jpg,https://upload.wikimedia.org/wikipedia/commons/6/69/Chicken_Rice_Bowl.jpg?utm_source=commons.wikimedia.org&utm_campaign=imageinfo&utm_content=original,https://thumb.wikimedia.org/wikipedia/commons/thumb/6/69/Chicken_Rice_Bowl.jpg/960px-Chicken_Rice_Bowl.jpg?utm_source=commons.wikimedia.org&utm_campaign=imageinfo&utm_content=thumbnail,JaswanthKS,Own work,CC BY-SA 4.0,https://creativecommons.org/licenses/by-sa/4.0,true,2268,4032,Chicken rice bowl I tried it for the first time and it was just awesome. Well cooked rice and chicken,
Tofu Sweet Potato Pechay Plate,DINNER,meal/tofu-sweet-potato-pechay-plate,plant-based,tofu rice bowl food,1,NEEDS_VISUAL_REVIEW,WIKIMEDIA_COMMONS,File:Salt & Pepper Tofu Rice Bowl - Tiger Bites Pig 2025-11-20.jpg,https://commons.wikimedia.org/wiki/File:Salt_%26_Pepper_Tofu_Rice_Bowl_-_Tiger_Bites_Pig_2025-11-20.jpg,https://upload.wikimedia.org/wikipedia/commons/6/66/Salt_%26_Pepper_Tofu_Rice_Bowl_-_Tiger_Bites_Pig_2025-11-20.jpg?utm_source=commons.wikimedia.org&utm_campaign=imageinfo&utm_content=original,https://thumb.wikimedia.org/wikipedia/commons/thumb/6/66/Salt_%26_Pepper_Tofu_Rice_Bowl_-_Tiger_Bites_Pig_2025-11-20.jpg/960px-Salt_%26_Pepper_Tofu_Rice_Bowl_-_Tiger_Bites_Pig_2025-11-20.jpg?utm_source=commons.wikimedia.org&utm_campaign=imageinfo&utm_content=thumbnail,Andy Li,Own work,CC0,http://creativecommons.org/publicdomain/zero/1.0/deed.en,false,8160,6144,"Description on menu: ""Coated in sweet potato & rice starches, fried & seasoned with red sichuan salt""",
Tofu Sweet Potato Pechay Plate,DINNER,meal/tofu-sweet-potato-pechay-plate,plant-based,tofu rice bowl food,2,NEEDS_VISUAL_REVIEW,WIKIMEDIA_COMMONS,File:House Special Tofu & Mushroom - The Big Bowl 2023-10-25.jpg,https://commons.wikimedia.org/wiki/File:House_Special_Tofu_%26_Mushroom_-_The_Big_Bowl_2023-10-25.jpg,https://upload.wikimedia.org/wikipedia/commons/9/94/House_Special_Tofu_%26_Mushroom_-_The_Big_Bowl_2023-10-25.jpg?utm_source=commons.wikimedia.org&utm_campaign=imageinfo&utm_content=original,https://thumb.wikimedia.org/wikipedia/commons/thumb/9/94/House_Special_Tofu_%26_Mushroom_-_The_Big_Bowl_2023-10-25.jpg/960px-House_Special_Tofu_%26_Mushroom_-_The_Big_Bowl_2023-10-25.jpg?utm_source=commons.wikimedia.org&utm_campaign=imageinfo&utm_content=thumbnail,Andy Li,Own work,CC0,http://creativecommons.org/publicdomain/zero/1.0/deed.en,false,4032,3024,"Description on menu: House Specials - ""Round rice noodles in a lemongrass soup with a 'Hue-Style' hot & spicy beef broth.""",
Tofu Sweet Potato Pechay Plate,DINNER,meal/tofu-sweet-potato-pechay-plate,plant-based,tofu rice bowl food,3,NEEDS_VISUAL_REVIEW,WIKIMEDIA_COMMONS,File:HK SSP 深水埗 Sham Shui Po 元州街 Un Chau Street 桂林街 50 Kweilin Street 同德大廈 Tung Tak Building 大碗飯皇 Big Bowl Rice King Food shop April 2022 Px3 07.jpg,https://commons.wikimedia.org/wiki/File:HK_SSP_%E6%B7%B1%E6%B0%B4%E5%9F%97_Sham_Shui_Po_%E5%85%83%E5%B7%9E%E8%A1%97_Un_Chau_Street_%E6%A1%82%E6%9E%97%E8%A1%97_50_Kweilin_Street_%E5%90%8C%E5%BE%B7%E5%A4%A7%E5%BB%88_Tung_Tak_Building_%E5%A4%A7%E7%A2%97%E9%A3%AF%E7%9A%87_Big_Bowl_Rice_King_Food_shop_April_2022_Px3_07.jpg,https://upload.wikimedia.org/wikipedia/commons/a/ae/HK_SSP_%E6%B7%B1%E6%B0%B4%E5%9F%97_Sham_Shui_Po_%E5%85%83%E5%B7%9E%E8%A1%97_Un_Chau_Street_%E6%A1%82%E6%9E%97%E8%A1%97_50_Kweilin_Street_%E5%90%8C%E5%BE%B7%E5%A4%A7%E5%BB%88_Tung_Tak_Building_%E5%A4%A7%E7%A2%97%E9%A3%AF%E7%9A%87_Big_Bowl_Rice_King_Food_shop_April_2022_Px3_07.jpg?utm_source=commons.wikimedia.org&utm_campaign=imageinfo&utm_content=original,https://thumb.wikimedia.org/wikipedia/commons/thumb/a/ae/HK_SSP_%E6%B7%B1%E6%B0%B4%E5%9F%97_Sham_Shui_Po_%E5%85%83%E5%B7%9E%E8%A1%97_Un_Chau_Street_%E6%A1%82%E6%9E%97%E8%A1%97_50_Kweilin_Street_%E5%90%8C%E5%BE%B7%E5%A4%A7%E5%BB%88_Tung_Tak_Building_%E5%A4%A7%E7%A2%97%E9%A3%AF%E7%9A%87_Big_Bowl_Rice_King_Food_shop_April_2022_Px3_07.jpg/960px-thumbnail.jpg?utm_source=commons.wikimedia.org&utm_campaign=imageinfo&utm_content=thumbnail,Hung Shing Chiamz RM30216,Own work,CC BY-SA 4.0,https://creativecommons.org/licenses/by-sa/4.0,true,3000,4000,HK SSP zh:深水埗 Sham Shui Po zh:元州街 Un Chau Street zh:桂林街 50 Kweilin Street 同德大廈 Tung Tak Building 大碗飯皇 Big Bowl Rice King Food shop in April 2022 冬瓜豆卜炆火腩 Winter melon tofu braised pork,
Munggo Cabbage Tomato Soup Bowl,DINNER,meal/munggo-cabbage-tomato-soup-bowl,plant-based,ginisang munggo Filipino food,1,NEEDS_VISUAL_REVIEW,WIKIMEDIA_COMMONS,File:09927jfCuisine of Bulacan food fruitsfvf 15.jpg,https://commons.wikimedia.org/wiki/File:09927jfCuisine_of_Bulacan_food_fruitsfvf_15.jpg,https://upload.wikimedia.org/wikipedia/commons/c/c4/09927jfCuisine_of_Bulacan_food_fruitsfvf_15.jpg?utm_source=commons.wikimedia.org&utm_campaign=imageinfo&utm_content=original,https://thumb.wikimedia.org/wikipedia/commons/thumb/c/c4/09927jfCuisine_of_Bulacan_food_fruitsfvf_15.jpg/960px-09927jfCuisine_of_Bulacan_food_fruitsfvf_15.jpg?utm_source=commons.wikimedia.org&utm_campaign=imageinfo&utm_content=thumbnail,Judgefloro,Own work,CC0,http://creativecommons.org/publicdomain/zero/1.0/deed.en,false,4608,3456,"Cuisine of Bulacan food fruits Ginisang Munggo, toasted bread Quail eggs Chicken eggs Fried rice (Note: Judge Florentino Floro, the owner, to repeat, Donor Florentino Floro of all these photos hereby donate gratuitously, freely and unconditionally all these photos to and for Wikimedia Commons, exclusively, for public use of the public domain, and again without any condition whatsoever).",
Munggo Cabbage Tomato Soup Bowl,DINNER,meal/munggo-cabbage-tomato-soup-bowl,plant-based,ginisang munggo Filipino food,2,NEEDS_VISUAL_REVIEW,WIKIMEDIA_COMMONS,File:09927jfCuisine of Bulacan food fruitsfvf 18.jpg,https://commons.wikimedia.org/wiki/File:09927jfCuisine_of_Bulacan_food_fruitsfvf_18.jpg,https://upload.wikimedia.org/wikipedia/commons/8/8d/09927jfCuisine_of_Bulacan_food_fruitsfvf_18.jpg?utm_source=commons.wikimedia.org&utm_campaign=imageinfo&utm_content=original,https://thumb.wikimedia.org/wikipedia/commons/thumb/8/8d/09927jfCuisine_of_Bulacan_food_fruitsfvf_18.jpg/960px-09927jfCuisine_of_Bulacan_food_fruitsfvf_18.jpg?utm_source=commons.wikimedia.org&utm_campaign=imageinfo&utm_content=thumbnail,Judgefloro,Own work,CC0,http://creativecommons.org/publicdomain/zero/1.0/deed.en,false,4608,3456,"Cuisine of Bulacan food fruits Ginisang Munggo, toasted bread Quail eggs Chicken eggs Fried rice (Note: Judge Florentino Floro, the owner, to repeat, Donor Florentino Floro of all these photos hereby donate gratuitously, freely and unconditionally all these photos to and for Wikimedia Commons, exclusively, for public use of the public domain, and again without any condition whatsoever).",
Munggo Cabbage Tomato Soup Bowl,DINNER,meal/munggo-cabbage-tomato-soup-bowl,plant-based,ginisang munggo Filipino food,3,NEEDS_VISUAL_REVIEW,WIKIMEDIA_COMMONS,File:09927jfCuisine of Bulacan food fruitsfvf 09.jpg,https://commons.wikimedia.org/wiki/File:09927jfCuisine_of_Bulacan_food_fruitsfvf_09.jpg,https://upload.wikimedia.org/wikipedia/commons/f/f6/09927jfCuisine_of_Bulacan_food_fruitsfvf_09.jpg?utm_source=commons.wikimedia.org&utm_campaign=imageinfo&utm_content=original,https://thumb.wikimedia.org/wikipedia/commons/thumb/f/f6/09927jfCuisine_of_Bulacan_food_fruitsfvf_09.jpg/960px-09927jfCuisine_of_Bulacan_food_fruitsfvf_09.jpg?utm_source=commons.wikimedia.org&utm_campaign=imageinfo&utm_content=thumbnail,Judgefloro,Own work,CC0,http://creativecommons.org/publicdomain/zero/1.0/deed.en,false,4608,3456,"Cuisine of Bulacan food fruits Ginisang Munggo, toasted bread Quail eggs Chicken eggs Fried rice (Note: Judge Florentino Floro, the owner, to repeat, Donor Florentino Floro of all these photos hereby donate gratuitously, freely and unconditionally all these photos to and for Wikimedia Commons, exclusively, for public use of the public domain, and again without any condition whatsoever).",
Munggo Cabbage Tomato Soup Bowl,DINNER,meal/munggo-cabbage-tomato-soup-bowl,plant-based,ginisang munggo Filipino food,4,NEEDS_VISUAL_REVIEW,WIKIMEDIA_COMMONS,File:09927jfCuisine of Bulacan food fruitsfvf 08.jpg,https://commons.wikimedia.org/wiki/File:09927jfCuisine_of_Bulacan_food_fruitsfvf_08.jpg,https://upload.wikimedia.org/wikipedia/commons/a/af/09927jfCuisine_of_Bulacan_food_fruitsfvf_08.jpg?utm_source=commons.wikimedia.org&utm_campaign=imageinfo&utm_content=original,https://thumb.wikimedia.org/wikipedia/commons/thumb/a/af/09927jfCuisine_of_Bulacan_food_fruitsfvf_08.jpg/960px-09927jfCuisine_of_Bulacan_food_fruitsfvf_08.jpg?utm_source=commons.wikimedia.org&utm_campaign=imageinfo&utm_content=thumbnail,Judgefloro,Own work,CC0,http://creativecommons.org/publicdomain/zero/1.0/deed.en,false,4608,3456,"Cuisine of Bulacan food fruits Ginisang Munggo, toasted bread Quail eggs Chicken eggs Fried rice (Note: Judge Florentino Floro, the owner, to repeat, Donor Florentino Floro of all these photos hereby donate gratuitously, freely and unconditionally all these photos to and for Wikimedia Commons, exclusively, for public use of the public domain, and again without any condition whatsoever).",
Corn Tofu Tomato Dinner Bowl,DINNER,meal/corn-tofu-tomato-dinner-bowl,plant-based,tofu rice bowl food,1,NEEDS_VISUAL_REVIEW,WIKIMEDIA_COMMONS,File:Salt & Pepper Tofu Rice Bowl - Tiger Bites Pig 2025-11-20.jpg,https://commons.wikimedia.org/wiki/File:Salt_%26_Pepper_Tofu_Rice_Bowl_-_Tiger_Bites_Pig_2025-11-20.jpg,https://upload.wikimedia.org/wikipedia/commons/6/66/Salt_%26_Pepper_Tofu_Rice_Bowl_-_Tiger_Bites_Pig_2025-11-20.jpg?utm_source=commons.wikimedia.org&utm_campaign=imageinfo&utm_content=original,https://thumb.wikimedia.org/wikipedia/commons/thumb/6/66/Salt_%26_Pepper_Tofu_Rice_Bowl_-_Tiger_Bites_Pig_2025-11-20.jpg/960px-Salt_%26_Pepper_Tofu_Rice_Bowl_-_Tiger_Bites_Pig_2025-11-20.jpg?utm_source=commons.wikimedia.org&utm_campaign=imageinfo&utm_content=thumbnail,Andy Li,Own work,CC0,http://creativecommons.org/publicdomain/zero/1.0/deed.en,false,8160,6144,"Description on menu: ""Coated in sweet potato & rice starches, fried & seasoned with red sichuan salt""",
Corn Tofu Tomato Dinner Bowl,DINNER,meal/corn-tofu-tomato-dinner-bowl,plant-based,tofu rice bowl food,2,NEEDS_VISUAL_REVIEW,WIKIMEDIA_COMMONS,File:House Special Tofu & Mushroom - The Big Bowl 2023-10-25.jpg,https://commons.wikimedia.org/wiki/File:House_Special_Tofu_%26_Mushroom_-_The_Big_Bowl_2023-10-25.jpg,https://upload.wikimedia.org/wikipedia/commons/9/94/House_Special_Tofu_%26_Mushroom_-_The_Big_Bowl_2023-10-25.jpg?utm_source=commons.wikimedia.org&utm_campaign=imageinfo&utm_content=original,https://thumb.wikimedia.org/wikipedia/commons/thumb/9/94/House_Special_Tofu_%26_Mushroom_-_The_Big_Bowl_2023-10-25.jpg/960px-House_Special_Tofu_%26_Mushroom_-_The_Big_Bowl_2023-10-25.jpg?utm_source=commons.wikimedia.org&utm_campaign=imageinfo&utm_content=thumbnail,Andy Li,Own work,CC0,http://creativecommons.org/publicdomain/zero/1.0/deed.en,false,4032,3024,"Description on menu: House Specials - ""Round rice noodles in a lemongrass soup with a 'Hue-Style' hot & spicy beef broth.""",
Corn Tofu Tomato Dinner Bowl,DINNER,meal/corn-tofu-tomato-dinner-bowl,plant-based,tofu rice bowl food,3,NEEDS_VISUAL_REVIEW,WIKIMEDIA_COMMONS,File:HK SSP 深水埗 Sham Shui Po 元州街 Un Chau Street 桂林街 50 Kweilin Street 同德大廈 Tung Tak Building 大碗飯皇 Big Bowl Rice King Food shop April 2022 Px3 07.jpg,https://commons.wikimedia.org/wiki/File:HK_SSP_%E6%B7%B1%E6%B0%B4%E5%9F%97_Sham_Shui_Po_%E5%85%83%E5%B7%9E%E8%A1%97_Un_Chau_Street_%E6%A1%82%E6%9E%97%E8%A1%97_50_Kweilin_Street_%E5%90%8C%E5%BE%B7%E5%A4%A7%E5%BB%88_Tung_Tak_Building_%E5%A4%A7%E7%A2%97%E9%A3%AF%E7%9A%87_Big_Bowl_Rice_King_Food_shop_April_2022_Px3_07.jpg,https://upload.wikimedia.org/wikipedia/commons/a/ae/HK_SSP_%E6%B7%B1%E6%B0%B4%E5%9F%97_Sham_Shui_Po_%E5%85%83%E5%B7%9E%E8%A1%97_Un_Chau_Street_%E6%A1%82%E6%9E%97%E8%A1%97_50_Kweilin_Street_%E5%90%8C%E5%BE%B7%E5%A4%A7%E5%BB%88_Tung_Tak_Building_%E5%A4%A7%E7%A2%97%E9%A3%AF%E7%9A%87_Big_Bowl_Rice_King_Food_shop_April_2022_Px3_07.jpg?utm_source=commons.wikimedia.org&utm_campaign=imageinfo&utm_content=original,https://thumb.wikimedia.org/wikipedia/commons/thumb/a/ae/HK_SSP_%E6%B7%B1%E6%B0%B4%E5%9F%97_Sham_Shui_Po_%E5%85%83%E5%B7%9E%E8%A1%97_Un_Chau_Street_%E6%A1%82%E6%9E%97%E8%A1%97_50_Kweilin_Street_%E5%90%8C%E5%BE%B7%E5%A4%A7%E5%BB%88_Tung_Tak_Building_%E5%A4%A7%E7%A2%97%E9%A3%AF%E7%9A%87_Big_Bowl_Rice_King_Food_shop_April_2022_Px3_07.jpg/960px-thumbnail.jpg?utm_source=commons.wikimedia.org&utm_campaign=imageinfo&utm_content=thumbnail,Hung Shing Chiamz RM30216,Own work,CC BY-SA 4.0,https://creativecommons.org/licenses/by-sa/4.0,true,3000,4000,HK SSP zh:深水埗 Sham Shui Po zh:元州街 Un Chau Street zh:桂林街 50 Kweilin Street 同德大廈 Tung Tak Building 大碗飯皇 Big Bowl Rice King Food shop in April 2022 冬瓜豆卜炆火腩 Winter melon tofu braised pork,
Egg Potato Cabbage Dinner Plate,DINNER,meal/egg-potato-cabbage-dinner-plate,poultry-and-egg,egg rice Filipino food,1,NEEDS_VISUAL_REVIEW,WIKIMEDIA_COMMONS,File:Fried rice with egg (03-10-2021).jpg,https://commons.wikimedia.org/wiki/File:Fried_rice_with_egg_(03-10-2021).jpg,https://upload.wikimedia.org/wikipedia/commons/5/59/Fried_rice_with_egg_%2803-10-2021%29.jpg?utm_source=commons.wikimedia.org&utm_campaign=imageinfo&utm_content=original,https://thumb.wikimedia.org/wikipedia/commons/thumb/5/59/Fried_rice_with_egg_%2803-10-2021%29.jpg/960px-Fried_rice_with_egg_%2803-10-2021%29.jpg?utm_source=commons.wikimedia.org&utm_campaign=imageinfo&utm_content=thumbnail,PaulGorduiz106,Own work,CC BY-SA 4.0,https://creativecommons.org/licenses/by-sa/4.0,true,4608,3072,Fried rice with egg,
Egg Potato Cabbage Dinner Plate,DINNER,meal/egg-potato-cabbage-dinner-plate,poultry-and-egg,egg rice Filipino food,2,NEEDS_VISUAL_REVIEW,WIKIMEDIA_COMMONS,File:Chicken and egg fried rice.jpg,https://commons.wikimedia.org/wiki/File:Chicken_and_egg_fried_rice.jpg,https://upload.wikimedia.org/wikipedia/commons/c/cd/Chicken_and_egg_fried_rice.jpg?utm_source=commons.wikimedia.org&utm_campaign=imageinfo&utm_content=original,https://thumb.wikimedia.org/wikipedia/commons/thumb/c/cd/Chicken_and_egg_fried_rice.jpg/960px-Chicken_and_egg_fried_rice.jpg?utm_source=commons.wikimedia.org&utm_campaign=imageinfo&utm_content=thumbnail,abhinaya,Own work,CC BY-SA 4.0,https://creativecommons.org/licenses/by-sa/4.0,true,3264,2448,simple and long lasting taste.healthy and perfect for date.!!,
Egg Potato Cabbage Dinner Plate,DINNER,meal/egg-potato-cabbage-dinner-plate,poultry-and-egg,egg rice Filipino food,3,NEEDS_VISUAL_REVIEW,WIKIMEDIA_COMMONS,"File:A bilao of salted egg, seafood, porkchop and fried rice.jpg","https://commons.wikimedia.org/wiki/File:A_bilao_of_salted_egg,_seafood,_porkchop_and_fried_rice.jpg",https://upload.wikimedia.org/wikipedia/commons/1/13/A_bilao_of_salted_egg%2C_seafood%2C_porkchop_and_fried_rice.jpg?utm_source=commons.wikimedia.org&utm_campaign=imageinfo&utm_content=original,https://thumb.wikimedia.org/wikipedia/commons/thumb/1/13/A_bilao_of_salted_egg%2C_seafood%2C_porkchop_and_fried_rice.jpg/960px-A_bilao_of_salted_egg%2C_seafood%2C_porkchop_and_fried_rice.jpg?utm_source=commons.wikimedia.org&utm_campaign=imageinfo&utm_content=thumbnail,Irvin Parco Sto. Tomas,Own work,CC BY-SA 4.0,https://creativecommons.org/licenses/by-sa/4.0,true,2712,1808,"a bilao of salted egg, seafood, porkchop and fried rice",
Egg Potato Cabbage Dinner Plate,DINNER,meal/egg-potato-cabbage-dinner-plate,poultry-and-egg,egg rice Filipino food,4,NEEDS_VISUAL_REVIEW,WIKIMEDIA_COMMONS,File:Boiled egg with rice.jpg,https://commons.wikimedia.org/wiki/File:Boiled_egg_with_rice.jpg,https://upload.wikimedia.org/wikipedia/commons/b/b3/Boiled_egg_with_rice.jpg?utm_source=commons.wikimedia.org&utm_campaign=imageinfo&utm_content=original,https://thumb.wikimedia.org/wikipedia/commons/thumb/b/b3/Boiled_egg_with_rice.jpg/960px-Boiled_egg_with_rice.jpg?utm_source=commons.wikimedia.org&utm_campaign=imageinfo&utm_content=thumbnail,Roderick Suñaz Sumalinog,Own work,CC BY-SA 4.0,https://creativecommons.org/licenses/by-sa/4.0,true,4608,3456,"A boiled egg is a culinary delight created by immersing an egg in boiling water until its white and yolk firm up, resulting in a versatile and nutritious protein-packed treat.",
Tofu Pechay Rice Soup Bowl,DINNER,meal/tofu-pechay-rice-soup-bowl,plant-based,tofu rice bowl food,1,NEEDS_VISUAL_REVIEW,WIKIMEDIA_COMMONS,File:Salt & Pepper Tofu Rice Bowl - Tiger Bites Pig 2025-11-20.jpg,https://commons.wikimedia.org/wiki/File:Salt_%26_Pepper_Tofu_Rice_Bowl_-_Tiger_Bites_Pig_2025-11-20.jpg,https://upload.wikimedia.org/wikipedia/commons/6/66/Salt_%26_Pepper_Tofu_Rice_Bowl_-_Tiger_Bites_Pig_2025-11-20.jpg?utm_source=commons.wikimedia.org&utm_campaign=imageinfo&utm_content=original,https://thumb.wikimedia.org/wikipedia/commons/thumb/6/66/Salt_%26_Pepper_Tofu_Rice_Bowl_-_Tiger_Bites_Pig_2025-11-20.jpg/960px-Salt_%26_Pepper_Tofu_Rice_Bowl_-_Tiger_Bites_Pig_2025-11-20.jpg?utm_source=commons.wikimedia.org&utm_campaign=imageinfo&utm_content=thumbnail,Andy Li,Own work,CC0,http://creativecommons.org/publicdomain/zero/1.0/deed.en,false,8160,6144,"Description on menu: ""Coated in sweet potato & rice starches, fried & seasoned with red sichuan salt""",
Tofu Pechay Rice Soup Bowl,DINNER,meal/tofu-pechay-rice-soup-bowl,plant-based,tofu rice bowl food,2,NEEDS_VISUAL_REVIEW,WIKIMEDIA_COMMONS,File:House Special Tofu & Mushroom - The Big Bowl 2023-10-25.jpg,https://commons.wikimedia.org/wiki/File:House_Special_Tofu_%26_Mushroom_-_The_Big_Bowl_2023-10-25.jpg,https://upload.wikimedia.org/wikipedia/commons/9/94/House_Special_Tofu_%26_Mushroom_-_The_Big_Bowl_2023-10-25.jpg?utm_source=commons.wikimedia.org&utm_campaign=imageinfo&utm_content=original,https://thumb.wikimedia.org/wikipedia/commons/thumb/9/94/House_Special_Tofu_%26_Mushroom_-_The_Big_Bowl_2023-10-25.jpg/960px-House_Special_Tofu_%26_Mushroom_-_The_Big_Bowl_2023-10-25.jpg?utm_source=commons.wikimedia.org&utm_campaign=imageinfo&utm_content=thumbnail,Andy Li,Own work,CC0,http://creativecommons.org/publicdomain/zero/1.0/deed.en,false,4032,3024,"Description on menu: House Specials - ""Round rice noodles in a lemongrass soup with a 'Hue-Style' hot & spicy beef broth.""",
Tofu Pechay Rice Soup Bowl,DINNER,meal/tofu-pechay-rice-soup-bowl,plant-based,tofu rice bowl food,3,NEEDS_VISUAL_REVIEW,WIKIMEDIA_COMMONS,File:HK SSP 深水埗 Sham Shui Po 元州街 Un Chau Street 桂林街 50 Kweilin Street 同德大廈 Tung Tak Building 大碗飯皇 Big Bowl Rice King Food shop April 2022 Px3 07.jpg,https://commons.wikimedia.org/wiki/File:HK_SSP_%E6%B7%B1%E6%B0%B4%E5%9F%97_Sham_Shui_Po_%E5%85%83%E5%B7%9E%E8%A1%97_Un_Chau_Street_%E6%A1%82%E6%9E%97%E8%A1%97_50_Kweilin_Street_%E5%90%8C%E5%BE%B7%E5%A4%A7%E5%BB%88_Tung_Tak_Building_%E5%A4%A7%E7%A2%97%E9%A3%AF%E7%9A%87_Big_Bowl_Rice_King_Food_shop_April_2022_Px3_07.jpg,https://upload.wikimedia.org/wikipedia/commons/a/ae/HK_SSP_%E6%B7%B1%E6%B0%B4%E5%9F%97_Sham_Shui_Po_%E5%85%83%E5%B7%9E%E8%A1%97_Un_Chau_Street_%E6%A1%82%E6%9E%97%E8%A1%97_50_Kweilin_Street_%E5%90%8C%E5%BE%B7%E5%A4%A7%E5%BB%88_Tung_Tak_Building_%E5%A4%A7%E7%A2%97%E9%A3%AF%E7%9A%87_Big_Bowl_Rice_King_Food_shop_April_2022_Px3_07.jpg?utm_source=commons.wikimedia.org&utm_campaign=imageinfo&utm_content=original,https://thumb.wikimedia.org/wikipedia/commons/thumb/a/ae/HK_SSP_%E6%B7%B1%E6%B0%B4%E5%9F%97_Sham_Shui_Po_%E5%85%83%E5%B7%9E%E8%A1%97_Un_Chau_Street_%E6%A1%82%E6%9E%97%E8%A1%97_50_Kweilin_Street_%E5%90%8C%E5%BE%B7%E5%A4%A7%E5%BB%88_Tung_Tak_Building_%E5%A4%A7%E7%A2%97%E9%A3%AF%E7%9A%87_Big_Bowl_Rice_King_Food_shop_April_2022_Px3_07.jpg/960px-thumbnail.jpg?utm_source=commons.wikimedia.org&utm_campaign=imageinfo&utm_content=thumbnail,Hung Shing Chiamz RM30216,Own work,CC BY-SA 4.0,https://creativecommons.org/licenses/by-sa/4.0,true,3000,4000,HK SSP zh:深水埗 Sham Shui Po zh:元州街 Un Chau Street zh:桂林街 50 Kweilin Street 同德大廈 Tung Tak Building 大碗飯皇 Big Bowl Rice King Food shop in April 2022 冬瓜豆卜炆火腩 Winter melon tofu braised pork,
Tofu Papaya and Sweet Potato Breakfast,BREAKFAST,meal/tofu-papaya-and-sweet-potato-breakfast,plant-based,tofu rice bowl food,1,NEEDS_VISUAL_REVIEW,WIKIMEDIA_COMMONS,File:Salt & Pepper Tofu Rice Bowl - Tiger Bites Pig 2025-11-20.jpg,https://commons.wikimedia.org/wiki/File:Salt_%26_Pepper_Tofu_Rice_Bowl_-_Tiger_Bites_Pig_2025-11-20.jpg,https://upload.wikimedia.org/wikipedia/commons/6/66/Salt_%26_Pepper_Tofu_Rice_Bowl_-_Tiger_Bites_Pig_2025-11-20.jpg?utm_source=commons.wikimedia.org&utm_campaign=imageinfo&utm_content=original,https://thumb.wikimedia.org/wikipedia/commons/thumb/6/66/Salt_%26_Pepper_Tofu_Rice_Bowl_-_Tiger_Bites_Pig_2025-11-20.jpg/960px-Salt_%26_Pepper_Tofu_Rice_Bowl_-_Tiger_Bites_Pig_2025-11-20.jpg?utm_source=commons.wikimedia.org&utm_campaign=imageinfo&utm_content=thumbnail,Andy Li,Own work,CC0,http://creativecommons.org/publicdomain/zero/1.0/deed.en,false,8160,6144,"Description on menu: ""Coated in sweet potato & rice starches, fried & seasoned with red sichuan salt""",
Tofu Papaya and Sweet Potato Breakfast,BREAKFAST,meal/tofu-papaya-and-sweet-potato-breakfast,plant-based,tofu rice bowl food,2,NEEDS_VISUAL_REVIEW,WIKIMEDIA_COMMONS,File:House Special Tofu & Mushroom - The Big Bowl 2023-10-25.jpg,https://commons.wikimedia.org/wiki/File:House_Special_Tofu_%26_Mushroom_-_The_Big_Bowl_2023-10-25.jpg,https://upload.wikimedia.org/wikipedia/commons/9/94/House_Special_Tofu_%26_Mushroom_-_The_Big_Bowl_2023-10-25.jpg?utm_source=commons.wikimedia.org&utm_campaign=imageinfo&utm_content=original,https://thumb.wikimedia.org/wikipedia/commons/thumb/9/94/House_Special_Tofu_%26_Mushroom_-_The_Big_Bowl_2023-10-25.jpg/960px-House_Special_Tofu_%26_Mushroom_-_The_Big_Bowl_2023-10-25.jpg?utm_source=commons.wikimedia.org&utm_campaign=imageinfo&utm_content=thumbnail,Andy Li,Own work,CC0,http://creativecommons.org/publicdomain/zero/1.0/deed.en,false,4032,3024,"Description on menu: House Specials - ""Round rice noodles in a lemongrass soup with a 'Hue-Style' hot & spicy beef broth.""",
Tofu Papaya and Sweet Potato Breakfast,BREAKFAST,meal/tofu-papaya-and-sweet-potato-breakfast,plant-based,tofu rice bowl food,3,NEEDS_VISUAL_REVIEW,WIKIMEDIA_COMMONS,File:HK SSP 深水埗 Sham Shui Po 元州街 Un Chau Street 桂林街 50 Kweilin Street 同德大廈 Tung Tak Building 大碗飯皇 Big Bowl Rice King Food shop April 2022 Px3 07.jpg,https://commons.wikimedia.org/wiki/File:HK_SSP_%E6%B7%B1%E6%B0%B4%E5%9F%97_Sham_Shui_Po_%E5%85%83%E5%B7%9E%E8%A1%97_Un_Chau_Street_%E6%A1%82%E6%9E%97%E8%A1%97_50_Kweilin_Street_%E5%90%8C%E5%BE%B7%E5%A4%A7%E5%BB%88_Tung_Tak_Building_%E5%A4%A7%E7%A2%97%E9%A3%AF%E7%9A%87_Big_Bowl_Rice_King_Food_shop_April_2022_Px3_07.jpg,https://upload.wikimedia.org/wikipedia/commons/a/ae/HK_SSP_%E6%B7%B1%E6%B0%B4%E5%9F%97_Sham_Shui_Po_%E5%85%83%E5%B7%9E%E8%A1%97_Un_Chau_Street_%E6%A1%82%E6%9E%97%E8%A1%97_50_Kweilin_Street_%E5%90%8C%E5%BE%B7%E5%A4%A7%E5%BB%88_Tung_Tak_Building_%E5%A4%A7%E7%A2%97%E9%A3%AF%E7%9A%87_Big_Bowl_Rice_King_Food_shop_April_2022_Px3_07.jpg?utm_source=commons.wikimedia.org&utm_campaign=imageinfo&utm_content=original,https://thumb.wikimedia.org/wikipedia/commons/thumb/a/ae/HK_SSP_%E6%B7%B1%E6%B0%B4%E5%9F%97_Sham_Shui_Po_%E5%85%83%E5%B7%9E%E8%A1%97_Un_Chau_Street_%E6%A1%82%E6%9E%97%E8%A1%97_50_Kweilin_Street_%E5%90%8C%E5%BE%B7%E5%A4%A7%E5%BB%88_Tung_Tak_Building_%E5%A4%A7%E7%A2%97%E9%A3%AF%E7%9A%87_Big_Bowl_Rice_King_Food_shop_April_2022_Px3_07.jpg/960px-thumbnail.jpg?utm_source=commons.wikimedia.org&utm_campaign=imageinfo&utm_content=thumbnail,Hung Shing Chiamz RM30216,Own work,CC BY-SA 4.0,https://creativecommons.org/licenses/by-sa/4.0,true,3000,4000,HK SSP zh:深水埗 Sham Shui Po zh:元州街 Un Chau Street zh:桂林街 50 Kweilin Street 同德大廈 Tung Tak Building 大碗飯皇 Big Bowl Rice King Food shop in April 2022 冬瓜豆卜炆火腩 Winter melon tofu braised pork,
Munggo Sweet Potato Breakfast Bowl,BREAKFAST,meal/munggo-sweet-potato-breakfast-bowl,plant-based,ginisang munggo Filipino food,1,NEEDS_VISUAL_REVIEW,WIKIMEDIA_COMMONS,File:09927jfCuisine of Bulacan food fruitsfvf 15.jpg,https://commons.wikimedia.org/wiki/File:09927jfCuisine_of_Bulacan_food_fruitsfvf_15.jpg,https://upload.wikimedia.org/wikipedia/commons/c/c4/09927jfCuisine_of_Bulacan_food_fruitsfvf_15.jpg?utm_source=commons.wikimedia.org&utm_campaign=imageinfo&utm_content=original,https://thumb.wikimedia.org/wikipedia/commons/thumb/c/c4/09927jfCuisine_of_Bulacan_food_fruitsfvf_15.jpg/960px-09927jfCuisine_of_Bulacan_food_fruitsfvf_15.jpg?utm_source=commons.wikimedia.org&utm_campaign=imageinfo&utm_content=thumbnail,Judgefloro,Own work,CC0,http://creativecommons.org/publicdomain/zero/1.0/deed.en,false,4608,3456,"Cuisine of Bulacan food fruits Ginisang Munggo, toasted bread Quail eggs Chicken eggs Fried rice (Note: Judge Florentino Floro, the owner, to repeat, Donor Florentino Floro of all these photos hereby donate gratuitously, freely and unconditionally all these photos to and for Wikimedia Commons, exclusively, for public use of the public domain, and again without any condition whatsoever).",
Munggo Sweet Potato Breakfast Bowl,BREAKFAST,meal/munggo-sweet-potato-breakfast-bowl,plant-based,ginisang munggo Filipino food,2,NEEDS_VISUAL_REVIEW,WIKIMEDIA_COMMONS,File:09927jfCuisine of Bulacan food fruitsfvf 18.jpg,https://commons.wikimedia.org/wiki/File:09927jfCuisine_of_Bulacan_food_fruitsfvf_18.jpg,https://upload.wikimedia.org/wikipedia/commons/8/8d/09927jfCuisine_of_Bulacan_food_fruitsfvf_18.jpg?utm_source=commons.wikimedia.org&utm_campaign=imageinfo&utm_content=original,https://thumb.wikimedia.org/wikipedia/commons/thumb/8/8d/09927jfCuisine_of_Bulacan_food_fruitsfvf_18.jpg/960px-09927jfCuisine_of_Bulacan_food_fruitsfvf_18.jpg?utm_source=commons.wikimedia.org&utm_campaign=imageinfo&utm_content=thumbnail,Judgefloro,Own work,CC0,http://creativecommons.org/publicdomain/zero/1.0/deed.en,false,4608,3456,"Cuisine of Bulacan food fruits Ginisang Munggo, toasted bread Quail eggs Chicken eggs Fried rice (Note: Judge Florentino Floro, the owner, to repeat, Donor Florentino Floro of all these photos hereby donate gratuitously, freely and unconditionally all these photos to and for Wikimedia Commons, exclusively, for public use of the public domain, and again without any condition whatsoever).",
Munggo Sweet Potato Breakfast Bowl,BREAKFAST,meal/munggo-sweet-potato-breakfast-bowl,plant-based,ginisang munggo Filipino food,3,NEEDS_VISUAL_REVIEW,WIKIMEDIA_COMMONS,File:09927jfCuisine of Bulacan food fruitsfvf 08.jpg,https://commons.wikimedia.org/wiki/File:09927jfCuisine_of_Bulacan_food_fruitsfvf_08.jpg,https://upload.wikimedia.org/wikipedia/commons/a/af/09927jfCuisine_of_Bulacan_food_fruitsfvf_08.jpg?utm_source=commons.wikimedia.org&utm_campaign=imageinfo&utm_content=original,https://thumb.wikimedia.org/wikipedia/commons/thumb/a/af/09927jfCuisine_of_Bulacan_food_fruitsfvf_08.jpg/960px-09927jfCuisine_of_Bulacan_food_fruitsfvf_08.jpg?utm_source=commons.wikimedia.org&utm_campaign=imageinfo&utm_content=thumbnail,Judgefloro,Own work,CC0,http://creativecommons.org/publicdomain/zero/1.0/deed.en,false,4608,3456,"Cuisine of Bulacan food fruits Ginisang Munggo, toasted bread Quail eggs Chicken eggs Fried rice (Note: Judge Florentino Floro, the owner, to repeat, Donor Florentino Floro of all these photos hereby donate gratuitously, freely and unconditionally all these photos to and for Wikimedia Commons, exclusively, for public use of the public domain, and again without any condition whatsoever).",
Munggo Sweet Potato Breakfast Bowl,BREAKFAST,meal/munggo-sweet-potato-breakfast-bowl,plant-based,ginisang munggo Filipino food,4,NEEDS_VISUAL_REVIEW,WIKIMEDIA_COMMONS,File:09927jfCuisine of Bulacan food fruitsfvf 09.jpg,https://commons.wikimedia.org/wiki/File:09927jfCuisine_of_Bulacan_food_fruitsfvf_09.jpg,https://upload.wikimedia.org/wikipedia/commons/f/f6/09927jfCuisine_of_Bulacan_food_fruitsfvf_09.jpg?utm_source=commons.wikimedia.org&utm_campaign=imageinfo&utm_content=original,https://thumb.wikimedia.org/wikipedia/commons/thumb/f/f6/09927jfCuisine_of_Bulacan_food_fruitsfvf_09.jpg/960px-09927jfCuisine_of_Bulacan_food_fruitsfvf_09.jpg?utm_source=commons.wikimedia.org&utm_campaign=imageinfo&utm_content=thumbnail,Judgefloro,Own work,CC0,http://creativecommons.org/publicdomain/zero/1.0/deed.en,false,4608,3456,"Cuisine of Bulacan food fruits Ginisang Munggo, toasted bread Quail eggs Chicken eggs Fried rice (Note: Judge Florentino Floro, the owner, to repeat, Donor Florentino Floro of all these photos hereby donate gratuitously, freely and unconditionally all these photos to and for Wikimedia Commons, exclusively, for public use of the public domain, and again without any condition whatsoever).",
Tofu Squash Potato Lunch Plate,LUNCH,meal/tofu-squash-potato-lunch-plate,plant-based,tofu rice bowl food,1,NEEDS_VISUAL_REVIEW,WIKIMEDIA_COMMONS,File:Salt & Pepper Tofu Rice Bowl - Tiger Bites Pig 2025-11-20.jpg,https://commons.wikimedia.org/wiki/File:Salt_%26_Pepper_Tofu_Rice_Bowl_-_Tiger_Bites_Pig_2025-11-20.jpg,https://upload.wikimedia.org/wikipedia/commons/6/66/Salt_%26_Pepper_Tofu_Rice_Bowl_-_Tiger_Bites_Pig_2025-11-20.jpg?utm_source=commons.wikimedia.org&utm_campaign=imageinfo&utm_content=original,https://thumb.wikimedia.org/wikipedia/commons/thumb/6/66/Salt_%26_Pepper_Tofu_Rice_Bowl_-_Tiger_Bites_Pig_2025-11-20.jpg/960px-Salt_%26_Pepper_Tofu_Rice_Bowl_-_Tiger_Bites_Pig_2025-11-20.jpg?utm_source=commons.wikimedia.org&utm_campaign=imageinfo&utm_content=thumbnail,Andy Li,Own work,CC0,http://creativecommons.org/publicdomain/zero/1.0/deed.en,false,8160,6144,"Description on menu: ""Coated in sweet potato & rice starches, fried & seasoned with red sichuan salt""",
Tofu Squash Potato Lunch Plate,LUNCH,meal/tofu-squash-potato-lunch-plate,plant-based,tofu rice bowl food,2,NEEDS_VISUAL_REVIEW,WIKIMEDIA_COMMONS,File:House Special Tofu & Mushroom - The Big Bowl 2023-10-25.jpg,https://commons.wikimedia.org/wiki/File:House_Special_Tofu_%26_Mushroom_-_The_Big_Bowl_2023-10-25.jpg,https://upload.wikimedia.org/wikipedia/commons/9/94/House_Special_Tofu_%26_Mushroom_-_The_Big_Bowl_2023-10-25.jpg?utm_source=commons.wikimedia.org&utm_campaign=imageinfo&utm_content=original,https://thumb.wikimedia.org/wikipedia/commons/thumb/9/94/House_Special_Tofu_%26_Mushroom_-_The_Big_Bowl_2023-10-25.jpg/960px-House_Special_Tofu_%26_Mushroom_-_The_Big_Bowl_2023-10-25.jpg?utm_source=commons.wikimedia.org&utm_campaign=imageinfo&utm_content=thumbnail,Andy Li,Own work,CC0,http://creativecommons.org/publicdomain/zero/1.0/deed.en,false,4032,3024,"Description on menu: House Specials - ""Round rice noodles in a lemongrass soup with a 'Hue-Style' hot & spicy beef broth.""",
Tofu Squash Potato Lunch Plate,LUNCH,meal/tofu-squash-potato-lunch-plate,plant-based,tofu rice bowl food,3,NEEDS_VISUAL_REVIEW,WIKIMEDIA_COMMONS,File:HK SSP 深水埗 Sham Shui Po 元州街 Un Chau Street 桂林街 50 Kweilin Street 同德大廈 Tung Tak Building 大碗飯皇 Big Bowl Rice King Food shop April 2022 Px3 07.jpg,https://commons.wikimedia.org/wiki/File:HK_SSP_%E6%B7%B1%E6%B0%B4%E5%9F%97_Sham_Shui_Po_%E5%85%83%E5%B7%9E%E8%A1%97_Un_Chau_Street_%E6%A1%82%E6%9E%97%E8%A1%97_50_Kweilin_Street_%E5%90%8C%E5%BE%B7%E5%A4%A7%E5%BB%88_Tung_Tak_Building_%E5%A4%A7%E7%A2%97%E9%A3%AF%E7%9A%87_Big_Bowl_Rice_King_Food_shop_April_2022_Px3_07.jpg,https://upload.wikimedia.org/wikipedia/commons/a/ae/HK_SSP_%E6%B7%B1%E6%B0%B4%E5%9F%97_Sham_Shui_Po_%E5%85%83%E5%B7%9E%E8%A1%97_Un_Chau_Street_%E6%A1%82%E6%9E%97%E8%A1%97_50_Kweilin_Street_%E5%90%8C%E5%BE%B7%E5%A4%A7%E5%BB%88_Tung_Tak_Building_%E5%A4%A7%E7%A2%97%E9%A3%AF%E7%9A%87_Big_Bowl_Rice_King_Food_shop_April_2022_Px3_07.jpg?utm_source=commons.wikimedia.org&utm_campaign=imageinfo&utm_content=original,https://thumb.wikimedia.org/wikipedia/commons/thumb/a/ae/HK_SSP_%E6%B7%B1%E6%B0%B4%E5%9F%97_Sham_Shui_Po_%E5%85%83%E5%B7%9E%E8%A1%97_Un_Chau_Street_%E6%A1%82%E6%9E%97%E8%A1%97_50_Kweilin_Street_%E5%90%8C%E5%BE%B7%E5%A4%A7%E5%BB%88_Tung_Tak_Building_%E5%A4%A7%E7%A2%97%E9%A3%AF%E7%9A%87_Big_Bowl_Rice_King_Food_shop_April_2022_Px3_07.jpg/960px-thumbnail.jpg?utm_source=commons.wikimedia.org&utm_campaign=imageinfo&utm_content=thumbnail,Hung Shing Chiamz RM30216,Own work,CC BY-SA 4.0,https://creativecommons.org/licenses/by-sa/4.0,true,3000,4000,HK SSP zh:深水埗 Sham Shui Po zh:元州街 Un Chau Street zh:桂林街 50 Kweilin Street 同德大廈 Tung Tak Building 大碗飯皇 Big Bowl Rice King Food shop in April 2022 冬瓜豆卜炆火腩 Winter melon tofu braised pork,
Munggo Pechay Sweet Potato Bowl,LUNCH,meal/munggo-pechay-sweet-potato-bowl,plant-based,ginisang munggo Filipino food,1,NEEDS_VISUAL_REVIEW,WIKIMEDIA_COMMONS,File:09927jfCuisine of Bulacan food fruitsfvf 15.jpg,https://commons.wikimedia.org/wiki/File:09927jfCuisine_of_Bulacan_food_fruitsfvf_15.jpg,https://upload.wikimedia.org/wikipedia/commons/c/c4/09927jfCuisine_of_Bulacan_food_fruitsfvf_15.jpg?utm_source=commons.wikimedia.org&utm_campaign=imageinfo&utm_content=original,https://thumb.wikimedia.org/wikipedia/commons/thumb/c/c4/09927jfCuisine_of_Bulacan_food_fruitsfvf_15.jpg/960px-09927jfCuisine_of_Bulacan_food_fruitsfvf_15.jpg?utm_source=commons.wikimedia.org&utm_campaign=imageinfo&utm_content=thumbnail,Judgefloro,Own work,CC0,http://creativecommons.org/publicdomain/zero/1.0/deed.en,false,4608,3456,"Cuisine of Bulacan food fruits Ginisang Munggo, toasted bread Quail eggs Chicken eggs Fried rice (Note: Judge Florentino Floro, the owner, to repeat, Donor Florentino Floro of all these photos hereby donate gratuitously, freely and unconditionally all these photos to and for Wikimedia Commons, exclusively, for public use of the public domain, and again without any condition whatsoever).",
Munggo Pechay Sweet Potato Bowl,LUNCH,meal/munggo-pechay-sweet-potato-bowl,plant-based,ginisang munggo Filipino food,2,NEEDS_VISUAL_REVIEW,WIKIMEDIA_COMMONS,File:09927jfCuisine of Bulacan food fruitsfvf 18.jpg,https://commons.wikimedia.org/wiki/File:09927jfCuisine_of_Bulacan_food_fruitsfvf_18.jpg,https://upload.wikimedia.org/wikipedia/commons/8/8d/09927jfCuisine_of_Bulacan_food_fruitsfvf_18.jpg?utm_source=commons.wikimedia.org&utm_campaign=imageinfo&utm_content=original,https://thumb.wikimedia.org/wikipedia/commons/thumb/8/8d/09927jfCuisine_of_Bulacan_food_fruitsfvf_18.jpg/960px-09927jfCuisine_of_Bulacan_food_fruitsfvf_18.jpg?utm_source=commons.wikimedia.org&utm_campaign=imageinfo&utm_content=thumbnail,Judgefloro,Own work,CC0,http://creativecommons.org/publicdomain/zero/1.0/deed.en,false,4608,3456,"Cuisine of Bulacan food fruits Ginisang Munggo, toasted bread Quail eggs Chicken eggs Fried rice (Note: Judge Florentino Floro, the owner, to repeat, Donor Florentino Floro of all these photos hereby donate gratuitously, freely and unconditionally all these photos to and for Wikimedia Commons, exclusively, for public use of the public domain, and again without any condition whatsoever).",
Munggo Pechay Sweet Potato Bowl,LUNCH,meal/munggo-pechay-sweet-potato-bowl,plant-based,ginisang munggo Filipino food,3,NEEDS_VISUAL_REVIEW,WIKIMEDIA_COMMONS,File:09927jfCuisine of Bulacan food fruitsfvf 08.jpg,https://commons.wikimedia.org/wiki/File:09927jfCuisine_of_Bulacan_food_fruitsfvf_08.jpg,https://upload.wikimedia.org/wikipedia/commons/a/af/09927jfCuisine_of_Bulacan_food_fruitsfvf_08.jpg?utm_source=commons.wikimedia.org&utm_campaign=imageinfo&utm_content=original,https://thumb.wikimedia.org/wikipedia/commons/thumb/a/af/09927jfCuisine_of_Bulacan_food_fruitsfvf_08.jpg/960px-09927jfCuisine_of_Bulacan_food_fruitsfvf_08.jpg?utm_source=commons.wikimedia.org&utm_campaign=imageinfo&utm_content=thumbnail,Judgefloro,Own work,CC0,http://creativecommons.org/publicdomain/zero/1.0/deed.en,false,4608,3456,"Cuisine of Bulacan food fruits Ginisang Munggo, toasted bread Quail eggs Chicken eggs Fried rice (Note: Judge Florentino Floro, the owner, to repeat, Donor Florentino Floro of all these photos hereby donate gratuitously, freely and unconditionally all these photos to and for Wikimedia Commons, exclusively, for public use of the public domain, and again without any condition whatsoever).",
Munggo Pechay Sweet Potato Bowl,LUNCH,meal/munggo-pechay-sweet-potato-bowl,plant-based,ginisang munggo Filipino food,4,NEEDS_VISUAL_REVIEW,WIKIMEDIA_COMMONS,File:09927jfCuisine of Bulacan food fruitsfvf 09.jpg,https://commons.wikimedia.org/wiki/File:09927jfCuisine_of_Bulacan_food_fruitsfvf_09.jpg,https://upload.wikimedia.org/wikipedia/commons/f/f6/09927jfCuisine_of_Bulacan_food_fruitsfvf_09.jpg?utm_source=commons.wikimedia.org&utm_campaign=imageinfo&utm_content=original,https://thumb.wikimedia.org/wikipedia/commons/thumb/f/f6/09927jfCuisine_of_Bulacan_food_fruitsfvf_09.jpg/960px-09927jfCuisine_of_Bulacan_food_fruitsfvf_09.jpg?utm_source=commons.wikimedia.org&utm_campaign=imageinfo&utm_content=thumbnail,Judgefloro,Own work,CC0,http://creativecommons.org/publicdomain/zero/1.0/deed.en,false,4608,3456,"Cuisine of Bulacan food fruits Ginisang Munggo, toasted bread Quail eggs Chicken eggs Fried rice (Note: Judge Florentino Floro, the owner, to repeat, Donor Florentino Floro of all these photos hereby donate gratuitously, freely and unconditionally all these photos to and for Wikimedia Commons, exclusively, for public use of the public domain, and again without any condition whatsoever).",
Tofu Kangkong Potato Dinner Bowl,DINNER,meal/tofu-kangkong-potato-dinner-bowl,plant-based,tofu rice bowl food,1,NEEDS_VISUAL_REVIEW,WIKIMEDIA_COMMONS,File:Salt & Pepper Tofu Rice Bowl - Tiger Bites Pig 2025-11-20.jpg,https://commons.wikimedia.org/wiki/File:Salt_%26_Pepper_Tofu_Rice_Bowl_-_Tiger_Bites_Pig_2025-11-20.jpg,https://upload.wikimedia.org/wikipedia/commons/6/66/Salt_%26_Pepper_Tofu_Rice_Bowl_-_Tiger_Bites_Pig_2025-11-20.jpg?utm_source=commons.wikimedia.org&utm_campaign=imageinfo&utm_content=original,https://thumb.wikimedia.org/wikipedia/commons/thumb/6/66/Salt_%26_Pepper_Tofu_Rice_Bowl_-_Tiger_Bites_Pig_2025-11-20.jpg/960px-Salt_%26_Pepper_Tofu_Rice_Bowl_-_Tiger_Bites_Pig_2025-11-20.jpg?utm_source=commons.wikimedia.org&utm_campaign=imageinfo&utm_content=thumbnail,Andy Li,Own work,CC0,http://creativecommons.org/publicdomain/zero/1.0/deed.en,false,8160,6144,"Description on menu: ""Coated in sweet potato & rice starches, fried & seasoned with red sichuan salt""",
Tofu Kangkong Potato Dinner Bowl,DINNER,meal/tofu-kangkong-potato-dinner-bowl,plant-based,tofu rice bowl food,2,NEEDS_VISUAL_REVIEW,WIKIMEDIA_COMMONS,File:House Special Tofu & Mushroom - The Big Bowl 2023-10-25.jpg,https://commons.wikimedia.org/wiki/File:House_Special_Tofu_%26_Mushroom_-_The_Big_Bowl_2023-10-25.jpg,https://upload.wikimedia.org/wikipedia/commons/9/94/House_Special_Tofu_%26_Mushroom_-_The_Big_Bowl_2023-10-25.jpg?utm_source=commons.wikimedia.org&utm_campaign=imageinfo&utm_content=original,https://thumb.wikimedia.org/wikipedia/commons/thumb/9/94/House_Special_Tofu_%26_Mushroom_-_The_Big_Bowl_2023-10-25.jpg/960px-House_Special_Tofu_%26_Mushroom_-_The_Big_Bowl_2023-10-25.jpg?utm_source=commons.wikimedia.org&utm_campaign=imageinfo&utm_content=thumbnail,Andy Li,Own work,CC0,http://creativecommons.org/publicdomain/zero/1.0/deed.en,false,4032,3024,"Description on menu: House Specials - ""Round rice noodles in a lemongrass soup with a 'Hue-Style' hot & spicy beef broth.""",
Tofu Kangkong Potato Dinner Bowl,DINNER,meal/tofu-kangkong-potato-dinner-bowl,plant-based,tofu rice bowl food,3,NEEDS_VISUAL_REVIEW,WIKIMEDIA_COMMONS,File:HK SSP 深水埗 Sham Shui Po 元州街 Un Chau Street 桂林街 50 Kweilin Street 同德大廈 Tung Tak Building 大碗飯皇 Big Bowl Rice King Food shop April 2022 Px3 07.jpg,https://commons.wikimedia.org/wiki/File:HK_SSP_%E6%B7%B1%E6%B0%B4%E5%9F%97_Sham_Shui_Po_%E5%85%83%E5%B7%9E%E8%A1%97_Un_Chau_Street_%E6%A1%82%E6%9E%97%E8%A1%97_50_Kweilin_Street_%E5%90%8C%E5%BE%B7%E5%A4%A7%E5%BB%88_Tung_Tak_Building_%E5%A4%A7%E7%A2%97%E9%A3%AF%E7%9A%87_Big_Bowl_Rice_King_Food_shop_April_2022_Px3_07.jpg,https://upload.wikimedia.org/wikipedia/commons/a/ae/HK_SSP_%E6%B7%B1%E6%B0%B4%E5%9F%97_Sham_Shui_Po_%E5%85%83%E5%B7%9E%E8%A1%97_Un_Chau_Street_%E6%A1%82%E6%9E%97%E8%A1%97_50_Kweilin_Street_%E5%90%8C%E5%BE%B7%E5%A4%A7%E5%BB%88_Tung_Tak_Building_%E5%A4%A7%E7%A2%97%E9%A3%AF%E7%9A%87_Big_Bowl_Rice_King_Food_shop_April_2022_Px3_07.jpg?utm_source=commons.wikimedia.org&utm_campaign=imageinfo&utm_content=original,https://thumb.wikimedia.org/wikipedia/commons/thumb/a/ae/HK_SSP_%E6%B7%B1%E6%B0%B4%E5%9F%97_Sham_Shui_Po_%E5%85%83%E5%B7%9E%E8%A1%97_Un_Chau_Street_%E6%A1%82%E6%9E%97%E8%A1%97_50_Kweilin_Street_%E5%90%8C%E5%BE%B7%E5%A4%A7%E5%BB%88_Tung_Tak_Building_%E5%A4%A7%E7%A2%97%E9%A3%AF%E7%9A%87_Big_Bowl_Rice_King_Food_shop_April_2022_Px3_07.jpg/960px-thumbnail.jpg?utm_source=commons.wikimedia.org&utm_campaign=imageinfo&utm_content=thumbnail,Hung Shing Chiamz RM30216,Own work,CC BY-SA 4.0,https://creativecommons.org/licenses/by-sa/4.0,true,3000,4000,HK SSP zh:深水埗 Sham Shui Po zh:元州街 Un Chau Street zh:桂林街 50 Kweilin Street 同德大廈 Tung Tak Building 大碗飯皇 Big Bowl Rice King Food shop in April 2022 冬瓜豆卜炆火腩 Winter melon tofu braised pork,
Munggo Squash Sweet Potato Dinner Bowl,DINNER,meal/munggo-squash-sweet-potato-dinner-bowl,plant-based,ginisang munggo Filipino food,1,NEEDS_VISUAL_REVIEW,WIKIMEDIA_COMMONS,File:09927jfCuisine of Bulacan food fruitsfvf 15.jpg,https://commons.wikimedia.org/wiki/File:09927jfCuisine_of_Bulacan_food_fruitsfvf_15.jpg,https://upload.wikimedia.org/wikipedia/commons/c/c4/09927jfCuisine_of_Bulacan_food_fruitsfvf_15.jpg?utm_source=commons.wikimedia.org&utm_campaign=imageinfo&utm_content=original,https://thumb.wikimedia.org/wikipedia/commons/thumb/c/c4/09927jfCuisine_of_Bulacan_food_fruitsfvf_15.jpg/960px-09927jfCuisine_of_Bulacan_food_fruitsfvf_15.jpg?utm_source=commons.wikimedia.org&utm_campaign=imageinfo&utm_content=thumbnail,Judgefloro,Own work,CC0,http://creativecommons.org/publicdomain/zero/1.0/deed.en,false,4608,3456,"Cuisine of Bulacan food fruits Ginisang Munggo, toasted bread Quail eggs Chicken eggs Fried rice (Note: Judge Florentino Floro, the owner, to repeat, Donor Florentino Floro of all these photos hereby donate gratuitously, freely and unconditionally all these photos to and for Wikimedia Commons, exclusively, for public use of the public domain, and again without any condition whatsoever).",
Munggo Squash Sweet Potato Dinner Bowl,DINNER,meal/munggo-squash-sweet-potato-dinner-bowl,plant-based,ginisang munggo Filipino food,2,NEEDS_VISUAL_REVIEW,WIKIMEDIA_COMMONS,File:09927jfCuisine of Bulacan food fruitsfvf 18.jpg,https://commons.wikimedia.org/wiki/File:09927jfCuisine_of_Bulacan_food_fruitsfvf_18.jpg,https://upload.wikimedia.org/wikipedia/commons/8/8d/09927jfCuisine_of_Bulacan_food_fruitsfvf_18.jpg?utm_source=commons.wikimedia.org&utm_campaign=imageinfo&utm_content=original,https://thumb.wikimedia.org/wikipedia/commons/thumb/8/8d/09927jfCuisine_of_Bulacan_food_fruitsfvf_18.jpg/960px-09927jfCuisine_of_Bulacan_food_fruitsfvf_18.jpg?utm_source=commons.wikimedia.org&utm_campaign=imageinfo&utm_content=thumbnail,Judgefloro,Own work,CC0,http://creativecommons.org/publicdomain/zero/1.0/deed.en,false,4608,3456,"Cuisine of Bulacan food fruits Ginisang Munggo, toasted bread Quail eggs Chicken eggs Fried rice (Note: Judge Florentino Floro, the owner, to repeat, Donor Florentino Floro of all these photos hereby donate gratuitously, freely and unconditionally all these photos to and for Wikimedia Commons, exclusively, for public use of the public domain, and again without any condition whatsoever).",
Munggo Squash Sweet Potato Dinner Bowl,DINNER,meal/munggo-squash-sweet-potato-dinner-bowl,plant-based,ginisang munggo Filipino food,3,NEEDS_VISUAL_REVIEW,WIKIMEDIA_COMMONS,File:09927jfCuisine of Bulacan food fruitsfvf 08.jpg,https://commons.wikimedia.org/wiki/File:09927jfCuisine_of_Bulacan_food_fruitsfvf_08.jpg,https://upload.wikimedia.org/wikipedia/commons/a/af/09927jfCuisine_of_Bulacan_food_fruitsfvf_08.jpg?utm_source=commons.wikimedia.org&utm_campaign=imageinfo&utm_content=original,https://thumb.wikimedia.org/wikipedia/commons/thumb/a/af/09927jfCuisine_of_Bulacan_food_fruitsfvf_08.jpg/960px-09927jfCuisine_of_Bulacan_food_fruitsfvf_08.jpg?utm_source=commons.wikimedia.org&utm_campaign=imageinfo&utm_content=thumbnail,Judgefloro,Own work,CC0,http://creativecommons.org/publicdomain/zero/1.0/deed.en,false,4608,3456,"Cuisine of Bulacan food fruits Ginisang Munggo, toasted bread Quail eggs Chicken eggs Fried rice (Note: Judge Florentino Floro, the owner, to repeat, Donor Florentino Floro of all these photos hereby donate gratuitously, freely and unconditionally all these photos to and for Wikimedia Commons, exclusively, for public use of the public domain, and again without any condition whatsoever).",
Munggo Squash Sweet Potato Dinner Bowl,DINNER,meal/munggo-squash-sweet-potato-dinner-bowl,plant-based,ginisang munggo Filipino food,4,NEEDS_VISUAL_REVIEW,WIKIMEDIA_COMMONS,File:09927jfCuisine of Bulacan food fruitsfvf 09.jpg,https://commons.wikimedia.org/wiki/File:09927jfCuisine_of_Bulacan_food_fruitsfvf_09.jpg,https://upload.wikimedia.org/wikipedia/commons/f/f6/09927jfCuisine_of_Bulacan_food_fruitsfvf_09.jpg?utm_source=commons.wikimedia.org&utm_campaign=imageinfo&utm_content=original,https://thumb.wikimedia.org/wikipedia/commons/thumb/f/f6/09927jfCuisine_of_Bulacan_food_fruitsfvf_09.jpg/960px-09927jfCuisine_of_Bulacan_food_fruitsfvf_09.jpg?utm_source=commons.wikimedia.org&utm_campaign=imageinfo&utm_content=thumbnail,Judgefloro,Own work,CC0,http://creativecommons.org/publicdomain/zero/1.0/deed.en,false,4608,3456,"Cuisine of Bulacan food fruits Ginisang Munggo, toasted bread Quail eggs Chicken eggs Fried rice (Note: Judge Florentino Floro, the owner, to repeat, Donor Florentino Floro of all these photos hereby donate gratuitously, freely and unconditionally all these photos to and for Wikimedia Commons, exclusively, for public use of the public domain, and again without any condition whatsoever).",
Tokwa Ampalaya Rice Bowl,LUNCH,meal/tokwa-ampalaya-rice-bowl,plant-based,tokwa Filipino tofu food,1,NEEDS_VISUAL_REVIEW,WIKIMEDIA_COMMONS,File:Tokwa at Baboy.jpg,https://commons.wikimedia.org/wiki/File:Tokwa_at_Baboy.jpg,https://upload.wikimedia.org/wikipedia/commons/a/a3/Tokwa_at_Baboy.jpg?utm_source=commons.wikimedia.org&utm_campaign=imageinfo&utm_content=original,https://thumb.wikimedia.org/wikipedia/commons/thumb/a/a3/Tokwa_at_Baboy.jpg/960px-Tokwa_at_Baboy.jpg?utm_source=commons.wikimedia.org&utm_campaign=imageinfo&utm_content=thumbnail,Herbertkikoy,Own work,CC BY-SA 4.0,https://creativecommons.org/licenses/by-sa/4.0,true,2048,1536,Tokwat Baboy is a dish composed of boiled pork (either or both pig's ears and pork belly usually) and fried tofu.,
Tokwa Ampalaya Rice Bowl,LUNCH,meal/tokwa-ampalaya-rice-bowl,plant-based,tokwa Filipino tofu food,2,NEEDS_VISUAL_REVIEW,WIKIMEDIA_COMMONS,"File:2986Ginisang monggo, tokwa, ube, tuna at Mak Kuk-soo 07.jpg","https://commons.wikimedia.org/wiki/File:2986Ginisang_monggo,_tokwa,_ube,_tuna_at_Mak_Kuk-soo_07.jpg",https://upload.wikimedia.org/wikipedia/commons/f/f9/2986Ginisang_monggo%2C_tokwa%2C_ube%2C_tuna_at_Mak_Kuk-soo_07.jpg?utm_source=commons.wikimedia.org&utm_campaign=imageinfo&utm_content=original,https://thumb.wikimedia.org/wikipedia/commons/thumb/f/f9/2986Ginisang_monggo%2C_tokwa%2C_ube%2C_tuna_at_Mak_Kuk-soo_07.jpg/960px-2986Ginisang_monggo%2C_tokwa%2C_ube%2C_tuna_at_Mak_Kuk-soo_07.jpg?utm_source=commons.wikimedia.org&utm_campaign=imageinfo&utm_content=thumbnail,Judgefloro,Own work,CC0,http://creativecommons.org/publicdomain/zero/1.0/deed.en,false,4608,3456,"Ginisang monggo, tokwa, ube, tuna at Mak Kuk-soo Tofu List of tofu dishes Korean noodles Wang Mak Kuk-soo",
Tokwa Ampalaya Rice Bowl,LUNCH,meal/tokwa-ampalaya-rice-bowl,plant-based,tokwa Filipino tofu food,3,NEEDS_VISUAL_REVIEW,WIKIMEDIA_COMMONS,"File:2986Ginisang monggo, tokwa, ube, tuna at Mak Kuk-soo 12.jpg","https://commons.wikimedia.org/wiki/File:2986Ginisang_monggo,_tokwa,_ube,_tuna_at_Mak_Kuk-soo_12.jpg",https://upload.wikimedia.org/wikipedia/commons/4/4b/2986Ginisang_monggo%2C_tokwa%2C_ube%2C_tuna_at_Mak_Kuk-soo_12.jpg?utm_source=commons.wikimedia.org&utm_campaign=imageinfo&utm_content=original,https://thumb.wikimedia.org/wikipedia/commons/thumb/4/4b/2986Ginisang_monggo%2C_tokwa%2C_ube%2C_tuna_at_Mak_Kuk-soo_12.jpg/960px-2986Ginisang_monggo%2C_tokwa%2C_ube%2C_tuna_at_Mak_Kuk-soo_12.jpg?utm_source=commons.wikimedia.org&utm_campaign=imageinfo&utm_content=thumbnail,Judgefloro,Own work,CC0,http://creativecommons.org/publicdomain/zero/1.0/deed.en,false,4608,3456,"Ginisang monggo, tokwa, ube, tuna at Mak Kuk-soo Tofu List of tofu dishes Korean noodles Wang Mak Kuk-soo",
Tokwa Ampalaya Rice Bowl,LUNCH,meal/tokwa-ampalaya-rice-bowl,plant-based,tokwa Filipino tofu food,4,NEEDS_VISUAL_REVIEW,WIKIMEDIA_COMMONS,"File:2986Ginisang monggo, tokwa, ube, tuna at Mak Kuk-soo 03.jpg","https://commons.wikimedia.org/wiki/File:2986Ginisang_monggo,_tokwa,_ube,_tuna_at_Mak_Kuk-soo_03.jpg",https://upload.wikimedia.org/wikipedia/commons/5/53/2986Ginisang_monggo%2C_tokwa%2C_ube%2C_tuna_at_Mak_Kuk-soo_03.jpg?utm_source=commons.wikimedia.org&utm_campaign=imageinfo&utm_content=original,https://thumb.wikimedia.org/wikipedia/commons/thumb/5/53/2986Ginisang_monggo%2C_tokwa%2C_ube%2C_tuna_at_Mak_Kuk-soo_03.jpg/960px-2986Ginisang_monggo%2C_tokwa%2C_ube%2C_tuna_at_Mak_Kuk-soo_03.jpg?utm_source=commons.wikimedia.org&utm_campaign=imageinfo&utm_content=thumbnail,Judgefloro,Own work,CC0,http://creativecommons.org/publicdomain/zero/1.0/deed.en,false,4608,3456,"Ginisang monggo, tokwa, ube, tuna at Mak Kuk-soo Tofu List of tofu dishes Korean noodles Wang Mak Kuk-soo",
Tokwa Sayote and Sitaw Dinner Plate,DINNER,meal/tokwa-sayote-and-sitaw-dinner-plate,plant-based,tokwa Filipino tofu food,1,NEEDS_VISUAL_REVIEW,WIKIMEDIA_COMMONS,File:Tokwa at Baboy.jpg,https://commons.wikimedia.org/wiki/File:Tokwa_at_Baboy.jpg,https://upload.wikimedia.org/wikipedia/commons/a/a3/Tokwa_at_Baboy.jpg?utm_source=commons.wikimedia.org&utm_campaign=imageinfo&utm_content=original,https://thumb.wikimedia.org/wikipedia/commons/thumb/a/a3/Tokwa_at_Baboy.jpg/960px-Tokwa_at_Baboy.jpg?utm_source=commons.wikimedia.org&utm_campaign=imageinfo&utm_content=thumbnail,Herbertkikoy,Own work,CC BY-SA 4.0,https://creativecommons.org/licenses/by-sa/4.0,true,2048,1536,Tokwat Baboy is a dish composed of boiled pork (either or both pig's ears and pork belly usually) and fried tofu.,
Tokwa Sayote and Sitaw Dinner Plate,DINNER,meal/tokwa-sayote-and-sitaw-dinner-plate,plant-based,tokwa Filipino tofu food,2,NEEDS_VISUAL_REVIEW,WIKIMEDIA_COMMONS,"File:2986Ginisang monggo, tokwa, ube, tuna at Mak Kuk-soo 08.jpg","https://commons.wikimedia.org/wiki/File:2986Ginisang_monggo,_tokwa,_ube,_tuna_at_Mak_Kuk-soo_08.jpg",https://upload.wikimedia.org/wikipedia/commons/4/4e/2986Ginisang_monggo%2C_tokwa%2C_ube%2C_tuna_at_Mak_Kuk-soo_08.jpg?utm_source=commons.wikimedia.org&utm_campaign=imageinfo&utm_content=original,https://thumb.wikimedia.org/wikipedia/commons/thumb/4/4e/2986Ginisang_monggo%2C_tokwa%2C_ube%2C_tuna_at_Mak_Kuk-soo_08.jpg/960px-2986Ginisang_monggo%2C_tokwa%2C_ube%2C_tuna_at_Mak_Kuk-soo_08.jpg?utm_source=commons.wikimedia.org&utm_campaign=imageinfo&utm_content=thumbnail,Judgefloro,Own work,CC0,http://creativecommons.org/publicdomain/zero/1.0/deed.en,false,4608,3456,"Ginisang monggo, tokwa, ube, tuna at Mak Kuk-soo Tofu List of tofu dishes Korean noodles Wang Mak Kuk-soo",
Tokwa Sayote and Sitaw Dinner Plate,DINNER,meal/tokwa-sayote-and-sitaw-dinner-plate,plant-based,tokwa Filipino tofu food,3,NEEDS_VISUAL_REVIEW,WIKIMEDIA_COMMONS,"File:2986Ginisang monggo, tokwa, ube, tuna at Mak Kuk-soo 07.jpg","https://commons.wikimedia.org/wiki/File:2986Ginisang_monggo,_tokwa,_ube,_tuna_at_Mak_Kuk-soo_07.jpg",https://upload.wikimedia.org/wikipedia/commons/f/f9/2986Ginisang_monggo%2C_tokwa%2C_ube%2C_tuna_at_Mak_Kuk-soo_07.jpg?utm_source=commons.wikimedia.org&utm_campaign=imageinfo&utm_content=original,https://thumb.wikimedia.org/wikipedia/commons/thumb/f/f9/2986Ginisang_monggo%2C_tokwa%2C_ube%2C_tuna_at_Mak_Kuk-soo_07.jpg/960px-2986Ginisang_monggo%2C_tokwa%2C_ube%2C_tuna_at_Mak_Kuk-soo_07.jpg?utm_source=commons.wikimedia.org&utm_campaign=imageinfo&utm_content=thumbnail,Judgefloro,Own work,CC0,http://creativecommons.org/publicdomain/zero/1.0/deed.en,false,4608,3456,"Ginisang monggo, tokwa, ube, tuna at Mak Kuk-soo Tofu List of tofu dishes Korean noodles Wang Mak Kuk-soo",
Tokwa Sayote and Sitaw Dinner Plate,DINNER,meal/tokwa-sayote-and-sitaw-dinner-plate,plant-based,tokwa Filipino tofu food,4,NEEDS_VISUAL_REVIEW,WIKIMEDIA_COMMONS,"File:2986Ginisang monggo, tokwa, ube, tuna at Mak Kuk-soo 12.jpg","https://commons.wikimedia.org/wiki/File:2986Ginisang_monggo,_tokwa,_ube,_tuna_at_Mak_Kuk-soo_12.jpg",https://upload.wikimedia.org/wikipedia/commons/4/4b/2986Ginisang_monggo%2C_tokwa%2C_ube%2C_tuna_at_Mak_Kuk-soo_12.jpg?utm_source=commons.wikimedia.org&utm_campaign=imageinfo&utm_content=original,https://thumb.wikimedia.org/wikipedia/commons/thumb/4/4b/2986Ginisang_monggo%2C_tokwa%2C_ube%2C_tuna_at_Mak_Kuk-soo_12.jpg/960px-2986Ginisang_monggo%2C_tokwa%2C_ube%2C_tuna_at_Mak_Kuk-soo_12.jpg?utm_source=commons.wikimedia.org&utm_campaign=imageinfo&utm_content=thumbnail,Judgefloro,Own work,CC0,http://creativecommons.org/publicdomain/zero/1.0/deed.en,false,4608,3456,"Ginisang monggo, tokwa, ube, tuna at Mak Kuk-soo Tofu List of tofu dishes Korean noodles Wang Mak Kuk-soo",
